elution_time,intensity
0.000000000000000000e+00,8.000000000000000167e-03
1.670000000000000043e-03,2.000000000000000042e-03
3.330000000000000061e-03,-2.000000000000000042e-03
5.000000000000000104e-03,1.200000000000000025e-02
6.669999999999999714e-03,1.400000000000000029e-02
8.330000000000000598e-03,1.000000000000000021e-03
1.000000000000000021e-02,-1.000000000000000021e-02
1.166999999999999982e-02,1.000000000000000021e-03
1.332999999999999984e-02,0.000000000000000000e+00
1.499999999999999944e-02,-1.600000000000000033e-02
1.667000000000000079e-02,-2.900000000000000147e-02
1.832999999999999907e-02,-2.000000000000000042e-02
2.000000000000000042e-02,-2.199999999999999872e-02
2.166999999999999829e-02,-3.500000000000000333e-02
2.333000000000000004e-02,-3.799999999999999906e-02
2.500000000000000139e-02,-2.299999999999999961e-02
2.666999999999999926e-02,-2.199999999999999872e-02
2.833000000000000101e-02,-3.500000000000000333e-02
2.999999999999999889e-02,-4.499999999999999833e-02
3.166999999999999676e-02,-2.999999999999999889e-02
3.332999999999999852e-02,-2.400000000000000050e-02
3.500000000000000333e-02,-3.400000000000000244e-02
3.667000000000000121e-02,-4.499999999999999833e-02
3.833000000000000296e-02,-2.800000000000000058e-02
4.000000000000000083e-02,-2.199999999999999872e-02
4.166999999999999871e-02,-2.800000000000000058e-02
4.333000000000000046e-02,-3.500000000000000333e-02
4.499999999999999833e-02,-2.199999999999999872e-02
4.667000000000000315e-02,-1.700000000000000122e-02
4.832999999999999796e-02,-2.199999999999999872e-02
5.000000000000000278e-02,-3.099999999999999978e-02
5.167000000000000065e-02,-1.899999999999999953e-02
5.333000000000000240e-02,-1.499999999999999944e-02
5.500000000000000028e-02,-2.599999999999999881e-02
5.666999999999999815e-02,-4.000000000000000083e-02
5.832999999999999990e-02,-3.200000000000000067e-02
5.999999999999999778e-02,-2.599999999999999881e-02
6.167000000000000259e-02,-2.999999999999999889e-02
6.332999999999999741e-02,-3.899999999999999994e-02
6.500000000000000222e-02,-2.699999999999999969e-02
6.666999999999999316e-02,-2.699999999999999969e-02
6.833000000000000185e-02,-3.899999999999999994e-02
7.000000000000000666e-02,-5.600000000000000117e-02
7.166999999999999760e-02,-4.700000000000000011e-02
7.333000000000000629e-02,-3.799999999999999906e-02
7.499999999999999722e-02,-4.200000000000000261e-02
7.667000000000000204e-02,-5.399999999999999939e-02
7.832999999999999685e-02,-4.200000000000000261e-02
8.000000000000000167e-02,-3.200000000000000067e-02
8.167000000000000648e-02,-3.400000000000000244e-02
8.333000000000000129e-02,-4.599999999999999922e-02
8.500000000000000611e-02,-3.400000000000000244e-02
8.666999999999999704e-02,-2.400000000000000050e-02
8.833000000000000573e-02,-2.999999999999999889e-02
8.999999999999999667e-02,-4.499999999999999833e-02
9.167000000000000148e-02,-3.300000000000000155e-02
9.332999999999999630e-02,-2.500000000000000139e-02
9.500000000000000111e-02,-3.099999999999999978e-02
9.667000000000000592e-02,-4.700000000000000011e-02
9.833000000000000074e-02,-3.899999999999999994e-02
1.000000000000000056e-01,-2.999999999999999889e-02
1.016699999999999965e-01,-3.300000000000000155e-02
1.033300000000000052e-01,-4.599999999999999922e-02
1.049999999999999961e-01,-3.400000000000000244e-02
1.066700000000000009e-01,-2.400000000000000050e-02
1.083299999999999957e-01,-2.800000000000000058e-02
1.100000000000000006e-01,-4.000000000000000083e-02
1.116700000000000054e-01,-2.900000000000000147e-02
1.133300000000000002e-01,-1.600000000000000033e-02
1.150000000000000050e-01,-2.100000000000000130e-02
1.166699999999999959e-01,-3.799999999999999906e-02
1.183300000000000046e-01,-2.800000000000000058e-02
1.199999999999999956e-01,-1.099999999999999936e-02
1.216700000000000004e-01,-1.099999999999999936e-02
1.233299999999999952e-01,-2.699999999999999969e-02
1.250000000000000000e-01,-2.100000000000000130e-02
1.266700000000000048e-01,-1.099999999999999936e-02
1.283299999999999996e-01,-1.299999999999999940e-02
1.300000000000000044e-01,-2.500000000000000139e-02
1.316700000000000093e-01,-2.000000000000000042e-02
1.333300000000000041e-01,-8.000000000000000167e-03
1.350000000000000089e-01,-1.400000000000000029e-02
1.366700000000000137e-01,-2.699999999999999969e-02
1.383300000000000085e-01,-2.000000000000000042e-02
1.400000000000000133e-01,-1.000000000000000021e-02
1.416699999999999904e-01,-1.200000000000000025e-02
1.433300000000000129e-01,-2.400000000000000050e-02
1.449999999999999900e-01,-2.000000000000000042e-02
1.466699999999999948e-01,-7.000000000000000146e-03
1.483299999999999896e-01,-6.000000000000000125e-03
1.499999999999999944e-01,-1.899999999999999953e-02
1.516699999999999993e-01,-1.799999999999999864e-02
1.533299999999999941e-01,-3.000000000000000062e-03
1.549999999999999989e-01,-4.000000000000000083e-03
1.566700000000000037e-01,-1.700000000000000122e-02
1.583299999999999985e-01,-1.600000000000000033e-02
1.600000000000000033e-01,-3.000000000000000062e-03
1.616700000000000081e-01,-3.000000000000000062e-03
1.633300000000000030e-01,-1.499999999999999944e-02
1.650000000000000078e-01,-1.299999999999999940e-02
1.666700000000000126e-01,-2.000000000000000042e-03
1.683300000000000074e-01,-4.000000000000000083e-03
1.700000000000000122e-01,-1.700000000000000122e-02
1.716699999999999893e-01,-1.899999999999999953e-02
1.733300000000000118e-01,-5.000000000000000104e-03
1.749999999999999889e-01,-4.000000000000000083e-03
1.766699999999999937e-01,-1.600000000000000033e-02
1.783299999999999885e-01,-2.000000000000000042e-02
1.799999999999999933e-01,-6.000000000000000125e-03
1.816699999999999982e-01,-4.000000000000000083e-03
1.833299999999999930e-01,-1.899999999999999953e-02
1.849999999999999978e-01,-2.299999999999999961e-02
1.866700000000000026e-01,-8.999999999999999320e-03
1.883299999999999974e-01,-6.000000000000000125e-03
1.900000000000000022e-01,-1.400000000000000029e-02
1.916700000000000070e-01,-1.700000000000000122e-02
1.933300000000000018e-01,-2.000000000000000042e-03
1.950000000000000067e-01,0.000000000000000000e+00
1.966700000000000115e-01,-1.000000000000000021e-02
1.983300000000000063e-01,-1.700000000000000122e-02
2.000000000000000111e-01,-4.000000000000000083e-03
2.016699999999999882e-01,-2.000000000000000042e-03
2.033300000000000107e-01,-1.099999999999999936e-02
2.049999999999999878e-01,-2.000000000000000042e-02
2.066699999999999926e-01,-8.000000000000000167e-03
2.083299999999999874e-01,-4.000000000000000083e-03
2.099999999999999922e-01,-1.200000000000000025e-02
2.116699999999999970e-01,-1.099999999999999936e-02
2.133299999999999919e-01,6.000000000000000125e-03
2.149999999999999967e-01,1.000000000000000021e-02
2.166700000000000015e-01,3.000000000000000062e-03
2.183299999999999963e-01,-6.000000000000000125e-03
2.200000000000000011e-01,7.000000000000000146e-03
2.216700000000000059e-01,1.000000000000000021e-02
2.233300000000000007e-01,-2.000000000000000042e-03
2.250000000000000056e-01,-1.000000000000000021e-02
2.266700000000000104e-01,5.000000000000000104e-03
2.283300000000000052e-01,7.000000000000000146e-03
2.300000000000000100e-01,-1.000000000000000021e-03
2.316699999999999871e-01,-5.000000000000000104e-03
2.333300000000000096e-01,8.999999999999999320e-03
2.349999999999999867e-01,8.999999999999999320e-03
2.366699999999999915e-01,-4.000000000000000083e-03
2.383299999999999863e-01,-1.299999999999999940e-02
2.399999999999999911e-01,2.000000000000000042e-03
2.416699999999999959e-01,8.000000000000000167e-03
2.433299999999999907e-01,-2.000000000000000042e-03
2.449999999999999956e-01,-1.299999999999999940e-02
2.466700000000000004e-01,4.000000000000000083e-03
2.483299999999999952e-01,8.999999999999999320e-03
2.500000000000000000e-01,-1.000000000000000021e-03
2.516700000000000048e-01,-1.299999999999999940e-02
2.533299999999999996e-01,0.000000000000000000e+00
2.550000000000000044e-01,5.000000000000000104e-03
2.566700000000000093e-01,-5.000000000000000104e-03
2.583300000000000041e-01,-1.600000000000000033e-02
2.600000000000000089e-01,-3.000000000000000062e-03
2.616700000000000137e-01,5.000000000000000104e-03
2.633300000000000085e-01,-1.000000000000000021e-03
2.650000000000000133e-01,-8.000000000000000167e-03
2.666700000000000181e-01,4.000000000000000083e-03
2.683300000000000129e-01,8.999999999999999320e-03
2.700000000000000178e-01,5.000000000000000104e-03
2.716700000000000226e-01,-4.000000000000000083e-03
2.733300000000000174e-01,1.000000000000000021e-02
2.750000000000000222e-01,1.899999999999999953e-02
2.766700000000000270e-01,1.200000000000000025e-02
2.783300000000000218e-01,0.000000000000000000e+00
2.800000000000000266e-01,1.299999999999999940e-02
2.816699999999999759e-01,1.899999999999999953e-02
2.833300000000000263e-01,6.000000000000000125e-03
2.849999999999999756e-01,-8.999999999999999320e-03
2.866699999999999804e-01,1.000000000000000021e-03
2.883299999999999752e-01,7.000000000000000146e-03
2.899999999999999800e-01,0.000000000000000000e+00
2.916699999999999848e-01,-1.000000000000000021e-02
2.933299999999999796e-01,1.000000000000000021e-03
2.949999999999999845e-01,1.000000000000000021e-02
2.966699999999999893e-01,7.000000000000000146e-03
2.983299999999999841e-01,-2.000000000000000042e-03
2.999999999999999889e-01,1.000000000000000021e-02
3.016699999999999937e-01,2.100000000000000130e-02
3.033299999999999885e-01,1.799999999999999864e-02
3.049999999999999933e-01,4.000000000000000083e-03
3.066699999999999982e-01,1.000000000000000021e-02
3.083299999999999930e-01,2.100000000000000130e-02
3.099999999999999978e-01,1.700000000000000122e-02
3.116700000000000026e-01,4.000000000000000083e-03
3.133299999999999974e-01,1.099999999999999936e-02
3.150000000000000022e-01,2.199999999999999872e-02
3.166700000000000070e-01,1.799999999999999864e-02
3.183300000000000018e-01,4.000000000000000083e-03
3.200000000000000067e-01,8.000000000000000167e-03
3.216700000000000115e-01,1.600000000000000033e-02
3.233300000000000063e-01,1.200000000000000025e-02
3.250000000000000111e-01,2.000000000000000042e-03
3.266700000000000159e-01,8.000000000000000167e-03
3.283300000000000107e-01,2.199999999999999872e-02
3.300000000000000155e-01,1.799999999999999864e-02
3.316700000000000204e-01,2.000000000000000042e-03
3.333300000000000152e-01,7.000000000000000146e-03
3.350000000000000200e-01,1.799999999999999864e-02
3.366700000000000248e-01,1.499999999999999944e-02
3.383300000000000196e-01,5.000000000000000104e-03
3.400000000000000244e-01,1.200000000000000025e-02
3.416699999999999737e-01,2.500000000000000139e-02
3.433300000000000241e-01,2.000000000000000042e-02
3.449999999999999734e-01,6.000000000000000125e-03
3.466699999999999782e-01,8.000000000000000167e-03
3.483299999999999730e-01,1.899999999999999953e-02
3.499999999999999778e-01,1.899999999999999953e-02
3.516699999999999826e-01,4.000000000000000083e-03
3.533299999999999774e-01,8.000000000000000167e-03
3.549999999999999822e-01,2.199999999999999872e-02
3.566699999999999871e-01,2.199999999999999872e-02
3.583299999999999819e-01,1.099999999999999936e-02
3.599999999999999867e-01,1.099999999999999936e-02
3.616699999999999915e-01,2.500000000000000139e-02
3.633299999999999863e-01,2.299999999999999961e-02
3.649999999999999911e-01,7.000000000000000146e-03
3.666699999999999959e-01,6.000000000000000125e-03
3.683299999999999907e-01,1.600000000000000033e-02
3.699999999999999956e-01,1.700000000000000122e-02
3.716700000000000004e-01,4.000000000000000083e-03
3.733299999999999952e-01,4.000000000000000083e-03
3.750000000000000000e-01,1.499999999999999944e-02
3.766700000000000048e-01,1.700000000000000122e-02
3.783299999999999996e-01,8.000000000000000167e-03
3.800000000000000044e-01,8.999999999999999320e-03
3.816700000000000093e-01,2.299999999999999961e-02
3.833300000000000041e-01,2.299999999999999961e-02
3.850000000000000089e-01,8.000000000000000167e-03
3.866700000000000137e-01,4.000000000000000083e-03
3.883300000000000085e-01,1.600000000000000033e-02
3.900000000000000133e-01,1.499999999999999944e-02
3.916700000000000181e-01,-1.000000000000000021e-03
3.933300000000000129e-01,-3.000000000000000062e-03
3.950000000000000178e-01,1.200000000000000025e-02
3.966700000000000226e-01,1.700000000000000122e-02
3.983300000000000174e-01,7.000000000000000146e-03
4.000000000000000222e-01,4.000000000000000083e-03
4.016700000000000270e-01,1.799999999999999864e-02
4.033300000000000218e-01,2.000000000000000042e-02
4.050000000000000266e-01,1.000000000000000021e-02
4.066699999999999759e-01,8.999999999999999320e-03
4.083300000000000263e-01,2.500000000000000139e-02
4.099999999999999756e-01,2.400000000000000050e-02
4.116699999999999804e-01,1.099999999999999936e-02
4.133299999999999752e-01,7.000000000000000146e-03
4.149999999999999800e-01,2.199999999999999872e-02
4.166699999999999848e-01,2.500000000000000139e-02
4.183299999999999796e-01,1.200000000000000025e-02
4.199999999999999845e-01,7.000000000000000146e-03
4.216699999999999893e-01,1.799999999999999864e-02
4.233299999999999841e-01,2.000000000000000042e-02
4.249999999999999889e-01,1.200000000000000025e-02
4.266699999999999937e-01,4.000000000000000083e-03
4.283299999999999885e-01,1.700000000000000122e-02
4.299999999999999933e-01,1.899999999999999953e-02
4.316699999999999982e-01,6.000000000000000125e-03
4.333299999999999930e-01,-2.000000000000000042e-03
4.349999999999999978e-01,1.299999999999999940e-02
4.366700000000000026e-01,1.799999999999999864e-02
4.383299999999999974e-01,8.999999999999999320e-03
4.400000000000000022e-01,4.000000000000000083e-03
4.416700000000000070e-01,1.799999999999999864e-02
4.433300000000000018e-01,2.199999999999999872e-02
4.450000000000000067e-01,1.299999999999999940e-02
4.466700000000000115e-01,5.000000000000000104e-03
4.483300000000000063e-01,1.700000000000000122e-02
4.500000000000000111e-01,2.199999999999999872e-02
4.516700000000000159e-01,1.299999999999999940e-02
4.533300000000000107e-01,4.000000000000000083e-03
4.550000000000000155e-01,1.799999999999999864e-02
4.566700000000000204e-01,2.199999999999999872e-02
4.583300000000000152e-01,1.400000000000000029e-02
4.600000000000000200e-01,7.000000000000000146e-03
4.616700000000000248e-01,1.899999999999999953e-02
4.633300000000000196e-01,2.800000000000000058e-02
4.650000000000000244e-01,1.799999999999999864e-02
4.666699999999999737e-01,5.000000000000000104e-03
4.683300000000000241e-01,1.200000000000000025e-02
4.699999999999999734e-01,1.700000000000000122e-02
4.716699999999999782e-01,6.000000000000000125e-03
4.733299999999999730e-01,2.000000000000000042e-03
4.749999999999999778e-01,1.600000000000000033e-02
4.766699999999999826e-01,2.100000000000000130e-02
4.783299999999999774e-01,1.299999999999999940e-02
4.799999999999999822e-01,2.000000000000000042e-03
4.816699999999999871e-01,8.000000000000000167e-03
4.833299999999999819e-01,1.299999999999999940e-02
4.849999999999999867e-01,6.000000000000000125e-03
4.866699999999999915e-01,-4.000000000000000083e-03
4.883299999999999863e-01,8.999999999999999320e-03
4.899999999999999911e-01,1.899999999999999953e-02
4.916699999999999959e-01,1.000000000000000021e-02
4.933299999999999907e-01,-1.000000000000000021e-03
4.949999999999999956e-01,6.000000000000000125e-03
4.966700000000000004e-01,1.299999999999999940e-02
4.983299999999999952e-01,1.200000000000000025e-02
5.000000000000000000e-01,2.000000000000000042e-03
5.016699999999999493e-01,7.000000000000000146e-03
5.033300000000000551e-01,1.299999999999999940e-02
5.050000000000000044e-01,8.000000000000000167e-03
5.066699999999999537e-01,-4.000000000000000083e-03
5.083299999999999486e-01,3.000000000000000062e-03
5.100000000000000089e-01,1.200000000000000025e-02
5.116699999999999582e-01,8.000000000000000167e-03
5.133299999999999530e-01,-3.000000000000000062e-03
5.150000000000000133e-01,5.000000000000000104e-03
5.166699999999999626e-01,1.200000000000000025e-02
5.183299999999999574e-01,3.000000000000000062e-03
5.200000000000000178e-01,-8.999999999999999320e-03
5.216699999999999671e-01,2.000000000000000042e-03
5.233299999999999619e-01,1.499999999999999944e-02
5.250000000000000222e-01,1.000000000000000021e-02
5.266699999999999715e-01,0.000000000000000000e+00
5.283299999999999663e-01,1.000000000000000021e-02
5.300000000000000266e-01,2.100000000000000130e-02
5.316699999999999759e-01,1.600000000000000033e-02
5.333299999999999708e-01,1.000000000000000021e-03
5.350000000000000311e-01,4.000000000000000083e-03
5.366699999999999804e-01,1.299999999999999940e-02
5.383299999999999752e-01,6.000000000000000125e-03
5.400000000000000355e-01,-3.000000000000000062e-03
5.416699999999999848e-01,5.000000000000000104e-03
5.433299999999999796e-01,1.400000000000000029e-02
5.450000000000000400e-01,1.099999999999999936e-02
5.466699999999999893e-01,0.000000000000000000e+00
5.483299999999999841e-01,5.000000000000000104e-03
5.500000000000000444e-01,1.600000000000000033e-02
5.516699999999999937e-01,1.600000000000000033e-02
5.533299999999999885e-01,3.000000000000000062e-03
5.550000000000000488e-01,8.999999999999999320e-03
5.566699999999999982e-01,1.899999999999999953e-02
5.583299999999999930e-01,1.600000000000000033e-02
5.600000000000000533e-01,1.000000000000000021e-03
5.616700000000000026e-01,4.000000000000000083e-03
5.633299999999999974e-01,1.499999999999999944e-02
5.649999999999999467e-01,1.499999999999999944e-02
5.666700000000000070e-01,2.000000000000000042e-03
5.683300000000000018e-01,8.000000000000000167e-03
5.699999999999999512e-01,2.000000000000000042e-02
5.716700000000000115e-01,1.899999999999999953e-02
5.733300000000000063e-01,7.000000000000000146e-03
5.749999999999999556e-01,1.000000000000000021e-02
5.766700000000000159e-01,2.000000000000000042e-02
5.783300000000000107e-01,2.000000000000000042e-02
5.799999999999999600e-01,8.999999999999999320e-03
5.816700000000000204e-01,1.200000000000000025e-02
5.833300000000000152e-01,2.400000000000000050e-02
5.849999999999999645e-01,2.299999999999999961e-02
5.866700000000000248e-01,1.000000000000000021e-02
5.883300000000000196e-01,1.299999999999999940e-02
5.899999999999999689e-01,2.400000000000000050e-02
5.916700000000000292e-01,2.599999999999999881e-02
5.933300000000000241e-01,1.200000000000000025e-02
5.949999999999999734e-01,1.299999999999999940e-02
5.966700000000000337e-01,2.400000000000000050e-02
5.983300000000000285e-01,2.299999999999999961e-02
5.999999999999999778e-01,8.000000000000000167e-03
6.016700000000000381e-01,8.000000000000000167e-03
6.033300000000000329e-01,1.700000000000000122e-02
6.049999999999999822e-01,2.100000000000000130e-02
6.066700000000000426e-01,8.999999999999999320e-03
6.083300000000000374e-01,6.000000000000000125e-03
6.099999999999999867e-01,1.700000000000000122e-02
6.116700000000000470e-01,1.899999999999999953e-02
6.133300000000000418e-01,8.000000000000000167e-03
6.149999999999999911e-01,8.000000000000000167e-03
6.166700000000000514e-01,2.100000000000000130e-02
6.183300000000000463e-01,2.400000000000000050e-02
6.199999999999999956e-01,1.000000000000000021e-02
6.216699999999999449e-01,4.000000000000000083e-03
6.233300000000000507e-01,1.400000000000000029e-02
6.250000000000000000e-01,1.499999999999999944e-02
6.266699999999999493e-01,1.000000000000000021e-03
6.283300000000000551e-01,-1.000000000000000021e-03
6.300000000000000044e-01,1.299999999999999940e-02
6.316699999999999537e-01,1.799999999999999864e-02
6.333299999999999486e-01,5.000000000000000104e-03
6.350000000000000089e-01,-1.000000000000000021e-03
6.366699999999999582e-01,1.299999999999999940e-02
6.383299999999999530e-01,1.499999999999999944e-02
6.400000000000000133e-01,6.000000000000000125e-03
6.416699999999999626e-01,6.000000000000000125e-03
6.433299999999999574e-01,1.899999999999999953e-02
6.450000000000000178e-01,2.000000000000000042e-02
6.466699999999999671e-01,1.099999999999999936e-02
6.483299999999999619e-01,6.000000000000000125e-03
6.500000000000000222e-01,1.400000000000000029e-02
6.516699999999999715e-01,1.299999999999999940e-02
6.533299999999999663e-01,3.000000000000000062e-03
6.550000000000000266e-01,0.000000000000000000e+00
6.566699999999999759e-01,1.299999999999999940e-02
6.583299999999999708e-01,2.000000000000000042e-02
6.600000000000000311e-01,8.999999999999999320e-03
6.616699999999999804e-01,1.000000000000000021e-03
6.633299999999999752e-01,1.099999999999999936e-02
6.650000000000000355e-01,1.400000000000000029e-02
6.666699999999999848e-01,6.000000000000000125e-03
6.683299999999999796e-01,0.000000000000000000e+00
6.700000000000000400e-01,1.200000000000000025e-02
6.716699999999999893e-01,1.499999999999999944e-02
6.733299999999999841e-01,6.000000000000000125e-03
6.750000000000000444e-01,-3.000000000000000062e-03
6.766699999999999937e-01,1.200000000000000025e-02
6.783299999999999885e-01,1.400000000000000029e-02
6.800000000000000488e-01,6.000000000000000125e-03
6.816699999999999982e-01,-3.000000000000000062e-03
6.833299999999999930e-01,1.099999999999999936e-02
6.850000000000000533e-01,1.799999999999999864e-02
6.866700000000000026e-01,1.000000000000000021e-02
6.883299999999999974e-01,1.000000000000000021e-03
6.899999999999999467e-01,1.400000000000000029e-02
6.916700000000000070e-01,1.899999999999999953e-02
6.933300000000000018e-01,8.999999999999999320e-03
6.949999999999999512e-01,-4.000000000000000083e-03
6.966700000000000115e-01,6.000000000000000125e-03
6.983300000000000063e-01,1.099999999999999936e-02
6.999999999999999556e-01,3.000000000000000062e-03
7.016700000000000159e-01,-8.999999999999999320e-03
7.033300000000000107e-01,4.000000000000000083e-03
7.049999999999999600e-01,8.000000000000000167e-03
7.066700000000000204e-01,3.000000000000000062e-03
7.083300000000000152e-01,-7.000000000000000146e-03
7.099999999999999645e-01,5.000000000000000104e-03
7.116700000000000248e-01,1.099999999999999936e-02
7.133300000000000196e-01,3.000000000000000062e-03
7.149999999999999689e-01,-8.000000000000000167e-03
7.166700000000000292e-01,1.000000000000000021e-03
7.183300000000000241e-01,7.000000000000000146e-03
7.199999999999999734e-01,3.000000000000000062e-03
7.216700000000000337e-01,-8.000000000000000167e-03
7.233300000000000285e-01,3.000000000000000062e-03
7.249999999999999778e-01,1.299999999999999940e-02
7.266700000000000381e-01,8.000000000000000167e-03
7.283300000000000329e-01,-6.000000000000000125e-03
7.299999999999999822e-01,3.000000000000000062e-03
7.316700000000000426e-01,1.000000000000000021e-02
7.333300000000000374e-01,5.000000000000000104e-03
7.349999999999999867e-01,-7.000000000000000146e-03
7.366700000000000470e-01,0.000000000000000000e+00
7.383300000000000418e-01,8.000000000000000167e-03
7.399999999999999911e-01,6.000000000000000125e-03
7.416700000000000514e-01,-7.000000000000000146e-03
7.433300000000000463e-01,5.000000000000000104e-03
7.449999999999999956e-01,1.400000000000000029e-02
7.466699999999999449e-01,1.099999999999999936e-02
7.483300000000000507e-01,-5.000000000000000104e-03
7.500000000000000000e-01,4.000000000000000083e-03
7.516699999999999493e-01,1.099999999999999936e-02
7.533300000000000551e-01,5.000000000000000104e-03
7.550000000000000044e-01,-1.000000000000000021e-02
7.566699999999999537e-01,-1.000000000000000021e-03
7.583299999999999486e-01,8.000000000000000167e-03
7.600000000000000089e-01,2.000000000000000042e-03
7.616699999999999582e-01,-1.400000000000000029e-02
7.633299999999999530e-01,-4.000000000000000083e-03
7.650000000000000133e-01,8.000000000000000167e-03
7.666699999999999626e-01,2.000000000000000042e-03
7.683299999999999574e-01,-1.099999999999999936e-02
7.700000000000000178e-01,-2.000000000000000042e-03
7.716699999999999671e-01,8.999999999999999320e-03
7.733299999999999619e-01,1.000000000000000021e-02
7.750000000000000222e-01,-4.000000000000000083e-03
7.766699999999999715e-01,2.000000000000000042e-03
7.783299999999999663e-01,1.200000000000000025e-02
7.800000000000000266e-01,1.099999999999999936e-02
7.816699999999999759e-01,-3.000000000000000062e-03
7.833299999999999708e-01,2.000000000000000042e-03
7.850000000000000311e-01,1.299999999999999940e-02
7.866699999999999804e-01,1.000000000000000021e-02
7.883299999999999752e-01,-4.000000000000000083e-03
7.900000000000000355e-01,-1.000000000000000021e-03
7.916699999999999848e-01,1.200000000000000025e-02
7.933299999999999796e-01,1.299999999999999940e-02
7.950000000000000400e-01,-2.000000000000000042e-03
7.966699999999999893e-01,2.000000000000000042e-03
7.983299999999999841e-01,1.499999999999999944e-02
8.000000000000000444e-01,1.600000000000000033e-02
8.016699999999999937e-01,0.000000000000000000e+00
8.033299999999999885e-01,4.000000000000000083e-03
8.050000000000000488e-01,1.600000000000000033e-02
8.066699999999999982e-01,1.099999999999999936e-02
8.083299999999999930e-01,-3.000000000000000062e-03
8.100000000000000533e-01,-2.000000000000000042e-03
8.116700000000000026e-01,1.000000000000000021e-02
8.133299999999999974e-01,1.000000000000000021e-02
8.149999999999999467e-01,-1.000000000000000021e-03
8.166700000000000070e-01,0.000000000000000000e+00
8.183300000000000018e-01,1.000000000000000021e-02
8.199999999999999512e-01,8.999999999999999320e-03
8.216700000000000115e-01,-5.000000000000000104e-03
8.233300000000000063e-01,-6.000000000000000125e-03
8.249999999999999556e-01,8.999999999999999320e-03
8.266700000000000159e-01,1.000000000000000021e-02
8.283300000000000107e-01,-2.000000000000000042e-03
8.299999999999999600e-01,-3.000000000000000062e-03
8.316700000000000204e-01,1.099999999999999936e-02
8.333300000000000152e-01,1.299999999999999940e-02
8.349999999999999645e-01,-3.000000000000000062e-03
8.366700000000000248e-01,-8.000000000000000167e-03
8.383300000000000196e-01,7.000000000000000146e-03
8.399999999999999689e-01,1.099999999999999936e-02
8.416700000000000292e-01,-2.000000000000000042e-03
8.433300000000000241e-01,-4.000000000000000083e-03
8.449999999999999734e-01,8.000000000000000167e-03
8.466700000000000337e-01,8.999999999999999320e-03
8.483300000000000285e-01,-2.000000000000000042e-03
8.499999999999999778e-01,-5.000000000000000104e-03
8.516700000000000381e-01,7.000000000000000146e-03
8.533300000000000329e-01,8.999999999999999320e-03
8.549999999999999822e-01,-2.000000000000000042e-03
8.566700000000000426e-01,-1.200000000000000025e-02
8.583300000000000374e-01,0.000000000000000000e+00
8.599999999999999867e-01,5.000000000000000104e-03
8.616700000000000470e-01,-4.000000000000000083e-03
8.633300000000000418e-01,-1.200000000000000025e-02
8.649999999999999911e-01,1.000000000000000021e-03
8.666700000000000514e-01,5.000000000000000104e-03
8.683300000000000463e-01,-4.000000000000000083e-03
8.699999999999999956e-01,-1.499999999999999944e-02
8.716699999999999449e-01,-1.000000000000000021e-03
8.733300000000000507e-01,3.000000000000000062e-03
8.750000000000000000e-01,-3.000000000000000062e-03
8.766699999999999493e-01,-8.000000000000000167e-03
8.783300000000000551e-01,5.000000000000000104e-03
8.800000000000000044e-01,8.999999999999999320e-03
8.816699999999999537e-01,-3.000000000000000062e-03
8.833299999999999486e-01,-1.299999999999999940e-02
8.850000000000000089e-01,-1.000000000000000021e-03
8.866699999999999582e-01,6.000000000000000125e-03
8.883299999999999530e-01,-1.000000000000000021e-03
8.900000000000000133e-01,-1.099999999999999936e-02
8.916699999999999626e-01,2.000000000000000042e-03
8.933299999999999574e-01,5.000000000000000104e-03
8.950000000000000178e-01,-7.000000000000000146e-03
8.966699999999999671e-01,-1.899999999999999953e-02
8.983299999999999619e-01,0.000000000000000000e+00
9.000000000000000222e-01,1.000000000000000021e-02
9.016699999999999715e-01,2.000000000000000042e-03
9.033299999999999663e-01,-8.999999999999999320e-03
9.050000000000000266e-01,2.000000000000000042e-03
9.066699999999999759e-01,6.000000000000000125e-03
9.083299999999999708e-01,1.000000000000000021e-03
9.100000000000000311e-01,-1.200000000000000025e-02
9.116699999999999804e-01,1.000000000000000021e-03
9.133299999999999752e-01,8.999999999999999320e-03
9.150000000000000355e-01,4.000000000000000083e-03
9.166699999999999848e-01,-6.000000000000000125e-03
9.183299999999999796e-01,6.000000000000000125e-03
9.200000000000000400e-01,1.200000000000000025e-02
9.216699999999999893e-01,8.000000000000000167e-03
9.233299999999999841e-01,-4.000000000000000083e-03
9.250000000000000444e-01,6.000000000000000125e-03
9.266699999999999937e-01,1.400000000000000029e-02
9.283299999999999885e-01,1.099999999999999936e-02
9.300000000000000488e-01,-3.000000000000000062e-03
9.316699999999999982e-01,1.099999999999999936e-02
9.333299999999999930e-01,2.100000000000000130e-02
9.350000000000000533e-01,1.700000000000000122e-02
9.366700000000000026e-01,1.000000000000000021e-03
9.383299999999999974e-01,8.999999999999999320e-03
9.399999999999999467e-01,1.400000000000000029e-02
9.416700000000000070e-01,6.000000000000000125e-03
9.433300000000000018e-01,-8.000000000000000167e-03
9.449999999999999512e-01,-1.000000000000000021e-03
9.466700000000000115e-01,1.000000000000000021e-03
9.483300000000000063e-01,-6.000000000000000125e-03
9.499999999999999556e-01,-1.799999999999999864e-02
9.516700000000000159e-01,-3.000000000000000062e-03
9.533300000000000107e-01,8.999999999999999320e-03
9.549999999999999600e-01,5.000000000000000104e-03
9.566700000000000204e-01,-8.999999999999999320e-03
9.583300000000000152e-01,0.000000000000000000e+00
9.599999999999999645e-01,1.099999999999999936e-02
9.616700000000000248e-01,8.000000000000000167e-03
9.633300000000000196e-01,-6.000000000000000125e-03
9.649999999999999689e-01,-1.000000000000000021e-03
9.666700000000000292e-01,1.000000000000000021e-02
9.683300000000000241e-01,3.000000000000000062e-03
9.699999999999999734e-01,-1.000000000000000021e-02
9.716700000000000337e-01,-3.000000000000000062e-03
9.733300000000000285e-01,1.099999999999999936e-02
9.749999999999999778e-01,1.200000000000000025e-02
9.766700000000000381e-01,-5.000000000000000104e-03
9.783300000000000329e-01,1.000000000000000021e-03
9.799999999999999822e-01,1.200000000000000025e-02
9.816700000000000426e-01,7.000000000000000146e-03
9.833300000000000374e-01,-8.000000000000000167e-03
9.849999999999999867e-01,-3.000000000000000062e-03
9.866700000000000470e-01,1.200000000000000025e-02
9.883300000000000418e-01,1.099999999999999936e-02
9.899999999999999911e-01,-4.000000000000000083e-03
9.916700000000000514e-01,-2.000000000000000042e-03
9.933300000000000463e-01,6.000000000000000125e-03
9.949999999999999956e-01,3.000000000000000062e-03
9.966699999999999449e-01,-8.999999999999999320e-03
9.983300000000000507e-01,-3.000000000000000062e-03
1.000000000000000000e+00,1.099999999999999936e-02
1.001670000000000060e+00,1.099999999999999936e-02
1.003330000000000055e+00,-1.000000000000000021e-03
1.004999999999999893e+00,0.000000000000000000e+00
1.006669999999999954e+00,1.200000000000000025e-02
1.008329999999999949e+00,6.000000000000000125e-03
1.010000000000000009e+00,-8.000000000000000167e-03
1.011670000000000069e+00,-6.000000000000000125e-03
1.013330000000000064e+00,8.999999999999999320e-03
1.014999999999999902e+00,8.000000000000000167e-03
1.016669999999999963e+00,-6.000000000000000125e-03
1.018329999999999957e+00,-4.000000000000000083e-03
1.020000000000000018e+00,1.000000000000000021e-02
1.021670000000000078e+00,1.000000000000000021e-02
1.023330000000000073e+00,-2.000000000000000042e-03
1.024999999999999911e+00,-5.000000000000000104e-03
1.026669999999999972e+00,1.099999999999999936e-02
1.028329999999999966e+00,1.299999999999999940e-02
1.030000000000000027e+00,2.000000000000000042e-03
1.031670000000000087e+00,2.000000000000000042e-03
1.033330000000000082e+00,1.700000000000000122e-02
1.034999999999999920e+00,1.700000000000000122e-02
1.036669999999999980e+00,2.000000000000000042e-03
1.038329999999999975e+00,-3.000000000000000062e-03
1.040000000000000036e+00,1.200000000000000025e-02
1.041670000000000096e+00,1.299999999999999940e-02
1.043330000000000091e+00,0.000000000000000000e+00
1.044999999999999929e+00,-4.000000000000000083e-03
1.046669999999999989e+00,1.099999999999999936e-02
1.048329999999999984e+00,8.999999999999999320e-03
1.050000000000000044e+00,-3.000000000000000062e-03
1.051670000000000105e+00,-7.000000000000000146e-03
1.053330000000000100e+00,1.099999999999999936e-02
1.054999999999999938e+00,1.099999999999999936e-02
1.056669999999999998e+00,-1.000000000000000021e-03
1.058329999999999993e+00,-8.000000000000000167e-03
1.060000000000000053e+00,7.000000000000000146e-03
1.061669999999999892e+00,1.000000000000000021e-02
1.063330000000000108e+00,-2.000000000000000042e-03
1.064999999999999947e+00,-8.999999999999999320e-03
1.066670000000000007e+00,3.000000000000000062e-03
1.068330000000000002e+00,6.000000000000000125e-03
1.070000000000000062e+00,-3.000000000000000062e-03
1.071669999999999900e+00,-7.000000000000000146e-03
1.073329999999999895e+00,8.999999999999999320e-03
1.074999999999999956e+00,1.200000000000000025e-02
1.076670000000000016e+00,-2.000000000000000042e-03
1.078330000000000011e+00,-1.000000000000000021e-02
1.080000000000000071e+00,6.000000000000000125e-03
1.081669999999999909e+00,1.000000000000000021e-02
1.083329999999999904e+00,-3.000000000000000062e-03
1.084999999999999964e+00,-1.299999999999999940e-02
1.086670000000000025e+00,0.000000000000000000e+00
1.088330000000000020e+00,4.000000000000000083e-03
1.090000000000000080e+00,-4.000000000000000083e-03
1.091669999999999918e+00,-1.200000000000000025e-02
1.093329999999999913e+00,6.000000000000000125e-03
1.094999999999999973e+00,1.200000000000000025e-02
1.096670000000000034e+00,4.000000000000000083e-03
1.098330000000000028e+00,-7.000000000000000146e-03
1.100000000000000089e+00,5.000000000000000104e-03
1.101669999999999927e+00,1.299999999999999940e-02
1.103329999999999922e+00,6.000000000000000125e-03
1.104999999999999982e+00,-4.000000000000000083e-03
1.106670000000000043e+00,6.000000000000000125e-03
1.108330000000000037e+00,8.999999999999999320e-03
1.110000000000000098e+00,1.000000000000000021e-03
1.111669999999999936e+00,-8.999999999999999320e-03
1.113329999999999931e+00,4.000000000000000083e-03
1.114999999999999991e+00,1.099999999999999936e-02
1.116670000000000051e+00,3.000000000000000062e-03
1.118330000000000046e+00,-8.999999999999999320e-03
1.120000000000000107e+00,4.000000000000000083e-03
1.121669999999999945e+00,8.999999999999999320e-03
1.123329999999999940e+00,0.000000000000000000e+00
1.125000000000000000e+00,-1.200000000000000025e-02
1.126670000000000060e+00,2.000000000000000042e-03
1.128330000000000055e+00,1.400000000000000029e-02
1.129999999999999893e+00,7.000000000000000146e-03
1.131669999999999954e+00,-1.000000000000000021e-03
1.133329999999999949e+00,7.000000000000000146e-03
1.135000000000000009e+00,1.299999999999999940e-02
1.136670000000000069e+00,7.000000000000000146e-03
1.138330000000000064e+00,-8.999999999999999320e-03
1.139999999999999902e+00,1.000000000000000021e-03
1.141669999999999963e+00,1.299999999999999940e-02
1.143329999999999957e+00,7.000000000000000146e-03
1.145000000000000018e+00,-8.999999999999999320e-03
1.146670000000000078e+00,-1.000000000000000021e-03
1.148330000000000073e+00,6.000000000000000125e-03
1.149999999999999911e+00,-2.000000000000000042e-03
1.151669999999999972e+00,-1.200000000000000025e-02
1.153329999999999966e+00,-3.000000000000000062e-03
1.155000000000000027e+00,7.000000000000000146e-03
1.156670000000000087e+00,5.000000000000000104e-03
1.158330000000000082e+00,-8.999999999999999320e-03
1.159999999999999920e+00,-2.000000000000000042e-03
1.161669999999999980e+00,6.000000000000000125e-03
1.163329999999999975e+00,3.000000000000000062e-03
1.165000000000000036e+00,-1.099999999999999936e-02
1.166670000000000096e+00,-8.000000000000000167e-03
1.168330000000000091e+00,5.000000000000000104e-03
1.169999999999999929e+00,2.000000000000000042e-03
1.171669999999999989e+00,-8.999999999999999320e-03
1.173329999999999984e+00,-3.000000000000000062e-03
1.175000000000000044e+00,6.000000000000000125e-03
1.176670000000000105e+00,3.000000000000000062e-03
1.178330000000000100e+00,-6.000000000000000125e-03
1.179999999999999938e+00,2.000000000000000042e-03
1.181669999999999998e+00,1.400000000000000029e-02
1.183329999999999993e+00,1.200000000000000025e-02
1.185000000000000053e+00,-3.000000000000000062e-03
1.186669999999999892e+00,3.000000000000000062e-03
1.188330000000000108e+00,1.400000000000000029e-02
1.189999999999999947e+00,1.200000000000000025e-02
1.191670000000000007e+00,2.000000000000000042e-03
1.193330000000000002e+00,6.000000000000000125e-03
1.195000000000000062e+00,1.700000000000000122e-02
1.196669999999999900e+00,1.200000000000000025e-02
1.198329999999999895e+00,-2.000000000000000042e-03
1.199999999999999956e+00,0.000000000000000000e+00
1.201670000000000016e+00,1.099999999999999936e-02
1.203330000000000011e+00,1.000000000000000021e-02
1.205000000000000071e+00,-3.000000000000000062e-03
1.206669999999999909e+00,-3.000000000000000062e-03
1.208329999999999904e+00,7.000000000000000146e-03
1.209999999999999964e+00,7.000000000000000146e-03
1.211670000000000025e+00,-3.000000000000000062e-03
1.213330000000000020e+00,1.000000000000000021e-03
1.215000000000000080e+00,1.400000000000000029e-02
1.216669999999999918e+00,1.099999999999999936e-02
1.218329999999999913e+00,-1.000000000000000021e-03
1.219999999999999973e+00,1.000000000000000021e-03
1.221670000000000034e+00,1.400000000000000029e-02
1.223330000000000028e+00,1.200000000000000025e-02
1.225000000000000089e+00,0.000000000000000000e+00
1.226669999999999927e+00,3.000000000000000062e-03
1.228329999999999922e+00,1.499999999999999944e-02
1.229999999999999982e+00,1.400000000000000029e-02
1.231670000000000043e+00,0.000000000000000000e+00
1.233330000000000037e+00,0.000000000000000000e+00
1.235000000000000098e+00,1.400000000000000029e-02
1.236669999999999936e+00,1.400000000000000029e-02
1.238329999999999931e+00,0.000000000000000000e+00
1.239999999999999991e+00,-1.000000000000000021e-03
1.241670000000000051e+00,1.099999999999999936e-02
1.243330000000000046e+00,1.299999999999999940e-02
1.245000000000000107e+00,0.000000000000000000e+00
1.246669999999999945e+00,-4.000000000000000083e-03
1.248329999999999940e+00,8.000000000000000167e-03
1.250000000000000000e+00,1.400000000000000029e-02
1.251670000000000060e+00,5.000000000000000104e-03
1.253330000000000055e+00,2.000000000000000042e-03
1.254999999999999893e+00,1.700000000000000122e-02
1.256669999999999954e+00,1.899999999999999953e-02
1.258329999999999949e+00,8.999999999999999320e-03
1.260000000000000009e+00,4.000000000000000083e-03
1.261670000000000069e+00,1.200000000000000025e-02
1.263330000000000064e+00,1.799999999999999864e-02
1.264999999999999902e+00,8.000000000000000167e-03
1.266669999999999963e+00,5.000000000000000104e-03
1.268329999999999957e+00,1.700000000000000122e-02
1.270000000000000018e+00,1.499999999999999944e-02
1.271670000000000078e+00,4.000000000000000083e-03
1.273330000000000073e+00,-2.000000000000000042e-03
1.274999999999999911e+00,8.999999999999999320e-03
1.276669999999999972e+00,1.299999999999999940e-02
1.278329999999999966e+00,5.000000000000000104e-03
1.280000000000000027e+00,-1.000000000000000021e-03
1.281670000000000087e+00,1.600000000000000033e-02
1.283330000000000082e+00,2.100000000000000130e-02
1.284999999999999920e+00,1.000000000000000021e-02
1.286669999999999980e+00,1.000000000000000021e-03
1.288329999999999975e+00,1.299999999999999940e-02
1.290000000000000036e+00,1.700000000000000122e-02
1.291670000000000096e+00,5.000000000000000104e-03
1.293330000000000091e+00,-2.000000000000000042e-03
1.294999999999999929e+00,1.000000000000000021e-02
1.296669999999999989e+00,1.400000000000000029e-02
1.298329999999999984e+00,4.000000000000000083e-03
1.300000000000000044e+00,-5.000000000000000104e-03
1.301670000000000105e+00,3.000000000000000062e-03
1.303330000000000100e+00,5.000000000000000104e-03
1.304999999999999938e+00,-5.000000000000000104e-03
1.306669999999999998e+00,-8.000000000000000167e-03
1.308329999999999993e+00,5.000000000000000104e-03
1.310000000000000053e+00,8.999999999999999320e-03
1.311669999999999892e+00,-2.000000000000000042e-03
1.313330000000000108e+00,-1.299999999999999940e-02
1.314999999999999947e+00,0.000000000000000000e+00
1.316670000000000007e+00,8.000000000000000167e-03
1.318330000000000002e+00,-1.000000000000000021e-03
1.320000000000000062e+00,-1.000000000000000021e-02
1.321669999999999900e+00,-2.000000000000000042e-03
1.323329999999999895e+00,4.000000000000000083e-03
1.324999999999999956e+00,-5.000000000000000104e-03
1.326670000000000016e+00,-1.600000000000000033e-02
1.328330000000000011e+00,-6.000000000000000125e-03
1.330000000000000071e+00,2.000000000000000042e-03
1.331669999999999909e+00,-5.000000000000000104e-03
1.333329999999999904e+00,-1.600000000000000033e-02
1.334999999999999964e+00,-7.000000000000000146e-03
1.336670000000000025e+00,3.000000000000000062e-03
1.338330000000000020e+00,-2.000000000000000042e-03
1.340000000000000080e+00,-1.000000000000000021e-02
1.341669999999999918e+00,0.000000000000000000e+00
1.343329999999999913e+00,7.000000000000000146e-03
1.344999999999999973e+00,1.000000000000000021e-03
1.346670000000000034e+00,-8.000000000000000167e-03
1.348330000000000028e+00,1.000000000000000021e-03
1.350000000000000089e+00,1.099999999999999936e-02
1.351669999999999927e+00,4.000000000000000083e-03
1.353329999999999922e+00,-7.000000000000000146e-03
1.354999999999999982e+00,4.000000000000000083e-03
1.356670000000000043e+00,1.600000000000000033e-02
1.358330000000000037e+00,1.099999999999999936e-02
1.360000000000000098e+00,-2.000000000000000042e-03
1.361669999999999936e+00,6.000000000000000125e-03
1.363329999999999931e+00,1.600000000000000033e-02
1.364999999999999991e+00,1.200000000000000025e-02
1.366670000000000051e+00,-1.000000000000000021e-03
1.368330000000000046e+00,7.000000000000000146e-03
1.370000000000000107e+00,1.499999999999999944e-02
1.371669999999999945e+00,1.099999999999999936e-02
1.373329999999999940e+00,-1.000000000000000021e-03
1.375000000000000000e+00,6.000000000000000125e-03
1.376670000000000060e+00,1.600000000000000033e-02
1.378330000000000055e+00,1.099999999999999936e-02
1.379999999999999893e+00,-2.000000000000000042e-03
1.381669999999999954e+00,2.000000000000000042e-03
1.383329999999999949e+00,1.400000000000000029e-02
1.385000000000000009e+00,1.099999999999999936e-02
1.386670000000000069e+00,-2.000000000000000042e-03
1.388330000000000064e+00,3.000000000000000062e-03
1.389999999999999902e+00,1.400000000000000029e-02
1.391669999999999963e+00,1.299999999999999940e-02
1.393329999999999957e+00,-2.000000000000000042e-03
1.395000000000000018e+00,1.000000000000000021e-03
1.396670000000000078e+00,8.999999999999999320e-03
1.398330000000000073e+00,6.000000000000000125e-03
1.399999999999999911e+00,-7.000000000000000146e-03
1.401669999999999972e+00,-4.000000000000000083e-03
1.403329999999999966e+00,5.000000000000000104e-03
1.405000000000000027e+00,0.000000000000000000e+00
1.406670000000000087e+00,-1.400000000000000029e-02
1.408330000000000082e+00,-8.999999999999999320e-03
1.409999999999999920e+00,-2.000000000000000042e-03
1.411669999999999980e+00,-1.000000000000000021e-03
1.413329999999999975e+00,-1.400000000000000029e-02
1.415000000000000036e+00,-1.099999999999999936e-02
1.416670000000000096e+00,-1.000000000000000021e-03
1.418330000000000091e+00,1.000000000000000021e-03
1.419999999999999929e+00,-8.999999999999999320e-03
1.421669999999999989e+00,-5.000000000000000104e-03
1.423329999999999984e+00,5.000000000000000104e-03
1.425000000000000044e+00,4.000000000000000083e-03
1.426670000000000105e+00,-8.999999999999999320e-03
1.428330000000000100e+00,-3.000000000000000062e-03
1.429999999999999938e+00,8.000000000000000167e-03
1.431669999999999998e+00,8.000000000000000167e-03
1.433329999999999993e+00,-5.000000000000000104e-03
1.435000000000000053e+00,-5.000000000000000104e-03
1.436669999999999892e+00,6.000000000000000125e-03
1.438330000000000108e+00,7.000000000000000146e-03
1.439999999999999947e+00,-4.000000000000000083e-03
1.441670000000000007e+00,-4.000000000000000083e-03
1.443330000000000002e+00,8.000000000000000167e-03
1.445000000000000062e+00,8.000000000000000167e-03
1.446669999999999900e+00,-4.000000000000000083e-03
1.448329999999999895e+00,-1.000000000000000021e-03
1.449999999999999956e+00,6.000000000000000125e-03
1.451670000000000016e+00,7.000000000000000146e-03
1.453330000000000011e+00,-4.000000000000000083e-03
1.455000000000000071e+00,-2.000000000000000042e-03
1.456669999999999909e+00,1.200000000000000025e-02
1.458329999999999904e+00,1.200000000000000025e-02
1.459999999999999964e+00,-2.000000000000000042e-03
1.461670000000000025e+00,1.000000000000000021e-03
1.463330000000000020e+00,1.200000000000000025e-02
1.465000000000000080e+00,1.200000000000000025e-02
1.466669999999999918e+00,-2.000000000000000042e-03
1.468329999999999913e+00,-5.000000000000000104e-03
1.469999999999999973e+00,8.999999999999999320e-03
1.471670000000000034e+00,1.000000000000000021e-02
1.473330000000000028e+00,0.000000000000000000e+00
1.475000000000000089e+00,-3.000000000000000062e-03
1.476669999999999927e+00,1.099999999999999936e-02
1.478329999999999922e+00,1.099999999999999936e-02
1.479999999999999982e+00,-2.000000000000000042e-03
1.481670000000000043e+00,-6.000000000000000125e-03
1.483330000000000037e+00,8.000000000000000167e-03
1.485000000000000098e+00,1.200000000000000025e-02
1.486669999999999936e+00,1.000000000000000021e-03
1.488329999999999931e+00,-2.000000000000000042e-03
1.489999999999999991e+00,8.000000000000000167e-03
1.491670000000000051e+00,8.000000000000000167e-03
1.493330000000000046e+00,-1.000000000000000021e-03
1.495000000000000107e+00,-2.000000000000000042e-03
1.496669999999999945e+00,8.999999999999999320e-03
1.498329999999999940e+00,1.299999999999999940e-02
1.500000000000000000e+00,4.000000000000000083e-03
1.501670000000000060e+00,-3.000000000000000062e-03
1.503330000000000055e+00,1.099999999999999936e-02
1.504999999999999893e+00,1.700000000000000122e-02
1.506669999999999954e+00,6.000000000000000125e-03
1.508329999999999949e+00,-2.000000000000000042e-03
1.510000000000000009e+00,1.099999999999999936e-02
1.511670000000000069e+00,1.600000000000000033e-02
1.513330000000000064e+00,8.000000000000000167e-03
1.514999999999999902e+00,3.000000000000000062e-03
1.516669999999999963e+00,1.700000000000000122e-02
1.518329999999999957e+00,1.899999999999999953e-02
1.520000000000000018e+00,7.000000000000000146e-03
1.521670000000000078e+00,-2.000000000000000042e-03
1.523330000000000073e+00,1.099999999999999936e-02
1.524999999999999911e+00,1.700000000000000122e-02
1.526669999999999972e+00,1.099999999999999936e-02
1.528329999999999966e+00,2.000000000000000042e-03
1.530000000000000027e+00,1.400000000000000029e-02
1.531670000000000087e+00,1.799999999999999864e-02
1.533330000000000082e+00,1.000000000000000021e-02
1.534999999999999920e+00,0.000000000000000000e+00
1.536669999999999980e+00,1.299999999999999940e-02
1.538329999999999975e+00,2.199999999999999872e-02
1.540000000000000036e+00,1.200000000000000025e-02
1.541670000000000096e+00,-1.000000000000000021e-03
1.543330000000000091e+00,1.000000000000000021e-02
1.544999999999999929e+00,1.799999999999999864e-02
1.546669999999999989e+00,8.999999999999999320e-03
1.548329999999999984e+00,-1.000000000000000021e-03
1.550000000000000044e+00,1.299999999999999940e-02
1.551670000000000105e+00,2.000000000000000042e-02
1.553330000000000100e+00,1.099999999999999936e-02
1.554999999999999938e+00,3.000000000000000062e-03
1.556669999999999998e+00,1.700000000000000122e-02
1.558329999999999993e+00,2.500000000000000139e-02
1.560000000000000053e+00,1.299999999999999940e-02
1.561669999999999892e+00,-1.000000000000000021e-03
1.563330000000000108e+00,8.999999999999999320e-03
1.564999999999999947e+00,1.799999999999999864e-02
1.566670000000000007e+00,1.299999999999999940e-02
1.568330000000000002e+00,1.000000000000000021e-03
1.570000000000000062e+00,1.299999999999999940e-02
1.571669999999999900e+00,2.000000000000000042e-02
1.573329999999999895e+00,1.400000000000000029e-02
1.574999999999999956e+00,3.000000000000000062e-03
1.576670000000000016e+00,1.000000000000000021e-02
1.578330000000000011e+00,1.499999999999999944e-02
1.580000000000000071e+00,1.099999999999999936e-02
1.581669999999999909e+00,0.000000000000000000e+00
1.583329999999999904e+00,8.999999999999999320e-03
1.584999999999999964e+00,1.400000000000000029e-02
1.586670000000000025e+00,1.099999999999999936e-02
1.588330000000000020e+00,-1.000000000000000021e-03
1.590000000000000080e+00,7.000000000000000146e-03
1.591669999999999918e+00,1.799999999999999864e-02
1.593329999999999913e+00,1.099999999999999936e-02
1.594999999999999973e+00,-8.000000000000000167e-03
1.596670000000000034e+00,-1.000000000000000021e-03
1.598330000000000028e+00,8.999999999999999320e-03
1.600000000000000089e+00,6.000000000000000125e-03
1.601669999999999927e+00,-8.000000000000000167e-03
1.603329999999999922e+00,-1.000000000000000021e-03
1.604999999999999982e+00,1.000000000000000021e-02
1.606670000000000043e+00,8.000000000000000167e-03
1.608330000000000037e+00,-8.000000000000000167e-03
1.610000000000000098e+00,1.000000000000000021e-03
1.611669999999999936e+00,1.000000000000000021e-02
1.613329999999999931e+00,5.000000000000000104e-03
1.614999999999999991e+00,-8.000000000000000167e-03
1.616670000000000051e+00,-1.000000000000000021e-03
1.618330000000000046e+00,1.000000000000000021e-02
1.620000000000000107e+00,7.000000000000000146e-03
1.621669999999999945e+00,-6.000000000000000125e-03
1.623329999999999940e+00,2.000000000000000042e-03
1.625000000000000000e+00,1.299999999999999940e-02
1.626670000000000060e+00,1.400000000000000029e-02
1.628330000000000055e+00,-1.000000000000000021e-03
1.629999999999999893e+00,4.000000000000000083e-03
1.631669999999999954e+00,1.499999999999999944e-02
1.633329999999999949e+00,1.400000000000000029e-02
1.635000000000000009e+00,-2.000000000000000042e-03
1.636670000000000069e+00,2.000000000000000042e-03
1.638330000000000064e+00,1.600000000000000033e-02
1.639999999999999902e+00,1.799999999999999864e-02
1.641669999999999963e+00,1.000000000000000021e-03
1.643329999999999957e+00,6.000000000000000125e-03
1.645000000000000018e+00,1.700000000000000122e-02
1.646670000000000078e+00,1.499999999999999944e-02
1.648330000000000073e+00,2.000000000000000042e-03
1.649999999999999911e+00,3.000000000000000062e-03
1.651669999999999972e+00,1.700000000000000122e-02
1.653329999999999966e+00,1.600000000000000033e-02
1.655000000000000027e+00,3.000000000000000062e-03
1.656670000000000087e+00,6.000000000000000125e-03
1.658330000000000082e+00,1.700000000000000122e-02
1.659999999999999920e+00,1.799999999999999864e-02
1.661669999999999980e+00,5.000000000000000104e-03
1.663329999999999975e+00,5.000000000000000104e-03
1.665000000000000036e+00,1.899999999999999953e-02
1.666670000000000096e+00,1.899999999999999953e-02
1.668330000000000091e+00,6.000000000000000125e-03
1.669999999999999929e+00,5.000000000000000104e-03
1.671669999999999989e+00,1.700000000000000122e-02
1.673329999999999984e+00,1.799999999999999864e-02
1.675000000000000044e+00,7.000000000000000146e-03
1.676670000000000105e+00,7.000000000000000146e-03
1.678330000000000100e+00,1.499999999999999944e-02
1.679999999999999938e+00,1.499999999999999944e-02
1.681669999999999998e+00,3.000000000000000062e-03
1.683329999999999993e+00,-1.000000000000000021e-03
1.685000000000000053e+00,8.999999999999999320e-03
1.686669999999999892e+00,8.999999999999999320e-03
1.688330000000000108e+00,-2.000000000000000042e-03
1.689999999999999947e+00,-7.000000000000000146e-03
1.691670000000000007e+00,8.999999999999999320e-03
1.693330000000000002e+00,1.000000000000000021e-02
1.695000000000000062e+00,-2.000000000000000042e-03
1.696669999999999900e+00,-7.000000000000000146e-03
1.698329999999999895e+00,7.000000000000000146e-03
1.699999999999999956e+00,1.099999999999999936e-02
1.701670000000000016e+00,1.000000000000000021e-03
1.703330000000000011e+00,-4.000000000000000083e-03
1.705000000000000071e+00,8.999999999999999320e-03
1.706669999999999909e+00,1.000000000000000021e-02
1.708329999999999904e+00,-3.000000000000000062e-03
1.709999999999999964e+00,-1.099999999999999936e-02
1.711670000000000025e+00,4.000000000000000083e-03
1.713330000000000020e+00,8.000000000000000167e-03
1.715000000000000080e+00,-3.000000000000000062e-03
1.716669999999999918e+00,-1.000000000000000021e-02
1.718329999999999913e+00,7.000000000000000146e-03
1.719999999999999973e+00,1.299999999999999940e-02
1.721670000000000034e+00,3.000000000000000062e-03
1.723330000000000028e+00,-5.000000000000000104e-03
1.725000000000000089e+00,8.000000000000000167e-03
1.726669999999999927e+00,1.200000000000000025e-02
1.728329999999999922e+00,4.000000000000000083e-03
1.729999999999999982e+00,-2.000000000000000042e-03
1.731670000000000043e+00,1.299999999999999940e-02
1.733330000000000037e+00,1.799999999999999864e-02
1.735000000000000098e+00,1.099999999999999936e-02
1.736669999999999936e+00,1.000000000000000021e-03
1.738329999999999931e+00,1.400000000000000029e-02
1.739999999999999991e+00,2.000000000000000042e-02
1.741670000000000051e+00,1.200000000000000025e-02
1.743330000000000046e+00,0.000000000000000000e+00
1.745000000000000107e+00,1.099999999999999936e-02
1.746669999999999945e+00,1.799999999999999864e-02
1.748329999999999940e+00,1.000000000000000021e-02
1.750000000000000000e+00,-4.000000000000000083e-03
1.751670000000000060e+00,6.000000000000000125e-03
1.753330000000000055e+00,1.099999999999999936e-02
1.754999999999999893e+00,7.000000000000000146e-03
1.756669999999999954e+00,-1.000000000000000021e-03
1.758329999999999949e+00,1.400000000000000029e-02
1.760000000000000009e+00,2.000000000000000042e-02
1.761670000000000069e+00,1.099999999999999936e-02
1.763330000000000064e+00,-2.000000000000000042e-03
1.764999999999999902e+00,8.999999999999999320e-03
1.766669999999999963e+00,1.700000000000000122e-02
1.768329999999999957e+00,1.200000000000000025e-02
1.770000000000000018e+00,1.000000000000000021e-03
1.771670000000000078e+00,1.499999999999999944e-02
1.773330000000000073e+00,2.199999999999999872e-02
1.774999999999999911e+00,1.600000000000000033e-02
1.776669999999999972e+00,3.000000000000000062e-03
1.778329999999999966e+00,1.499999999999999944e-02
1.780000000000000027e+00,1.899999999999999953e-02
1.781670000000000087e+00,1.400000000000000029e-02
1.783330000000000082e+00,2.000000000000000042e-03
1.784999999999999920e+00,1.400000000000000029e-02
1.786669999999999980e+00,2.000000000000000042e-02
1.788329999999999975e+00,1.099999999999999936e-02
1.790000000000000036e+00,-1.000000000000000021e-03
1.791670000000000096e+00,8.000000000000000167e-03
1.793330000000000091e+00,1.400000000000000029e-02
1.794999999999999929e+00,8.999999999999999320e-03
1.796669999999999989e+00,-4.000000000000000083e-03
1.798329999999999984e+00,8.000000000000000167e-03
1.800000000000000044e+00,1.899999999999999953e-02
1.801670000000000105e+00,1.499999999999999944e-02
1.803330000000000100e+00,5.000000000000000104e-03
1.804999999999999938e+00,1.400000000000000029e-02
1.806669999999999998e+00,2.400000000000000050e-02
1.808329999999999993e+00,2.199999999999999872e-02
1.810000000000000053e+00,4.000000000000000083e-03
1.811669999999999892e+00,8.000000000000000167e-03
1.813330000000000108e+00,1.799999999999999864e-02
1.814999999999999947e+00,1.799999999999999864e-02
1.816670000000000007e+00,5.000000000000000104e-03
1.818330000000000002e+00,1.099999999999999936e-02
1.820000000000000062e+00,2.100000000000000130e-02
1.821669999999999900e+00,2.000000000000000042e-02
1.823329999999999895e+00,5.000000000000000104e-03
1.824999999999999956e+00,1.099999999999999936e-02
1.826670000000000016e+00,2.100000000000000130e-02
1.828330000000000011e+00,1.600000000000000033e-02
1.830000000000000071e+00,2.000000000000000042e-03
1.831669999999999909e+00,5.000000000000000104e-03
1.833329999999999904e+00,1.700000000000000122e-02
1.834999999999999964e+00,1.600000000000000033e-02
1.836670000000000025e+00,1.000000000000000021e-03
1.838330000000000020e+00,1.000000000000000021e-03
1.840000000000000080e+00,1.000000000000000021e-02
1.841669999999999918e+00,5.000000000000000104e-03
1.843329999999999913e+00,-1.000000000000000021e-02
1.844999999999999973e+00,-6.000000000000000125e-03
1.846670000000000034e+00,8.999999999999999320e-03
1.848330000000000028e+00,1.200000000000000025e-02
1.850000000000000089e+00,-3.000000000000000062e-03
1.851669999999999927e+00,2.000000000000000042e-03
1.853329999999999922e+00,1.499999999999999944e-02
1.854999999999999982e+00,1.299999999999999940e-02
1.856670000000000043e+00,-2.000000000000000042e-03
1.858330000000000037e+00,-2.000000000000000042e-03
1.860000000000000098e+00,1.400000000000000029e-02
1.861669999999999936e+00,1.600000000000000033e-02
1.863329999999999931e+00,3.000000000000000062e-03
1.864999999999999991e+00,2.000000000000000042e-03
1.866670000000000051e+00,1.600000000000000033e-02
1.868330000000000046e+00,1.299999999999999940e-02
1.870000000000000107e+00,-1.000000000000000021e-03
1.871669999999999945e+00,-4.000000000000000083e-03
1.873329999999999940e+00,8.999999999999999320e-03
1.875000000000000000e+00,1.200000000000000025e-02
1.876670000000000060e+00,-1.000000000000000021e-03
1.878330000000000055e+00,-2.000000000000000042e-03
1.879999999999999893e+00,1.400000000000000029e-02
1.881669999999999954e+00,1.499999999999999944e-02
1.883329999999999949e+00,6.000000000000000125e-03
1.885000000000000009e+00,2.000000000000000042e-03
1.886670000000000069e+00,1.499999999999999944e-02
1.888330000000000064e+00,1.400000000000000029e-02
1.889999999999999902e+00,1.000000000000000021e-03
1.891669999999999963e+00,-2.000000000000000042e-03
1.893329999999999957e+00,1.299999999999999940e-02
1.895000000000000018e+00,1.400000000000000029e-02
1.896670000000000078e+00,2.000000000000000042e-03
1.898330000000000073e+00,-1.000000000000000021e-03
1.899999999999999911e+00,1.299999999999999940e-02
1.901669999999999972e+00,1.600000000000000033e-02
1.903329999999999966e+00,5.000000000000000104e-03
1.905000000000000027e+00,0.000000000000000000e+00
1.906670000000000087e+00,1.400000000000000029e-02
1.908330000000000082e+00,1.799999999999999864e-02
1.909999999999999920e+00,8.999999999999999320e-03
1.911669999999999980e+00,3.000000000000000062e-03
1.913329999999999975e+00,1.499999999999999944e-02
1.915000000000000036e+00,1.700000000000000122e-02
1.916670000000000096e+00,5.000000000000000104e-03
1.918330000000000091e+00,-1.000000000000000021e-03
1.919999999999999929e+00,1.200000000000000025e-02
1.921669999999999989e+00,1.499999999999999944e-02
1.923329999999999984e+00,4.000000000000000083e-03
1.925000000000000044e+00,-1.000000000000000021e-03
1.926670000000000105e+00,1.600000000000000033e-02
1.928330000000000100e+00,2.199999999999999872e-02
1.929999999999999938e+00,1.099999999999999936e-02
1.931669999999999998e+00,2.000000000000000042e-03
1.933329999999999993e+00,1.899999999999999953e-02
1.935000000000000053e+00,2.599999999999999881e-02
1.936669999999999892e+00,1.600000000000000033e-02
1.938330000000000108e+00,8.000000000000000167e-03
1.939999999999999947e+00,2.000000000000000042e-02
1.941670000000000007e+00,2.400000000000000050e-02
1.943330000000000002e+00,1.099999999999999936e-02
1.945000000000000062e+00,2.000000000000000042e-03
1.946669999999999900e+00,1.600000000000000033e-02
1.948329999999999895e+00,2.100000000000000130e-02
1.949999999999999956e+00,1.299999999999999940e-02
1.951670000000000016e+00,-1.000000000000000021e-03
1.953330000000000011e+00,1.000000000000000021e-02
1.955000000000000071e+00,1.600000000000000033e-02
1.956669999999999909e+00,8.000000000000000167e-03
1.958329999999999904e+00,-2.000000000000000042e-03
1.959999999999999964e+00,8.999999999999999320e-03
1.961670000000000025e+00,1.499999999999999944e-02
1.963330000000000020e+00,7.000000000000000146e-03
1.965000000000000080e+00,-3.000000000000000062e-03
1.966669999999999918e+00,7.000000000000000146e-03
1.968329999999999913e+00,1.499999999999999944e-02
1.969999999999999973e+00,7.000000000000000146e-03
1.971670000000000034e+00,-8.000000000000000167e-03
1.973330000000000028e+00,5.000000000000000104e-03
1.975000000000000089e+00,1.400000000000000029e-02
1.976669999999999927e+00,1.000000000000000021e-02
1.978329999999999922e+00,-3.000000000000000062e-03
1.979999999999999982e+00,7.000000000000000146e-03
1.981670000000000043e+00,1.200000000000000025e-02
1.983330000000000037e+00,3.000000000000000062e-03
1.985000000000000098e+00,-8.999999999999999320e-03
1.986669999999999936e+00,5.000000000000000104e-03
1.988329999999999931e+00,1.200000000000000025e-02
1.989999999999999991e+00,8.999999999999999320e-03
1.991670000000000051e+00,-3.000000000000000062e-03
1.993330000000000046e+00,7.000000000000000146e-03
1.995000000000000107e+00,1.799999999999999864e-02
1.996669999999999945e+00,1.499999999999999944e-02
1.998329999999999940e+00,5.000000000000000104e-03
2.000000000000000000e+00,1.299999999999999940e-02
2.001669999999999838e+00,2.500000000000000139e-02
2.003330000000000055e+00,2.100000000000000130e-02
2.004999999999999893e+00,8.000000000000000167e-03
2.006670000000000176e+00,1.700000000000000122e-02
2.008329999999999949e+00,2.699999999999999969e-02
2.009999999999999787e+00,2.299999999999999961e-02
2.011670000000000069e+00,1.200000000000000025e-02
2.013329999999999842e+00,1.299999999999999940e-02
2.015000000000000124e+00,2.100000000000000130e-02
2.016669999999999963e+00,1.499999999999999944e-02
2.018330000000000179e+00,3.000000000000000062e-03
2.020000000000000018e+00,8.999999999999999320e-03
2.021669999999999856e+00,1.899999999999999953e-02
2.023330000000000073e+00,1.400000000000000029e-02
2.024999999999999911e+00,1.000000000000000021e-03
2.026670000000000194e+00,4.000000000000000083e-03
2.028329999999999966e+00,1.600000000000000033e-02
2.029999999999999805e+00,1.400000000000000029e-02
2.031670000000000087e+00,2.000000000000000042e-03
2.033329999999999860e+00,8.000000000000000167e-03
2.035000000000000142e+00,2.000000000000000042e-02
2.036669999999999980e+00,1.400000000000000029e-02
2.038330000000000197e+00,0.000000000000000000e+00
2.040000000000000036e+00,4.000000000000000083e-03
2.041669999999999874e+00,1.700000000000000122e-02
2.043330000000000091e+00,1.600000000000000033e-02
2.044999999999999929e+00,0.000000000000000000e+00
2.046670000000000211e+00,-1.000000000000000021e-03
2.048329999999999984e+00,8.000000000000000167e-03
2.049999999999999822e+00,3.000000000000000062e-03
2.051670000000000105e+00,-8.999999999999999320e-03
2.053329999999999878e+00,-5.000000000000000104e-03
2.055000000000000160e+00,8.999999999999999320e-03
2.056669999999999998e+00,1.099999999999999936e-02
2.058330000000000215e+00,0.000000000000000000e+00
2.060000000000000053e+00,0.000000000000000000e+00
2.061669999999999892e+00,7.000000000000000146e-03
2.063330000000000108e+00,3.000000000000000062e-03
2.064999999999999947e+00,-1.000000000000000021e-02
2.066669999999999785e+00,-8.999999999999999320e-03
2.068330000000000002e+00,6.000000000000000125e-03
2.069999999999999840e+00,5.000000000000000104e-03
2.071670000000000122e+00,-8.000000000000000167e-03
2.073329999999999895e+00,-7.000000000000000146e-03
2.075000000000000178e+00,1.000000000000000021e-02
2.076670000000000016e+00,1.099999999999999936e-02
2.078329999999999789e+00,0.000000000000000000e+00
2.080000000000000071e+00,-4.000000000000000083e-03
2.081669999999999909e+00,8.000000000000000167e-03
2.083330000000000126e+00,5.000000000000000104e-03
2.084999999999999964e+00,-5.000000000000000104e-03
2.086669999999999803e+00,-3.000000000000000062e-03
2.088330000000000020e+00,8.000000000000000167e-03
2.089999999999999858e+00,8.999999999999999320e-03
2.091670000000000140e+00,1.000000000000000021e-03
2.093329999999999913e+00,2.000000000000000042e-03
2.095000000000000195e+00,1.799999999999999864e-02
2.096670000000000034e+00,1.700000000000000122e-02
2.098329999999999806e+00,2.000000000000000042e-03
2.100000000000000089e+00,-1.000000000000000021e-03
2.101669999999999927e+00,8.999999999999999320e-03
2.103330000000000144e+00,8.000000000000000167e-03
2.104999999999999982e+00,0.000000000000000000e+00
2.106669999999999821e+00,-5.000000000000000104e-03
2.108330000000000037e+00,8.999999999999999320e-03
2.109999999999999876e+00,1.700000000000000122e-02
2.111670000000000158e+00,6.000000000000000125e-03
2.113329999999999931e+00,5.000000000000000104e-03
2.115000000000000213e+00,1.499999999999999944e-02
2.116670000000000051e+00,1.799999999999999864e-02
2.118329999999999824e+00,8.000000000000000167e-03
2.120000000000000107e+00,1.000000000000000021e-03
2.121669999999999945e+00,1.400000000000000029e-02
2.123330000000000162e+00,1.499999999999999944e-02
2.125000000000000000e+00,0.000000000000000000e+00
2.126669999999999838e+00,-8.000000000000000167e-03
2.128330000000000055e+00,5.000000000000000104e-03
2.129999999999999893e+00,1.200000000000000025e-02
2.131670000000000176e+00,0.000000000000000000e+00
2.133329999999999949e+00,-8.999999999999999320e-03
2.134999999999999787e+00,2.000000000000000042e-03
2.136670000000000069e+00,6.000000000000000125e-03
2.138329999999999842e+00,-3.000000000000000062e-03
2.140000000000000124e+00,-1.099999999999999936e-02
2.141669999999999963e+00,1.000000000000000021e-03
2.143330000000000179e+00,5.000000000000000104e-03
2.145000000000000018e+00,-4.000000000000000083e-03
2.146669999999999856e+00,-7.000000000000000146e-03
2.148330000000000073e+00,6.000000000000000125e-03
2.149999999999999911e+00,1.200000000000000025e-02
2.151670000000000194e+00,1.000000000000000021e-03
2.153329999999999966e+00,-8.000000000000000167e-03
2.154999999999999805e+00,6.000000000000000125e-03
2.156670000000000087e+00,1.700000000000000122e-02
2.158329999999999860e+00,8.000000000000000167e-03
2.160000000000000142e+00,-3.000000000000000062e-03
2.161669999999999980e+00,6.000000000000000125e-03
2.163330000000000197e+00,8.999999999999999320e-03
2.165000000000000036e+00,-2.000000000000000042e-03
2.166669999999999874e+00,-7.000000000000000146e-03
2.168330000000000091e+00,5.000000000000000104e-03
2.169999999999999929e+00,1.200000000000000025e-02
2.171670000000000211e+00,5.000000000000000104e-03
2.173329999999999984e+00,-3.000000000000000062e-03
2.174999999999999822e+00,7.000000000000000146e-03
2.176670000000000105e+00,1.099999999999999936e-02
2.178329999999999878e+00,2.000000000000000042e-03
2.180000000000000160e+00,-7.000000000000000146e-03
2.181669999999999998e+00,6.000000000000000125e-03
2.183330000000000215e+00,1.400000000000000029e-02
2.185000000000000053e+00,5.000000000000000104e-03
2.186669999999999892e+00,-6.000000000000000125e-03
2.188330000000000108e+00,5.000000000000000104e-03
2.189999999999999947e+00,1.099999999999999936e-02
2.191669999999999785e+00,3.000000000000000062e-03
2.193330000000000002e+00,-8.000000000000000167e-03
2.194999999999999840e+00,2.000000000000000042e-03
2.196670000000000122e+00,1.299999999999999940e-02
2.198329999999999895e+00,1.099999999999999936e-02
2.200000000000000178e+00,-1.000000000000000021e-03
2.201670000000000016e+00,6.000000000000000125e-03
2.203329999999999789e+00,1.400000000000000029e-02
2.205000000000000071e+00,7.000000000000000146e-03
2.206669999999999909e+00,-5.000000000000000104e-03
2.208330000000000126e+00,4.000000000000000083e-03
2.209999999999999964e+00,1.299999999999999940e-02
2.211669999999999803e+00,8.000000000000000167e-03
2.213330000000000020e+00,-4.000000000000000083e-03
2.214999999999999858e+00,2.000000000000000042e-03
2.216670000000000140e+00,1.099999999999999936e-02
2.218329999999999913e+00,7.000000000000000146e-03
2.220000000000000195e+00,-6.000000000000000125e-03
2.221670000000000034e+00,-1.000000000000000021e-03
2.223329999999999806e+00,7.000000000000000146e-03
2.225000000000000089e+00,1.000000000000000021e-03
2.226669999999999927e+00,-1.000000000000000021e-02
2.228330000000000144e+00,-2.000000000000000042e-03
2.229999999999999982e+00,8.000000000000000167e-03
2.231669999999999821e+00,3.000000000000000062e-03
2.233330000000000037e+00,-1.099999999999999936e-02
2.234999999999999876e+00,-6.000000000000000125e-03
2.236670000000000158e+00,3.000000000000000062e-03
2.238329999999999931e+00,0.000000000000000000e+00
2.240000000000000213e+00,-1.099999999999999936e-02
2.241670000000000051e+00,-5.000000000000000104e-03
2.243329999999999824e+00,7.000000000000000146e-03
2.245000000000000107e+00,5.000000000000000104e-03
2.246669999999999945e+00,-7.000000000000000146e-03
2.248330000000000162e+00,-1.000000000000000021e-03
2.250000000000000000e+00,1.299999999999999940e-02
2.251669999999999838e+00,1.299999999999999940e-02
2.253330000000000055e+00,1.000000000000000021e-03
2.254999999999999893e+00,6.000000000000000125e-03
2.256670000000000176e+00,1.299999999999999940e-02
2.258329999999999949e+00,1.000000000000000021e-02
2.259999999999999787e+00,-3.000000000000000062e-03
2.261670000000000069e+00,-1.000000000000000021e-03
2.263329999999999842e+00,1.000000000000000021e-02
2.265000000000000124e+00,1.000000000000000021e-02
2.266669999999999963e+00,-2.000000000000000042e-03
2.268330000000000179e+00,3.000000000000000062e-03
2.270000000000000018e+00,1.200000000000000025e-02
2.271669999999999856e+00,1.000000000000000021e-02
2.273330000000000073e+00,-1.000000000000000021e-03
2.274999999999999911e+00,3.000000000000000062e-03
2.276670000000000194e+00,1.499999999999999944e-02
2.278329999999999966e+00,1.700000000000000122e-02
2.279999999999999805e+00,4.000000000000000083e-03
2.281670000000000087e+00,7.000000000000000146e-03
2.283329999999999860e+00,1.400000000000000029e-02
2.285000000000000142e+00,6.000000000000000125e-03
2.286669999999999980e+00,-8.000000000000000167e-03
2.288330000000000197e+00,-8.000000000000000167e-03
2.290000000000000036e+00,2.000000000000000042e-03
2.291669999999999874e+00,6.000000000000000125e-03
2.293330000000000091e+00,-1.000000000000000021e-02
2.294999999999999929e+00,-8.000000000000000167e-03
2.296670000000000211e+00,7.000000000000000146e-03
2.298329999999999984e+00,1.099999999999999936e-02
2.299999999999999822e+00,1.000000000000000021e-03
2.301670000000000105e+00,1.000000000000000021e-03
2.303329999999999878e+00,1.200000000000000025e-02
2.305000000000000160e+00,1.200000000000000025e-02
2.306669999999999998e+00,-3.000000000000000062e-03
2.308330000000000215e+00,-4.000000000000000083e-03
2.310000000000000053e+00,8.000000000000000167e-03
2.311669999999999892e+00,6.000000000000000125e-03
2.313330000000000108e+00,-7.000000000000000146e-03
2.314999999999999947e+00,-1.000000000000000021e-02
2.316669999999999785e+00,3.000000000000000062e-03
2.318330000000000002e+00,7.000000000000000146e-03
2.319999999999999840e+00,-3.000000000000000062e-03
2.321670000000000122e+00,-3.000000000000000062e-03
2.323329999999999895e+00,7.000000000000000146e-03
2.325000000000000178e+00,1.000000000000000021e-02
2.326670000000000016e+00,-1.000000000000000021e-03
2.328329999999999789e+00,-6.000000000000000125e-03
2.330000000000000071e+00,8.000000000000000167e-03
2.331669999999999909e+00,1.400000000000000029e-02
2.333330000000000126e+00,6.000000000000000125e-03
2.334999999999999964e+00,2.000000000000000042e-03
2.336669999999999803e+00,1.299999999999999940e-02
2.338330000000000020e+00,1.799999999999999864e-02
2.339999999999999858e+00,8.000000000000000167e-03
2.341670000000000140e+00,3.000000000000000062e-03
2.343329999999999913e+00,1.400000000000000029e-02
2.345000000000000195e+00,1.400000000000000029e-02
2.346670000000000034e+00,0.000000000000000000e+00
2.348329999999999806e+00,-4.000000000000000083e-03
2.350000000000000089e+00,5.000000000000000104e-03
2.351669999999999927e+00,1.000000000000000021e-02
2.353330000000000144e+00,-3.000000000000000062e-03
2.354999999999999982e+00,-1.200000000000000025e-02
2.356669999999999821e+00,2.000000000000000042e-03
2.358330000000000037e+00,1.000000000000000021e-02
2.359999999999999876e+00,0.000000000000000000e+00
2.361670000000000158e+00,-8.000000000000000167e-03
2.363329999999999931e+00,6.000000000000000125e-03
2.365000000000000213e+00,1.200000000000000025e-02
2.366670000000000051e+00,1.000000000000000021e-03
2.368329999999999824e+00,-8.999999999999999320e-03
2.370000000000000107e+00,3.000000000000000062e-03
2.371669999999999945e+00,5.000000000000000104e-03
2.373330000000000162e+00,-3.000000000000000062e-03
2.375000000000000000e+00,-1.200000000000000025e-02
2.376669999999999838e+00,-1.000000000000000021e-03
2.378330000000000055e+00,5.000000000000000104e-03
2.379999999999999893e+00,0.000000000000000000e+00
2.381670000000000176e+00,-8.999999999999999320e-03
2.383329999999999949e+00,-3.000000000000000062e-03
2.384999999999999787e+00,-1.000000000000000021e-03
2.386670000000000069e+00,-7.000000000000000146e-03
2.388329999999999842e+00,-1.899999999999999953e-02
2.390000000000000124e+00,-8.999999999999999320e-03
2.391669999999999963e+00,1.000000000000000021e-03
2.393330000000000179e+00,-1.000000000000000021e-03
2.395000000000000018e+00,-8.999999999999999320e-03
2.396669999999999856e+00,4.000000000000000083e-03
2.398330000000000073e+00,8.999999999999999320e-03
2.399999999999999911e+00,-1.000000000000000021e-03
2.401670000000000194e+00,-1.600000000000000033e-02
2.403329999999999966e+00,-5.000000000000000104e-03
2.404999999999999805e+00,5.000000000000000104e-03
2.406670000000000087e+00,-1.000000000000000021e-03
2.408329999999999860e+00,-1.299999999999999940e-02
2.410000000000000142e+00,-1.000000000000000021e-03
2.411669999999999980e+00,8.999999999999999320e-03
2.413330000000000197e+00,3.000000000000000062e-03
2.415000000000000036e+00,-1.099999999999999936e-02
2.416669999999999874e+00,-1.000000000000000021e-03
2.418330000000000091e+00,5.000000000000000104e-03
2.419999999999999929e+00,2.000000000000000042e-03
2.421670000000000211e+00,-8.999999999999999320e-03
2.423329999999999984e+00,1.000000000000000021e-03
2.424999999999999822e+00,1.000000000000000021e-02
2.426670000000000105e+00,8.000000000000000167e-03
2.428329999999999878e+00,-8.000000000000000167e-03
2.430000000000000160e+00,-1.000000000000000021e-03
2.431669999999999998e+00,1.000000000000000021e-03
2.433330000000000215e+00,-6.000000000000000125e-03
2.435000000000000053e+00,-2.000000000000000042e-02
2.436669999999999892e+00,-8.999999999999999320e-03
2.438330000000000108e+00,4.000000000000000083e-03
2.439999999999999947e+00,-1.000000000000000021e-03
2.441669999999999785e+00,-1.299999999999999940e-02
2.443330000000000002e+00,0.000000000000000000e+00
2.444999999999999840e+00,8.000000000000000167e-03
2.446670000000000122e+00,5.000000000000000104e-03
2.448329999999999895e+00,-1.000000000000000021e-02
2.450000000000000178e+00,-2.000000000000000042e-03
2.451670000000000016e+00,8.000000000000000167e-03
2.453329999999999789e+00,6.000000000000000125e-03
2.455000000000000071e+00,-7.000000000000000146e-03
2.456669999999999909e+00,-1.000000000000000021e-03
2.458330000000000126e+00,8.999999999999999320e-03
2.459999999999999964e+00,6.000000000000000125e-03
2.461669999999999803e+00,-6.000000000000000125e-03
2.463330000000000020e+00,2.000000000000000042e-03
2.464999999999999858e+00,1.099999999999999936e-02
2.466670000000000140e+00,8.000000000000000167e-03
2.468329999999999913e+00,-8.000000000000000167e-03
2.470000000000000195e+00,-1.000000000000000021e-03
2.471670000000000034e+00,8.000000000000000167e-03
2.473329999999999806e+00,2.000000000000000042e-03
2.475000000000000089e+00,-1.499999999999999944e-02
2.476669999999999927e+00,-1.000000000000000021e-02
2.478330000000000144e+00,1.000000000000000021e-03
2.479999999999999982e+00,-1.000000000000000021e-03
2.481669999999999821e+00,-1.499999999999999944e-02
2.483330000000000037e+00,-8.999999999999999320e-03
2.484999999999999876e+00,4.000000000000000083e-03
2.486670000000000158e+00,4.000000000000000083e-03
2.488329999999999931e+00,-1.200000000000000025e-02
2.490000000000000213e+00,-8.000000000000000167e-03
2.491670000000000051e+00,5.000000000000000104e-03
2.493329999999999824e+00,3.000000000000000062e-03
2.495000000000000107e+00,-1.000000000000000021e-02
2.496669999999999945e+00,-1.000000000000000021e-02
2.498330000000000162e+00,0.000000000000000000e+00
2.500000000000000000e+00,2.000000000000000042e-03
2.501669999999999838e+00,-1.000000000000000021e-02
2.503330000000000055e+00,-7.000000000000000146e-03
2.504999999999999893e+00,2.000000000000000042e-03
2.506670000000000176e+00,1.000000000000000021e-03
2.508329999999999949e+00,-1.000000000000000021e-02
2.509999999999999787e+00,-1.000000000000000021e-02
2.511670000000000069e+00,0.000000000000000000e+00
2.513329999999999842e+00,2.000000000000000042e-03
2.515000000000000124e+00,-1.299999999999999940e-02
2.516669999999999963e+00,-1.099999999999999936e-02
2.518330000000000179e+00,2.000000000000000042e-03
2.520000000000000018e+00,4.000000000000000083e-03
2.521669999999999856e+00,-8.000000000000000167e-03
2.523330000000000073e+00,-1.099999999999999936e-02
2.524999999999999911e+00,5.000000000000000104e-03
2.526670000000000194e+00,7.000000000000000146e-03
2.528329999999999966e+00,-5.000000000000000104e-03
2.529999999999999805e+00,-6.000000000000000125e-03
2.531670000000000087e+00,6.000000000000000125e-03
2.533329999999999860e+00,8.000000000000000167e-03
2.535000000000000142e+00,-3.000000000000000062e-03
2.536669999999999980e+00,7.000000000000000146e-03
2.538330000000000197e+00,1.700000000000000122e-02
2.540000000000000036e+00,1.299999999999999940e-02
2.541669999999999874e+00,2.000000000000000042e-03
2.543330000000000091e+00,3.000000000000000062e-03
2.544999999999999929e+00,1.400000000000000029e-02
2.546670000000000211e+00,1.700000000000000122e-02
2.548329999999999984e+00,7.000000000000000146e-03
2.549999999999999822e+00,-2.000000000000000042e-03
2.551670000000000105e+00,1.000000000000000021e-02
2.553329999999999878e+00,1.499999999999999944e-02
2.555000000000000160e+00,8.999999999999999320e-03
2.556669999999999998e+00,4.000000000000000083e-03
2.558330000000000215e+00,1.700000000000000122e-02
2.560000000000000053e+00,2.100000000000000130e-02
2.561669999999999892e+00,1.099999999999999936e-02
2.563330000000000108e+00,2.000000000000000042e-03
2.564999999999999947e+00,1.000000000000000021e-02
2.566669999999999785e+00,8.999999999999999320e-03
2.568330000000000002e+00,0.000000000000000000e+00
2.569999999999999840e+00,-8.999999999999999320e-03
2.571670000000000122e+00,4.000000000000000083e-03
2.573329999999999895e+00,8.000000000000000167e-03
2.575000000000000178e+00,1.000000000000000021e-03
2.576670000000000016e+00,-6.000000000000000125e-03
2.578329999999999789e+00,7.000000000000000146e-03
2.580000000000000071e+00,8.999999999999999320e-03
2.581669999999999909e+00,1.000000000000000021e-03
2.583330000000000126e+00,-5.000000000000000104e-03
2.584999999999999964e+00,8.999999999999999320e-03
2.586669999999999803e+00,1.400000000000000029e-02
2.588330000000000020e+00,7.000000000000000146e-03
2.589999999999999858e+00,-8.000000000000000167e-03
2.591670000000000140e+00,2.000000000000000042e-03
2.593329999999999913e+00,7.000000000000000146e-03
2.595000000000000195e+00,-1.000000000000000021e-03
2.596670000000000034e+00,-8.000000000000000167e-03
2.598329999999999806e+00,2.000000000000000042e-03
2.600000000000000089e+00,7.000000000000000146e-03
2.601669999999999927e+00,2.000000000000000042e-03
2.603330000000000144e+00,-1.000000000000000021e-02
2.604999999999999982e+00,1.000000000000000021e-03
2.606669999999999821e+00,4.000000000000000083e-03
2.608330000000000037e+00,-5.000000000000000104e-03
2.609999999999999876e+00,-1.600000000000000033e-02
2.611670000000000158e+00,-4.000000000000000083e-03
2.613329999999999931e+00,0.000000000000000000e+00
2.615000000000000213e+00,-6.000000000000000125e-03
2.616670000000000051e+00,-1.499999999999999944e-02
2.618329999999999824e+00,-2.000000000000000042e-03
2.620000000000000107e+00,3.000000000000000062e-03
2.621669999999999945e+00,-1.000000000000000021e-03
2.623330000000000162e+00,-1.099999999999999936e-02
2.625000000000000000e+00,2.000000000000000042e-03
2.626669999999999838e+00,8.999999999999999320e-03
2.628330000000000055e+00,6.000000000000000125e-03
2.629999999999999893e+00,-5.000000000000000104e-03
2.631670000000000176e+00,7.000000000000000146e-03
2.633329999999999949e+00,1.000000000000000021e-02
2.634999999999999787e+00,2.000000000000000042e-03
2.636670000000000069e+00,-1.099999999999999936e-02
2.638329999999999842e+00,1.000000000000000021e-03
2.640000000000000124e+00,1.400000000000000029e-02
2.641669999999999963e+00,1.400000000000000029e-02
2.643330000000000179e+00,2.000000000000000042e-03
2.645000000000000018e+00,5.000000000000000104e-03
2.646669999999999856e+00,1.299999999999999940e-02
2.648330000000000073e+00,8.999999999999999320e-03
2.649999999999999911e+00,-6.000000000000000125e-03
2.651670000000000194e+00,-1.000000000000000021e-03
2.653329999999999966e+00,1.000000000000000021e-02
2.654999999999999805e+00,6.000000000000000125e-03
2.656670000000000087e+00,-6.000000000000000125e-03
2.658329999999999860e+00,1.000000000000000021e-03
2.660000000000000142e+00,1.000000000000000021e-02
2.661669999999999980e+00,6.000000000000000125e-03
2.663330000000000197e+00,-1.000000000000000021e-02
2.665000000000000036e+00,-2.000000000000000042e-03
2.666669999999999874e+00,8.999999999999999320e-03
2.668330000000000091e+00,7.000000000000000146e-03
2.669999999999999929e+00,-8.999999999999999320e-03
2.671670000000000211e+00,-3.000000000000000062e-03
2.673329999999999984e+00,7.000000000000000146e-03
2.674999999999999822e+00,7.000000000000000146e-03
2.676670000000000105e+00,-4.000000000000000083e-03
2.678329999999999878e+00,3.000000000000000062e-03
2.680000000000000160e+00,1.499999999999999944e-02
2.681669999999999998e+00,1.400000000000000029e-02
2.683330000000000215e+00,0.000000000000000000e+00
2.685000000000000053e+00,1.000000000000000021e-03
2.686669999999999892e+00,1.000000000000000021e-02
2.688330000000000108e+00,6.000000000000000125e-03
2.689999999999999947e+00,-6.000000000000000125e-03
2.691669999999999785e+00,-4.000000000000000083e-03
2.693330000000000002e+00,6.000000000000000125e-03
2.694999999999999840e+00,5.000000000000000104e-03
2.696670000000000122e+00,-7.000000000000000146e-03
2.698329999999999895e+00,-4.000000000000000083e-03
2.700000000000000178e+00,1.000000000000000021e-02
2.701670000000000016e+00,8.000000000000000167e-03
2.703329999999999789e+00,-6.000000000000000125e-03
2.705000000000000071e+00,-7.000000000000000146e-03
2.706669999999999909e+00,5.000000000000000104e-03
2.708330000000000126e+00,6.000000000000000125e-03
2.709999999999999964e+00,-8.999999999999999320e-03
2.711669999999999803e+00,-8.000000000000000167e-03
2.713330000000000020e+00,6.000000000000000125e-03
2.714999999999999858e+00,6.000000000000000125e-03
2.716670000000000140e+00,-4.000000000000000083e-03
2.718329999999999913e+00,-3.000000000000000062e-03
2.720000000000000195e+00,7.000000000000000146e-03
2.721670000000000034e+00,5.000000000000000104e-03
2.723329999999999806e+00,-7.000000000000000146e-03
2.725000000000000089e+00,-6.000000000000000125e-03
2.726669999999999927e+00,7.000000000000000146e-03
2.728330000000000144e+00,7.000000000000000146e-03
2.729999999999999982e+00,-2.000000000000000042e-03
2.731669999999999821e+00,-8.999999999999999320e-03
2.733330000000000037e+00,1.000000000000000021e-03
2.734999999999999876e+00,-2.000000000000000042e-03
2.736670000000000158e+00,-1.299999999999999940e-02
2.738329999999999931e+00,-1.400000000000000029e-02
2.740000000000000213e+00,0.000000000000000000e+00
2.741670000000000051e+00,1.000000000000000021e-03
2.743329999999999824e+00,-7.000000000000000146e-03
2.745000000000000107e+00,-1.000000000000000021e-02
2.746669999999999945e+00,7.000000000000000146e-03
2.748330000000000162e+00,1.000000000000000021e-02
2.750000000000000000e+00,-5.000000000000000104e-03
2.751669999999999838e+00,-1.499999999999999944e-02
2.753330000000000055e+00,3.000000000000000062e-03
2.754999999999999893e+00,4.000000000000000083e-03
2.756670000000000176e+00,-6.000000000000000125e-03
2.758329999999999949e+00,-1.600000000000000033e-02
2.759999999999999787e+00,-2.000000000000000042e-03
2.761670000000000069e+00,-1.000000000000000021e-03
2.763329999999999842e+00,-1.299999999999999940e-02
2.765000000000000124e+00,-2.000000000000000042e-02
2.766669999999999963e+00,-3.000000000000000062e-03
2.768330000000000179e+00,2.000000000000000042e-03
2.770000000000000018e+00,-6.000000000000000125e-03
2.771669999999999856e+00,-1.400000000000000029e-02
2.773330000000000073e+00,0.000000000000000000e+00
2.774999999999999911e+00,2.000000000000000042e-03
2.776670000000000194e+00,-8.999999999999999320e-03
2.778329999999999966e+00,-1.499999999999999944e-02
2.779999999999999805e+00,-1.000000000000000021e-03
2.781670000000000087e+00,2.000000000000000042e-03
2.783329999999999860e+00,-8.000000000000000167e-03
2.785000000000000142e+00,-1.400000000000000029e-02
2.786669999999999980e+00,3.000000000000000062e-03
2.788330000000000197e+00,7.000000000000000146e-03
2.790000000000000036e+00,-1.000000000000000021e-03
2.791669999999999874e+00,-1.200000000000000025e-02
2.793330000000000091e+00,1.000000000000000021e-03
2.794999999999999929e+00,4.000000000000000083e-03
2.796670000000000211e+00,-6.000000000000000125e-03
2.798329999999999984e+00,-1.600000000000000033e-02
2.799999999999999822e+00,1.000000000000000021e-03
2.801670000000000105e+00,4.000000000000000083e-03
2.803329999999999878e+00,-3.000000000000000062e-03
2.805000000000000160e+00,-1.299999999999999940e-02
2.806669999999999998e+00,-2.000000000000000042e-03
2.808330000000000215e+00,1.000000000000000021e-03
2.810000000000000053e+00,-1.099999999999999936e-02
2.811669999999999892e+00,-2.199999999999999872e-02
2.813330000000000108e+00,-1.000000000000000021e-02
2.814999999999999947e+00,-3.000000000000000062e-03
2.816669999999999785e+00,-8.999999999999999320e-03
2.818330000000000002e+00,-2.199999999999999872e-02
2.819999999999999840e+00,-1.200000000000000025e-02
2.821670000000000122e+00,-3.000000000000000062e-03
2.823329999999999895e+00,-8.000000000000000167e-03
2.825000000000000178e+00,-1.799999999999999864e-02
2.826670000000000016e+00,-4.000000000000000083e-03
2.828329999999999789e+00,3.000000000000000062e-03
2.830000000000000071e+00,-6.000000000000000125e-03
2.831669999999999909e+00,-1.700000000000000122e-02
2.833330000000000126e+00,-7.000000000000000146e-03
2.834999999999999964e+00,0.000000000000000000e+00
2.836669999999999803e+00,-5.000000000000000104e-03
2.838330000000000020e+00,-1.400000000000000029e-02
2.839999999999999858e+00,-2.000000000000000042e-03
2.841670000000000140e+00,6.000000000000000125e-03
2.843329999999999913e+00,1.000000000000000021e-03
2.845000000000000195e+00,-8.999999999999999320e-03
2.846670000000000034e+00,4.000000000000000083e-03
2.848329999999999806e+00,1.299999999999999940e-02
2.850000000000000089e+00,8.999999999999999320e-03
2.851669999999999927e+00,-7.000000000000000146e-03
2.853330000000000144e+00,2.000000000000000042e-03
2.854999999999999982e+00,1.299999999999999940e-02
2.856669999999999821e+00,8.000000000000000167e-03
2.858330000000000037e+00,-7.000000000000000146e-03
2.859999999999999876e+00,3.000000000000000062e-03
2.861670000000000158e+00,1.600000000000000033e-02
2.863329999999999931e+00,1.000000000000000021e-02
2.865000000000000213e+00,-1.000000000000000021e-03
2.866670000000000051e+00,7.000000000000000146e-03
2.868329999999999824e+00,1.600000000000000033e-02
2.870000000000000107e+00,8.000000000000000167e-03
2.871669999999999945e+00,-1.099999999999999936e-02
2.873330000000000162e+00,-6.000000000000000125e-03
2.875000000000000000e+00,6.000000000000000125e-03
2.876669999999999838e+00,2.000000000000000042e-03
2.878330000000000055e+00,-1.099999999999999936e-02
2.879999999999999893e+00,-7.000000000000000146e-03
2.881670000000000176e+00,7.000000000000000146e-03
2.883329999999999949e+00,5.000000000000000104e-03
2.884999999999999787e+00,-1.000000000000000021e-02
2.886670000000000069e+00,-8.000000000000000167e-03
2.888329999999999842e+00,3.000000000000000062e-03
2.890000000000000124e+00,1.000000000000000021e-03
2.891669999999999963e+00,-8.999999999999999320e-03
2.893330000000000179e+00,-6.000000000000000125e-03
2.895000000000000018e+00,7.000000000000000146e-03
2.896669999999999856e+00,6.000000000000000125e-03
2.898330000000000073e+00,-5.000000000000000104e-03
2.899999999999999911e+00,-3.000000000000000062e-03
2.901670000000000194e+00,7.000000000000000146e-03
2.903329999999999966e+00,7.000000000000000146e-03
2.904999999999999805e+00,-5.000000000000000104e-03
2.906670000000000087e+00,-6.000000000000000125e-03
2.908329999999999860e+00,5.000000000000000104e-03
2.910000000000000142e+00,4.000000000000000083e-03
2.911669999999999980e+00,-7.000000000000000146e-03
2.913330000000000197e+00,-6.000000000000000125e-03
2.915000000000000036e+00,7.000000000000000146e-03
2.916669999999999874e+00,5.000000000000000104e-03
2.918330000000000091e+00,-8.999999999999999320e-03
2.919999999999999929e+00,-1.099999999999999936e-02
2.921670000000000211e+00,1.000000000000000021e-03
2.923329999999999984e+00,-3.000000000000000062e-03
2.924999999999999822e+00,-1.799999999999999864e-02
2.926670000000000105e+00,-2.000000000000000042e-02
2.928329999999999878e+00,-7.000000000000000146e-03
2.930000000000000160e+00,-7.000000000000000146e-03
2.931669999999999998e+00,-1.700000000000000122e-02
2.933330000000000215e+00,-1.899999999999999953e-02
2.935000000000000053e+00,-4.000000000000000083e-03
2.936669999999999892e+00,-3.000000000000000062e-03
2.938330000000000108e+00,-1.700000000000000122e-02
2.939999999999999947e+00,-2.100000000000000130e-02
2.941669999999999785e+00,-8.000000000000000167e-03
2.943330000000000002e+00,-1.000000000000000021e-03
2.944999999999999840e+00,-1.200000000000000025e-02
2.946670000000000122e+00,-1.600000000000000033e-02
2.948329999999999895e+00,1.000000000000000021e-03
2.950000000000000178e+00,2.000000000000000042e-03
2.951670000000000016e+00,-1.299999999999999940e-02
2.953329999999999789e+00,-1.899999999999999953e-02
2.955000000000000071e+00,-6.000000000000000125e-03
2.956669999999999909e+00,-5.000000000000000104e-03
2.958330000000000126e+00,-1.700000000000000122e-02
2.959999999999999964e+00,-2.299999999999999961e-02
2.961669999999999803e+00,-8.999999999999999320e-03
2.963330000000000020e+00,-4.000000000000000083e-03
2.964999999999999858e+00,-1.400000000000000029e-02
2.966670000000000140e+00,-1.799999999999999864e-02
2.968329999999999913e+00,-5.000000000000000104e-03
2.970000000000000195e+00,1.000000000000000021e-03
2.971670000000000034e+00,-8.999999999999999320e-03
2.973329999999999806e+00,-1.499999999999999944e-02
2.975000000000000089e+00,0.000000000000000000e+00
2.976669999999999927e+00,7.000000000000000146e-03
2.978330000000000144e+00,-1.000000000000000021e-03
2.979999999999999982e+00,-8.000000000000000167e-03
2.981669999999999821e+00,3.000000000000000062e-03
2.983330000000000037e+00,6.000000000000000125e-03
2.984999999999999876e+00,-5.000000000000000104e-03
2.986670000000000158e+00,-1.499999999999999944e-02
2.988329999999999931e+00,-4.000000000000000083e-03
2.990000000000000213e+00,1.000000000000000021e-03
2.991670000000000051e+00,-8.999999999999999320e-03
2.993329999999999824e+00,-1.600000000000000033e-02
2.995000000000000107e+00,-4.000000000000000083e-03
2.996669999999999945e+00,-1.000000000000000021e-03
2.998330000000000162e+00,-1.000000000000000021e-02
3.000000000000000000e+00,-1.899999999999999953e-02
3.001669999999999838e+00,-6.000000000000000125e-03
3.003330000000000055e+00,1.000000000000000021e-03
3.004999999999999893e+00,-7.000000000000000146e-03
3.006670000000000176e+00,-1.799999999999999864e-02
3.008329999999999949e+00,-5.000000000000000104e-03
3.009999999999999787e+00,3.000000000000000062e-03
3.011670000000000069e+00,-4.000000000000000083e-03
3.013329999999999842e+00,-1.200000000000000025e-02
3.015000000000000124e+00,1.000000000000000021e-03
3.016669999999999963e+00,8.000000000000000167e-03
3.018330000000000179e+00,-1.000000000000000021e-03
3.020000000000000018e+00,-1.200000000000000025e-02
3.021669999999999856e+00,-1.000000000000000021e-03
3.023330000000000073e+00,3.000000000000000062e-03
3.024999999999999911e+00,-8.000000000000000167e-03
3.026670000000000194e+00,-1.499999999999999944e-02
3.028329999999999966e+00,-6.000000000000000125e-03
3.029999999999999805e+00,4.000000000000000083e-03
3.031670000000000087e+00,-1.000000000000000021e-03
3.033329999999999860e+00,-1.099999999999999936e-02
3.035000000000000142e+00,0.000000000000000000e+00
3.036669999999999980e+00,5.000000000000000104e-03
3.038330000000000197e+00,-8.000000000000000167e-03
3.040000000000000036e+00,-1.799999999999999864e-02
3.041669999999999874e+00,-8.999999999999999320e-03
3.043330000000000091e+00,0.000000000000000000e+00
3.044999999999999929e+00,-1.000000000000000021e-03
3.046670000000000211e+00,-1.099999999999999936e-02
3.048329999999999984e+00,1.000000000000000021e-03
3.049999999999999822e+00,8.000000000000000167e-03
3.051670000000000105e+00,0.000000000000000000e+00
3.053329999999999878e+00,-1.299999999999999940e-02
3.055000000000000160e+00,-8.000000000000000167e-03
3.056669999999999998e+00,-1.000000000000000021e-03
3.058330000000000215e+00,-1.000000000000000021e-03
3.060000000000000053e+00,-8.999999999999999320e-03
3.061669999999999892e+00,3.000000000000000062e-03
3.063330000000000108e+00,1.299999999999999940e-02
3.064999999999999947e+00,8.000000000000000167e-03
3.066669999999999785e+00,-5.000000000000000104e-03
3.068330000000000002e+00,3.000000000000000062e-03
3.069999999999999840e+00,1.200000000000000025e-02
3.071670000000000122e+00,6.000000000000000125e-03
3.073329999999999895e+00,-8.999999999999999320e-03
3.075000000000000178e+00,-4.000000000000000083e-03
3.076670000000000016e+00,3.000000000000000062e-03
3.078329999999999789e+00,0.000000000000000000e+00
3.080000000000000071e+00,-1.200000000000000025e-02
3.081669999999999909e+00,-4.000000000000000083e-03
3.083330000000000126e+00,3.000000000000000062e-03
3.084999999999999964e+00,-1.000000000000000021e-03
3.086669999999999803e+00,-1.299999999999999940e-02
3.088330000000000020e+00,-7.000000000000000146e-03
3.089999999999999858e+00,2.000000000000000042e-03
3.091670000000000140e+00,-2.000000000000000042e-03
3.093329999999999913e+00,-1.700000000000000122e-02
3.095000000000000195e+00,-8.999999999999999320e-03
3.096670000000000034e+00,2.000000000000000042e-03
3.098329999999999806e+00,2.000000000000000042e-03
3.100000000000000089e+00,-8.000000000000000167e-03
3.101669999999999927e+00,-3.000000000000000062e-03
3.103330000000000144e+00,7.000000000000000146e-03
3.104999999999999982e+00,5.000000000000000104e-03
3.106669999999999821e+00,-1.000000000000000021e-02
3.108330000000000037e+00,-7.000000000000000146e-03
3.109999999999999876e+00,3.000000000000000062e-03
3.111670000000000158e+00,-4.000000000000000083e-03
3.113329999999999931e+00,-1.600000000000000033e-02
3.115000000000000213e+00,-1.200000000000000025e-02
3.116670000000000051e+00,-1.000000000000000021e-03
3.118329999999999824e+00,-1.000000000000000021e-03
3.120000000000000107e+00,-1.200000000000000025e-02
3.121669999999999945e+00,-5.000000000000000104e-03
3.123330000000000162e+00,6.000000000000000125e-03
3.125000000000000000e+00,5.000000000000000104e-03
3.126669999999999838e+00,-8.000000000000000167e-03
3.128330000000000055e+00,-4.000000000000000083e-03
3.129999999999999893e+00,5.000000000000000104e-03
3.131670000000000176e+00,5.000000000000000104e-03
3.133329999999999949e+00,-7.000000000000000146e-03
3.134999999999999787e+00,-8.000000000000000167e-03
3.136670000000000069e+00,2.000000000000000042e-03
3.138329999999999842e+00,0.000000000000000000e+00
3.140000000000000124e+00,-1.299999999999999940e-02
3.141669999999999963e+00,-1.400000000000000029e-02
3.143330000000000179e+00,-2.000000000000000042e-03
3.145000000000000018e+00,-5.000000000000000104e-03
3.146669999999999856e+00,-1.700000000000000122e-02
3.148330000000000073e+00,-1.299999999999999940e-02
3.149999999999999911e+00,-1.000000000000000021e-03
3.151670000000000194e+00,1.000000000000000021e-03
3.153329999999999966e+00,-1.299999999999999940e-02
3.154999999999999805e+00,-1.299999999999999940e-02
3.156670000000000087e+00,-3.000000000000000062e-03
3.158329999999999860e+00,-3.000000000000000062e-03
3.160000000000000142e+00,-1.400000000000000029e-02
3.161669999999999980e+00,-1.499999999999999944e-02
3.163330000000000197e+00,-3.000000000000000062e-03
3.165000000000000036e+00,2.000000000000000042e-03
3.166669999999999874e+00,-8.999999999999999320e-03
3.168330000000000091e+00,-8.999999999999999320e-03
3.169999999999999929e+00,3.000000000000000062e-03
3.171670000000000211e+00,4.000000000000000083e-03
3.173329999999999984e+00,-1.000000000000000021e-02
3.174999999999999822e+00,-1.499999999999999944e-02
3.176670000000000105e+00,-2.000000000000000042e-03
3.178329999999999878e+00,0.000000000000000000e+00
3.180000000000000160e+00,-1.299999999999999940e-02
3.181669999999999998e+00,-1.799999999999999864e-02
3.183330000000000215e+00,-8.000000000000000167e-03
3.185000000000000053e+00,-8.999999999999999320e-03
3.186669999999999892e+00,-1.799999999999999864e-02
3.188330000000000108e+00,-2.000000000000000042e-02
3.189999999999999947e+00,-6.000000000000000125e-03
3.191669999999999785e+00,0.000000000000000000e+00
3.193330000000000002e+00,-1.099999999999999936e-02
3.194999999999999840e+00,-1.600000000000000033e-02
3.196670000000000122e+00,-2.000000000000000042e-03
3.198329999999999895e+00,4.000000000000000083e-03
3.200000000000000178e+00,-5.000000000000000104e-03
3.201670000000000016e+00,-1.400000000000000029e-02
3.203329999999999789e+00,0.000000000000000000e+00
3.205000000000000071e+00,6.000000000000000125e-03
3.206669999999999909e+00,-4.000000000000000083e-03
3.208330000000000126e+00,-1.299999999999999940e-02
3.209999999999999964e+00,1.000000000000000021e-03
3.211669999999999803e+00,6.000000000000000125e-03
3.213330000000000020e+00,-4.000000000000000083e-03
3.214999999999999858e+00,-8.999999999999999320e-03
3.216670000000000140e+00,2.000000000000000042e-03
3.218329999999999913e+00,4.000000000000000083e-03
3.220000000000000195e+00,-3.000000000000000062e-03
3.221670000000000034e+00,-1.299999999999999940e-02
3.223329999999999806e+00,-3.000000000000000062e-03
3.225000000000000089e+00,1.000000000000000021e-03
3.226669999999999927e+00,-8.999999999999999320e-03
3.228330000000000144e+00,-1.700000000000000122e-02
3.229999999999999982e+00,-2.000000000000000042e-03
3.231669999999999821e+00,6.000000000000000125e-03
3.233330000000000037e+00,-5.000000000000000104e-03
3.234999999999999876e+00,-1.799999999999999864e-02
3.236670000000000158e+00,-8.000000000000000167e-03
3.238329999999999931e+00,-3.000000000000000062e-03
3.240000000000000213e+00,-1.099999999999999936e-02
3.241670000000000051e+00,-2.299999999999999961e-02
3.243329999999999824e+00,-1.200000000000000025e-02
3.245000000000000107e+00,-5.000000000000000104e-03
3.246669999999999945e+00,-1.000000000000000021e-02
3.248330000000000162e+00,-1.700000000000000122e-02
3.250000000000000000e+00,-2.000000000000000042e-03
3.251669999999999838e+00,6.000000000000000125e-03
3.253330000000000055e+00,0.000000000000000000e+00
3.254999999999999893e+00,-1.000000000000000021e-02
3.256670000000000176e+00,0.000000000000000000e+00
3.258329999999999949e+00,8.000000000000000167e-03
3.259999999999999787e+00,-1.000000000000000021e-03
3.261670000000000069e+00,-1.400000000000000029e-02
3.263329999999999842e+00,-4.000000000000000083e-03
3.265000000000000124e+00,4.000000000000000083e-03
3.266669999999999963e+00,-5.000000000000000104e-03
3.268330000000000179e+00,-2.100000000000000130e-02
3.270000000000000018e+00,-1.099999999999999936e-02
3.271669999999999856e+00,-3.000000000000000062e-03
3.273330000000000073e+00,-6.000000000000000125e-03
3.274999999999999911e+00,-2.100000000000000130e-02
3.276670000000000194e+00,-1.200000000000000025e-02
3.278329999999999966e+00,-3.000000000000000062e-03
3.279999999999999805e+00,-1.099999999999999936e-02
3.281670000000000087e+00,-2.500000000000000139e-02
3.283329999999999860e+00,-1.499999999999999944e-02
3.285000000000000142e+00,-5.000000000000000104e-03
3.286669999999999980e+00,-1.000000000000000021e-02
3.288330000000000197e+00,-2.400000000000000050e-02
3.290000000000000036e+00,-1.400000000000000029e-02
3.291669999999999874e+00,-4.000000000000000083e-03
3.293330000000000091e+00,-6.000000000000000125e-03
3.294999999999999929e+00,-2.000000000000000042e-02
3.296670000000000211e+00,-1.099999999999999936e-02
3.298329999999999984e+00,0.000000000000000000e+00
3.299999999999999822e+00,-1.000000000000000021e-03
3.301670000000000105e+00,-1.200000000000000025e-02
3.303329999999999878e+00,-5.000000000000000104e-03
3.305000000000000160e+00,4.000000000000000083e-03
3.306669999999999998e+00,3.000000000000000062e-03
3.308330000000000215e+00,-1.200000000000000025e-02
3.310000000000000053e+00,-7.000000000000000146e-03
3.311669999999999892e+00,3.000000000000000062e-03
3.313330000000000108e+00,1.000000000000000021e-03
3.314999999999999947e+00,-1.099999999999999936e-02
3.316669999999999785e+00,-4.000000000000000083e-03
3.318330000000000002e+00,7.000000000000000146e-03
3.319999999999999840e+00,5.000000000000000104e-03
3.321670000000000122e+00,-8.999999999999999320e-03
3.323329999999999895e+00,-6.000000000000000125e-03
3.325000000000000178e+00,4.000000000000000083e-03
3.326670000000000016e+00,2.000000000000000042e-03
3.328329999999999789e+00,-1.099999999999999936e-02
3.330000000000000071e+00,-8.000000000000000167e-03
3.331669999999999909e+00,2.000000000000000042e-03
3.333330000000000126e+00,-2.000000000000000042e-03
3.334999999999999964e+00,-1.700000000000000122e-02
3.336669999999999803e+00,-1.499999999999999944e-02
3.338330000000000020e+00,-4.000000000000000083e-03
3.339999999999999858e+00,-5.000000000000000104e-03
3.341670000000000140e+00,-1.700000000000000122e-02
3.343329999999999913e+00,-1.099999999999999936e-02
3.345000000000000195e+00,1.000000000000000021e-03
3.346670000000000034e+00,1.000000000000000021e-03
3.348329999999999806e+00,-1.299999999999999940e-02
3.350000000000000089e+00,-1.400000000000000029e-02
3.351669999999999927e+00,2.000000000000000042e-03
3.353330000000000144e+00,2.000000000000000042e-03
3.354999999999999982e+00,-1.400000000000000029e-02
3.356669999999999821e+00,-1.400000000000000029e-02
3.358330000000000037e+00,-3.000000000000000062e-03
3.359999999999999876e+00,-4.000000000000000083e-03
3.361670000000000158e+00,-1.899999999999999953e-02
3.363329999999999931e+00,-2.000000000000000042e-02
3.365000000000000213e+00,-8.999999999999999320e-03
3.366670000000000051e+00,-8.999999999999999320e-03
3.368329999999999824e+00,-2.100000000000000130e-02
3.370000000000000107e+00,-2.100000000000000130e-02
3.371669999999999945e+00,-1.000000000000000021e-02
3.373330000000000162e+00,-8.999999999999999320e-03
3.375000000000000000e+00,-2.000000000000000042e-02
3.376669999999999838e+00,-2.299999999999999961e-02
3.378330000000000055e+00,-8.999999999999999320e-03
3.379999999999999893e+00,-4.000000000000000083e-03
3.381670000000000176e+00,-1.499999999999999944e-02
3.383329999999999949e+00,-1.600000000000000033e-02
3.384999999999999787e+00,-2.000000000000000042e-03
3.386670000000000069e+00,-2.000000000000000042e-03
3.388329999999999842e+00,-1.600000000000000033e-02
3.390000000000000124e+00,-2.299999999999999961e-02
3.391669999999999963e+00,-1.099999999999999936e-02
3.393330000000000179e+00,-1.000000000000000021e-02
3.395000000000000018e+00,-1.899999999999999953e-02
3.396669999999999856e+00,-2.199999999999999872e-02
3.398330000000000073e+00,-1.000000000000000021e-02
3.399999999999999911e+00,-7.000000000000000146e-03
3.401670000000000194e+00,-1.499999999999999944e-02
3.403329999999999966e+00,-1.899999999999999953e-02
3.404999999999999805e+00,-3.000000000000000062e-03
3.406670000000000087e+00,1.000000000000000021e-03
3.408329999999999860e+00,-1.000000000000000021e-02
3.410000000000000142e+00,-1.700000000000000122e-02
3.411669999999999980e+00,-5.000000000000000104e-03
3.413330000000000197e+00,0.000000000000000000e+00
3.415000000000000036e+00,-8.999999999999999320e-03
3.416669999999999874e+00,-1.700000000000000122e-02
3.418330000000000091e+00,-3.000000000000000062e-03
3.419999999999999929e+00,1.000000000000000021e-03
3.421670000000000211e+00,-5.000000000000000104e-03
3.423329999999999984e+00,-1.299999999999999940e-02
3.424999999999999822e+00,1.000000000000000021e-03
3.426670000000000105e+00,4.000000000000000083e-03
3.428329999999999878e+00,-4.000000000000000083e-03
3.430000000000000160e+00,-1.299999999999999940e-02
3.431669999999999998e+00,0.000000000000000000e+00
3.433330000000000215e+00,5.000000000000000104e-03
3.435000000000000053e+00,-4.000000000000000083e-03
3.436669999999999892e+00,-1.600000000000000033e-02
3.438330000000000108e+00,-5.000000000000000104e-03
3.439999999999999947e+00,-3.000000000000000062e-03
3.441669999999999785e+00,-1.200000000000000025e-02
3.443330000000000002e+00,-2.100000000000000130e-02
3.444999999999999840e+00,-4.000000000000000083e-03
3.446670000000000122e+00,3.000000000000000062e-03
3.448329999999999895e+00,-4.000000000000000083e-03
3.450000000000000178e+00,-1.400000000000000029e-02
3.451670000000000016e+00,-1.000000000000000021e-03
3.453329999999999789e+00,5.000000000000000104e-03
3.455000000000000071e+00,-2.000000000000000042e-03
3.456669999999999909e+00,-1.400000000000000029e-02
3.458330000000000126e+00,-2.000000000000000042e-03
3.459999999999999964e+00,5.000000000000000104e-03
3.461669999999999803e+00,-3.000000000000000062e-03
3.463330000000000020e+00,-1.400000000000000029e-02
3.464999999999999858e+00,-2.000000000000000042e-03
3.466670000000000140e+00,2.000000000000000042e-03
3.468329999999999913e+00,-5.000000000000000104e-03
3.470000000000000195e+00,-1.799999999999999864e-02
3.471670000000000034e+00,-8.000000000000000167e-03
3.473329999999999806e+00,0.000000000000000000e+00
3.475000000000000089e+00,-1.000000000000000021e-03
3.476669999999999927e+00,-1.499999999999999944e-02
3.478330000000000144e+00,-8.000000000000000167e-03
3.479999999999999982e+00,-2.000000000000000042e-03
3.481669999999999821e+00,-6.000000000000000125e-03
3.483330000000000037e+00,-1.700000000000000122e-02
3.484999999999999876e+00,-5.000000000000000104e-03
3.486670000000000158e+00,4.000000000000000083e-03
3.488329999999999931e+00,-3.000000000000000062e-03
3.490000000000000213e+00,-1.799999999999999864e-02
3.491670000000000051e+00,-1.200000000000000025e-02
3.493329999999999824e+00,-2.000000000000000042e-03
3.495000000000000107e+00,-4.000000000000000083e-03
3.496669999999999945e+00,-1.700000000000000122e-02
3.498330000000000162e+00,-8.000000000000000167e-03
3.500000000000000000e+00,2.000000000000000042e-03
3.501669999999999838e+00,-4.000000000000000083e-03
3.503330000000000055e+00,-1.499999999999999944e-02
3.504999999999999893e+00,-6.000000000000000125e-03
3.506670000000000176e+00,2.000000000000000042e-03
3.508329999999999949e+00,0.000000000000000000e+00
3.509999999999999787e+00,-1.400000000000000029e-02
3.511670000000000069e+00,-7.000000000000000146e-03
3.513329999999999842e+00,5.000000000000000104e-03
3.515000000000000124e+00,4.000000000000000083e-03
3.516669999999999963e+00,-8.999999999999999320e-03
3.518330000000000179e+00,-3.000000000000000062e-03
3.520000000000000018e+00,5.000000000000000104e-03
3.521669999999999856e+00,5.000000000000000104e-03
3.523330000000000073e+00,-7.000000000000000146e-03
3.524999999999999911e+00,-4.000000000000000083e-03
3.526670000000000194e+00,4.000000000000000083e-03
3.528329999999999966e+00,0.000000000000000000e+00
3.529999999999999805e+00,-1.000000000000000021e-02
3.531670000000000087e+00,-5.000000000000000104e-03
3.533329999999999860e+00,8.000000000000000167e-03
3.535000000000000142e+00,3.000000000000000062e-03
3.536669999999999980e+00,-1.200000000000000025e-02
3.538330000000000197e+00,-1.499999999999999944e-02
3.540000000000000036e+00,0.000000000000000000e+00
3.541669999999999874e+00,-2.000000000000000042e-03
3.543330000000000091e+00,-1.200000000000000025e-02
3.544999999999999929e+00,-1.299999999999999940e-02
3.546670000000000211e+00,5.000000000000000104e-03
3.548329999999999984e+00,5.000000000000000104e-03
3.549999999999999822e+00,-5.000000000000000104e-03
3.551670000000000105e+00,-1.000000000000000021e-02
3.553329999999999878e+00,8.000000000000000167e-03
3.555000000000000160e+00,8.000000000000000167e-03
3.556669999999999998e+00,-2.000000000000000042e-03
3.558330000000000215e+00,-4.000000000000000083e-03
3.560000000000000053e+00,8.999999999999999320e-03
3.561669999999999892e+00,7.000000000000000146e-03
3.563330000000000108e+00,-5.000000000000000104e-03
3.564999999999999947e+00,-1.400000000000000029e-02
3.566669999999999785e+00,2.000000000000000042e-03
3.568330000000000002e+00,1.000000000000000021e-03
3.569999999999999840e+00,-8.000000000000000167e-03
3.571670000000000122e+00,-1.400000000000000029e-02
3.573329999999999895e+00,-2.000000000000000042e-03
3.575000000000000178e+00,0.000000000000000000e+00
3.576670000000000016e+00,-1.000000000000000021e-02
3.578329999999999789e+00,-1.600000000000000033e-02
3.580000000000000071e+00,-3.000000000000000062e-03
3.581669999999999909e+00,5.000000000000000104e-03
3.583330000000000126e+00,-6.000000000000000125e-03
3.584999999999999964e+00,-1.200000000000000025e-02
3.586669999999999803e+00,1.000000000000000021e-03
3.588330000000000020e+00,4.000000000000000083e-03
3.589999999999999858e+00,-5.000000000000000104e-03
3.591670000000000140e+00,-1.499999999999999944e-02
3.593329999999999913e+00,-3.000000000000000062e-03
3.595000000000000195e+00,2.000000000000000042e-03
3.596670000000000034e+00,-7.000000000000000146e-03
3.598329999999999806e+00,-1.600000000000000033e-02
3.600000000000000089e+00,0.000000000000000000e+00
3.601669999999999927e+00,4.000000000000000083e-03
3.603330000000000144e+00,-7.000000000000000146e-03
3.604999999999999982e+00,-1.499999999999999944e-02
3.606669999999999821e+00,-1.000000000000000021e-03
3.608330000000000037e+00,1.000000000000000021e-02
3.609999999999999876e+00,4.000000000000000083e-03
3.611670000000000158e+00,-7.000000000000000146e-03
3.613329999999999931e+00,8.000000000000000167e-03
3.615000000000000213e+00,1.400000000000000029e-02
3.616670000000000051e+00,6.000000000000000125e-03
3.618329999999999824e+00,-8.000000000000000167e-03
3.620000000000000107e+00,2.000000000000000042e-03
3.621669999999999945e+00,1.099999999999999936e-02
3.623330000000000162e+00,2.000000000000000042e-03
3.625000000000000000e+00,-8.999999999999999320e-03
3.626669999999999838e+00,2.000000000000000042e-03
3.628330000000000055e+00,1.000000000000000021e-02
3.629999999999999893e+00,5.000000000000000104e-03
3.631670000000000176e+00,-6.000000000000000125e-03
3.633329999999999949e+00,3.000000000000000062e-03
3.634999999999999787e+00,7.000000000000000146e-03
3.636670000000000069e+00,-1.000000000000000021e-03
3.638329999999999842e+00,-1.400000000000000029e-02
3.640000000000000124e+00,-5.000000000000000104e-03
3.641669999999999963e+00,-2.000000000000000042e-03
3.643330000000000179e+00,-1.000000000000000021e-02
3.645000000000000018e+00,-2.299999999999999961e-02
3.646669999999999856e+00,-1.099999999999999936e-02
3.648330000000000073e+00,0.000000000000000000e+00
3.649999999999999911e+00,-2.000000000000000042e-03
3.651670000000000194e+00,-1.400000000000000029e-02
3.653329999999999966e+00,1.000000000000000021e-03
3.654999999999999805e+00,1.000000000000000021e-02
3.656670000000000087e+00,4.000000000000000083e-03
3.658329999999999860e+00,-1.099999999999999936e-02
3.660000000000000142e+00,0.000000000000000000e+00
3.661669999999999980e+00,8.000000000000000167e-03
3.663330000000000197e+00,5.000000000000000104e-03
3.665000000000000036e+00,-8.000000000000000167e-03
3.666669999999999874e+00,1.000000000000000021e-03
3.668330000000000091e+00,1.099999999999999936e-02
3.669999999999999929e+00,7.000000000000000146e-03
3.671670000000000211e+00,-8.999999999999999320e-03
3.673329999999999984e+00,-2.000000000000000042e-03
3.674999999999999822e+00,6.000000000000000125e-03
3.676670000000000105e+00,1.000000000000000021e-03
3.678329999999999878e+00,-1.200000000000000025e-02
3.680000000000000160e+00,-5.000000000000000104e-03
3.681669999999999998e+00,3.000000000000000062e-03
3.683330000000000215e+00,-3.000000000000000062e-03
3.685000000000000053e+00,-1.700000000000000122e-02
3.686669999999999892e+00,-1.000000000000000021e-02
3.688330000000000108e+00,3.000000000000000062e-03
3.689999999999999947e+00,-2.000000000000000042e-03
3.691669999999999785e+00,-1.299999999999999940e-02
3.693330000000000002e+00,-4.000000000000000083e-03
3.694999999999999840e+00,6.000000000000000125e-03
3.696670000000000122e+00,2.000000000000000042e-03
3.698329999999999895e+00,-1.400000000000000029e-02
3.700000000000000178e+00,-1.000000000000000021e-02
3.701670000000000016e+00,5.000000000000000104e-03
3.703329999999999789e+00,3.000000000000000062e-03
3.705000000000000071e+00,-1.200000000000000025e-02
3.706669999999999909e+00,-1.000000000000000021e-02
3.708330000000000126e+00,5.000000000000000104e-03
3.709999999999999964e+00,8.999999999999999320e-03
3.711669999999999803e+00,-6.000000000000000125e-03
3.713330000000000020e+00,-3.000000000000000062e-03
3.714999999999999858e+00,1.000000000000000021e-02
3.716670000000000140e+00,8.999999999999999320e-03
3.718329999999999913e+00,-6.000000000000000125e-03
3.720000000000000195e+00,-8.000000000000000167e-03
3.721670000000000034e+00,8.000000000000000167e-03
3.723329999999999806e+00,8.999999999999999320e-03
3.725000000000000089e+00,-7.000000000000000146e-03
3.726669999999999927e+00,-1.000000000000000021e-02
3.728330000000000144e+00,4.000000000000000083e-03
3.729999999999999982e+00,6.000000000000000125e-03
3.731669999999999821e+00,-5.000000000000000104e-03
3.733330000000000037e+00,-4.000000000000000083e-03
3.734999999999999876e+00,8.999999999999999320e-03
3.736670000000000158e+00,7.000000000000000146e-03
3.738329999999999931e+00,-5.000000000000000104e-03
3.740000000000000213e+00,-8.000000000000000167e-03
3.741670000000000051e+00,6.000000000000000125e-03
3.743329999999999824e+00,7.000000000000000146e-03
3.745000000000000107e+00,-2.000000000000000042e-03
3.746669999999999945e+00,-3.000000000000000062e-03
3.748330000000000162e+00,1.000000000000000021e-02
3.750000000000000000e+00,8.999999999999999320e-03
3.751669999999999838e+00,-6.000000000000000125e-03
3.753330000000000055e+00,-1.200000000000000025e-02
3.754999999999999893e+00,2.000000000000000042e-03
3.756670000000000176e+00,3.000000000000000062e-03
3.758329999999999949e+00,-5.000000000000000104e-03
3.759999999999999787e+00,-8.000000000000000167e-03
3.761670000000000069e+00,4.000000000000000083e-03
3.763329999999999842e+00,8.000000000000000167e-03
3.765000000000000124e+00,-1.000000000000000021e-03
3.766669999999999963e+00,-8.999999999999999320e-03
3.768330000000000179e+00,4.000000000000000083e-03
3.770000000000000018e+00,5.000000000000000104e-03
3.771669999999999856e+00,-5.000000000000000104e-03
3.773330000000000073e+00,-1.000000000000000021e-02
3.774999999999999911e+00,2.000000000000000042e-03
3.776670000000000194e+00,7.000000000000000146e-03
3.778329999999999966e+00,-2.000000000000000042e-03
3.779999999999999805e+00,-4.000000000000000083e-03
3.781670000000000087e+00,1.000000000000000021e-02
3.783329999999999860e+00,1.099999999999999936e-02
3.785000000000000142e+00,-2.000000000000000042e-03
3.786669999999999980e+00,-8.000000000000000167e-03
3.788330000000000197e+00,7.000000000000000146e-03
3.790000000000000036e+00,1.299999999999999940e-02
3.791669999999999874e+00,2.000000000000000042e-03
3.793330000000000091e+00,-6.000000000000000125e-03
3.794999999999999929e+00,1.200000000000000025e-02
3.796670000000000211e+00,1.700000000000000122e-02
3.798329999999999984e+00,6.000000000000000125e-03
3.799999999999999822e+00,-2.000000000000000042e-03
3.801670000000000105e+00,1.000000000000000021e-02
3.803329999999999878e+00,1.200000000000000025e-02
3.805000000000000160e+00,4.000000000000000083e-03
3.806669999999999998e+00,-5.000000000000000104e-03
3.808330000000000215e+00,5.000000000000000104e-03
3.810000000000000053e+00,1.099999999999999936e-02
3.811669999999999892e+00,2.000000000000000042e-03
3.813330000000000108e+00,-8.000000000000000167e-03
3.814999999999999947e+00,6.000000000000000125e-03
3.816669999999999785e+00,1.499999999999999944e-02
3.818330000000000002e+00,8.000000000000000167e-03
3.819999999999999840e+00,-2.000000000000000042e-03
3.821670000000000122e+00,1.099999999999999936e-02
3.823329999999999895e+00,1.799999999999999864e-02
3.825000000000000178e+00,6.000000000000000125e-03
3.826670000000000016e+00,-1.000000000000000021e-02
3.828329999999999789e+00,5.000000000000000104e-03
3.830000000000000071e+00,1.000000000000000021e-02
3.831669999999999909e+00,1.000000000000000021e-03
3.833330000000000126e+00,-8.999999999999999320e-03
3.834999999999999964e+00,4.000000000000000083e-03
3.836669999999999803e+00,1.200000000000000025e-02
3.838330000000000020e+00,4.000000000000000083e-03
3.839999999999999858e+00,-8.999999999999999320e-03
3.841670000000000140e+00,1.000000000000000021e-03
3.843329999999999913e+00,1.099999999999999936e-02
3.845000000000000195e+00,5.000000000000000104e-03
3.846670000000000034e+00,-8.000000000000000167e-03
3.848329999999999806e+00,5.000000000000000104e-03
3.850000000000000089e+00,1.099999999999999936e-02
3.851669999999999927e+00,5.000000000000000104e-03
3.853330000000000144e+00,-7.000000000000000146e-03
3.854999999999999982e+00,2.000000000000000042e-03
3.856669999999999821e+00,8.999999999999999320e-03
3.858330000000000037e+00,5.000000000000000104e-03
3.859999999999999876e+00,-7.000000000000000146e-03
3.861670000000000158e+00,1.000000000000000021e-03
3.863329999999999931e+00,1.099999999999999936e-02
3.865000000000000213e+00,6.000000000000000125e-03
3.866670000000000051e+00,-6.000000000000000125e-03
3.868329999999999824e+00,1.000000000000000021e-03
3.870000000000000107e+00,1.299999999999999940e-02
3.871669999999999945e+00,7.000000000000000146e-03
3.873330000000000162e+00,-6.000000000000000125e-03
3.875000000000000000e+00,0.000000000000000000e+00
3.876669999999999838e+00,7.000000000000000146e-03
3.878330000000000055e+00,3.000000000000000062e-03
3.879999999999999893e+00,-8.000000000000000167e-03
3.881670000000000176e+00,0.000000000000000000e+00
3.883329999999999949e+00,1.099999999999999936e-02
3.884999999999999787e+00,7.000000000000000146e-03
3.886670000000000069e+00,-4.000000000000000083e-03
3.888329999999999842e+00,2.000000000000000042e-03
3.890000000000000124e+00,1.200000000000000025e-02
3.891669999999999963e+00,6.000000000000000125e-03
3.893330000000000179e+00,-8.000000000000000167e-03
3.895000000000000018e+00,-2.000000000000000042e-03
3.896669999999999856e+00,1.200000000000000025e-02
3.898330000000000073e+00,1.000000000000000021e-02
3.899999999999999911e+00,-3.000000000000000062e-03
3.901670000000000194e+00,2.000000000000000042e-03
3.903329999999999966e+00,1.600000000000000033e-02
3.904999999999999805e+00,1.600000000000000033e-02
3.906670000000000087e+00,3.000000000000000062e-03
3.908329999999999860e+00,5.000000000000000104e-03
3.910000000000000142e+00,1.499999999999999944e-02
3.911669999999999980e+00,1.200000000000000025e-02
3.913330000000000197e+00,2.000000000000000042e-03
3.915000000000000036e+00,6.000000000000000125e-03
3.916669999999999874e+00,1.799999999999999864e-02
3.918330000000000091e+00,2.000000000000000042e-02
3.919999999999999929e+00,1.200000000000000025e-02
3.921670000000000211e+00,1.499999999999999944e-02
3.923329999999999984e+00,2.699999999999999969e-02
3.924999999999999822e+00,2.400000000000000050e-02
3.926670000000000105e+00,7.000000000000000146e-03
3.928329999999999878e+00,7.000000000000000146e-03
3.930000000000000160e+00,2.000000000000000042e-02
3.931669999999999998e+00,1.899999999999999953e-02
3.933330000000000215e+00,6.000000000000000125e-03
3.935000000000000053e+00,3.000000000000000062e-03
3.936669999999999892e+00,1.600000000000000033e-02
3.938330000000000108e+00,1.299999999999999940e-02
3.939999999999999947e+00,0.000000000000000000e+00
3.941669999999999785e+00,0.000000000000000000e+00
3.943330000000000002e+00,1.400000000000000029e-02
3.944999999999999840e+00,1.499999999999999944e-02
3.946670000000000122e+00,3.000000000000000062e-03
3.948329999999999895e+00,2.000000000000000042e-03
3.950000000000000178e+00,1.299999999999999940e-02
3.951670000000000016e+00,1.400000000000000029e-02
3.953329999999999789e+00,5.000000000000000104e-03
3.955000000000000071e+00,3.000000000000000062e-03
3.956669999999999909e+00,1.600000000000000033e-02
3.958330000000000126e+00,1.499999999999999944e-02
3.959999999999999964e+00,4.000000000000000083e-03
3.961669999999999803e+00,0.000000000000000000e+00
3.963330000000000020e+00,1.299999999999999940e-02
3.964999999999999858e+00,1.299999999999999940e-02
3.966670000000000140e+00,5.000000000000000104e-03
3.968329999999999913e+00,0.000000000000000000e+00
3.970000000000000195e+00,1.299999999999999940e-02
3.971670000000000034e+00,1.400000000000000029e-02
3.973329999999999806e+00,3.000000000000000062e-03
3.975000000000000089e+00,-2.000000000000000042e-03
3.976669999999999927e+00,1.299999999999999940e-02
3.978330000000000144e+00,1.299999999999999940e-02
3.979999999999999982e+00,4.000000000000000083e-03
3.981669999999999821e+00,-1.000000000000000021e-03
3.983330000000000037e+00,1.200000000000000025e-02
3.984999999999999876e+00,1.499999999999999944e-02
3.986670000000000158e+00,2.000000000000000042e-03
3.988329999999999931e+00,-7.000000000000000146e-03
3.990000000000000213e+00,5.000000000000000104e-03
3.991670000000000051e+00,8.000000000000000167e-03
3.993329999999999824e+00,-6.000000000000000125e-03
3.995000000000000107e+00,-1.000000000000000021e-02
3.996669999999999945e+00,5.000000000000000104e-03
3.998330000000000162e+00,8.999999999999999320e-03
4.000000000000000000e+00,1.000000000000000021e-03
4.001669999999999838e+00,-2.000000000000000042e-03
4.003330000000000055e+00,1.299999999999999940e-02
4.004999999999999893e+00,1.799999999999999864e-02
4.006669999999999732e+00,8.999999999999999320e-03
4.008329999999999949e+00,-2.000000000000000042e-03
4.009999999999999787e+00,6.000000000000000125e-03
4.011669999999999625e+00,8.999999999999999320e-03
4.013329999999999842e+00,0.000000000000000000e+00
4.014999999999999680e+00,-5.000000000000000104e-03
4.016670000000000407e+00,8.999999999999999320e-03
4.018329999999999735e+00,1.600000000000000033e-02
4.019999999999999574e+00,7.000000000000000146e-03
4.021670000000000300e+00,-1.000000000000000021e-03
4.023329999999999629e+00,1.099999999999999936e-02
4.025000000000000355e+00,1.700000000000000122e-02
4.026670000000000194e+00,1.000000000000000021e-02
4.028330000000000410e+00,0.000000000000000000e+00
4.030000000000000249e+00,8.999999999999999320e-03
4.031670000000000087e+00,1.400000000000000029e-02
4.033330000000000304e+00,8.000000000000000167e-03
4.035000000000000142e+00,-1.000000000000000021e-03
4.036669999999999980e+00,1.099999999999999936e-02
4.038330000000000197e+00,1.700000000000000122e-02
4.040000000000000036e+00,8.999999999999999320e-03
4.041669999999999874e+00,-4.000000000000000083e-03
4.043330000000000091e+00,2.000000000000000042e-03
4.044999999999999929e+00,8.999999999999999320e-03
4.046669999999999767e+00,6.000000000000000125e-03
4.048329999999999984e+00,-3.000000000000000062e-03
4.049999999999999822e+00,4.000000000000000083e-03
4.051669999999999661e+00,6.000000000000000125e-03
4.053329999999999878e+00,-4.000000000000000083e-03
4.054999999999999716e+00,-1.400000000000000029e-02
4.056670000000000442e+00,-6.000000000000000125e-03
4.058329999999999771e+00,0.000000000000000000e+00
4.059999999999999609e+00,-8.000000000000000167e-03
4.061670000000000336e+00,-1.499999999999999944e-02
4.063329999999999664e+00,-5.000000000000000104e-03
4.065000000000000391e+00,1.000000000000000021e-03
4.066670000000000229e+00,-4.000000000000000083e-03
4.068329999999999558e+00,-1.600000000000000033e-02
4.070000000000000284e+00,-7.000000000000000146e-03
4.071670000000000122e+00,3.000000000000000062e-03
4.073330000000000339e+00,-1.000000000000000021e-03
4.075000000000000178e+00,-1.200000000000000025e-02
4.076670000000000016e+00,-4.000000000000000083e-03
4.078330000000000233e+00,3.000000000000000062e-03
4.080000000000000071e+00,-6.000000000000000125e-03
4.081669999999999909e+00,-1.700000000000000122e-02
4.083330000000000126e+00,-6.000000000000000125e-03
4.084999999999999964e+00,8.000000000000000167e-03
4.086669999999999803e+00,6.000000000000000125e-03
4.088330000000000020e+00,-4.000000000000000083e-03
4.089999999999999858e+00,6.000000000000000125e-03
4.091669999999999696e+00,1.400000000000000029e-02
4.093329999999999913e+00,8.000000000000000167e-03
4.094999999999999751e+00,-6.000000000000000125e-03
4.096669999999999590e+00,1.000000000000000021e-03
4.098329999999999806e+00,1.299999999999999940e-02
4.099999999999999645e+00,8.000000000000000167e-03
4.101670000000000371e+00,-8.000000000000000167e-03
4.103329999999999700e+00,-4.000000000000000083e-03
4.105000000000000426e+00,8.999999999999999320e-03
4.106670000000000265e+00,5.000000000000000104e-03
4.108329999999999593e+00,-8.000000000000000167e-03
4.110000000000000320e+00,0.000000000000000000e+00
4.111670000000000158e+00,1.200000000000000025e-02
4.113330000000000375e+00,1.000000000000000021e-02
4.115000000000000213e+00,-3.000000000000000062e-03
4.116670000000000051e+00,3.000000000000000062e-03
4.118330000000000268e+00,1.299999999999999940e-02
4.120000000000000107e+00,6.000000000000000125e-03
4.121669999999999945e+00,-5.000000000000000104e-03
4.123330000000000162e+00,-1.000000000000000021e-03
4.125000000000000000e+00,8.000000000000000167e-03
4.126669999999999838e+00,4.000000000000000083e-03
4.128330000000000055e+00,-8.999999999999999320e-03
4.129999999999999893e+00,-3.000000000000000062e-03
4.131669999999999732e+00,8.999999999999999320e-03
4.133329999999999949e+00,8.000000000000000167e-03
4.134999999999999787e+00,-8.999999999999999320e-03
4.136669999999999625e+00,-6.000000000000000125e-03
4.138329999999999842e+00,4.000000000000000083e-03
4.139999999999999680e+00,2.000000000000000042e-03
4.141670000000000407e+00,-8.000000000000000167e-03
4.143329999999999735e+00,-5.000000000000000104e-03
4.144999999999999574e+00,2.000000000000000042e-03
4.146670000000000300e+00,-3.000000000000000062e-03
4.148329999999999629e+00,-1.600000000000000033e-02
4.150000000000000355e+00,-1.099999999999999936e-02
4.151670000000000194e+00,5.000000000000000104e-03
4.153330000000000410e+00,1.000000000000000021e-02
4.155000000000000249e+00,2.000000000000000042e-03
4.156670000000000087e+00,3.000000000000000062e-03
4.158330000000000304e+00,1.099999999999999936e-02
4.160000000000000142e+00,1.000000000000000021e-02
4.161669999999999980e+00,-3.000000000000000062e-03
4.163330000000000197e+00,-2.000000000000000042e-03
4.165000000000000036e+00,8.999999999999999320e-03
4.166669999999999874e+00,8.000000000000000167e-03
4.168330000000000091e+00,-5.000000000000000104e-03
4.169999999999999929e+00,-6.000000000000000125e-03
4.171669999999999767e+00,3.000000000000000062e-03
4.173329999999999984e+00,4.000000000000000083e-03
4.174999999999999822e+00,-8.999999999999999320e-03
4.176669999999999661e+00,-8.999999999999999320e-03
4.178329999999999878e+00,0.000000000000000000e+00
4.179999999999999716e+00,5.000000000000000104e-03
4.181670000000000442e+00,-3.000000000000000062e-03
4.183329999999999771e+00,-2.000000000000000042e-03
4.184999999999999609e+00,1.299999999999999940e-02
4.186670000000000336e+00,1.200000000000000025e-02
4.188329999999999664e+00,-1.000000000000000021e-03
4.190000000000000391e+00,-4.000000000000000083e-03
4.191670000000000229e+00,1.000000000000000021e-02
4.193329999999999558e+00,1.200000000000000025e-02
4.195000000000000284e+00,1.000000000000000021e-03
4.196670000000000122e+00,-1.000000000000000021e-03
4.198330000000000339e+00,1.299999999999999940e-02
4.200000000000000178e+00,1.700000000000000122e-02
4.201670000000000016e+00,6.000000000000000125e-03
4.203330000000000233e+00,2.000000000000000042e-03
4.205000000000000071e+00,1.099999999999999936e-02
4.206669999999999909e+00,1.200000000000000025e-02
4.208330000000000126e+00,1.000000000000000021e-03
4.209999999999999964e+00,-4.000000000000000083e-03
4.211669999999999803e+00,8.000000000000000167e-03
4.213330000000000020e+00,1.099999999999999936e-02
4.214999999999999858e+00,-2.000000000000000042e-03
4.216669999999999696e+00,-8.999999999999999320e-03
4.218329999999999913e+00,2.000000000000000042e-03
4.219999999999999751e+00,4.000000000000000083e-03
4.221669999999999590e+00,-8.999999999999999320e-03
4.223329999999999806e+00,-1.700000000000000122e-02
4.224999999999999645e+00,-3.000000000000000062e-03
4.226670000000000371e+00,3.000000000000000062e-03
4.228329999999999700e+00,-3.000000000000000062e-03
4.230000000000000426e+00,-1.099999999999999936e-02
4.231670000000000265e+00,0.000000000000000000e+00
4.233329999999999593e+00,8.999999999999999320e-03
4.235000000000000320e+00,3.000000000000000062e-03
4.236670000000000158e+00,-5.000000000000000104e-03
4.238330000000000375e+00,8.000000000000000167e-03
4.240000000000000213e+00,1.400000000000000029e-02
4.241670000000000051e+00,3.000000000000000062e-03
4.243330000000000268e+00,-6.000000000000000125e-03
4.245000000000000107e+00,5.000000000000000104e-03
4.246669999999999945e+00,1.000000000000000021e-02
4.248330000000000162e+00,5.000000000000000104e-03
4.250000000000000000e+00,-5.000000000000000104e-03
4.251669999999999838e+00,6.000000000000000125e-03
4.253330000000000055e+00,8.999999999999999320e-03
4.254999999999999893e+00,3.000000000000000062e-03
4.256669999999999732e+00,-6.000000000000000125e-03
4.258329999999999949e+00,5.000000000000000104e-03
4.259999999999999787e+00,1.200000000000000025e-02
4.261669999999999625e+00,3.000000000000000062e-03
4.263329999999999842e+00,-1.000000000000000021e-02
4.264999999999999680e+00,0.000000000000000000e+00
4.266670000000000407e+00,6.000000000000000125e-03
4.268329999999999735e+00,-3.000000000000000062e-03
4.269999999999999574e+00,-1.600000000000000033e-02
4.271670000000000300e+00,-4.000000000000000083e-03
4.273329999999999629e+00,7.000000000000000146e-03
4.275000000000000355e+00,3.000000000000000062e-03
4.276670000000000194e+00,-6.000000000000000125e-03
4.278330000000000410e+00,5.000000000000000104e-03
4.280000000000000249e+00,1.000000000000000021e-02
4.281670000000000087e+00,5.000000000000000104e-03
4.283330000000000304e+00,-7.000000000000000146e-03
4.285000000000000142e+00,4.000000000000000083e-03
4.286669999999999980e+00,1.499999999999999944e-02
4.288330000000000197e+00,1.000000000000000021e-02
4.290000000000000036e+00,0.000000000000000000e+00
4.291669999999999874e+00,1.099999999999999936e-02
4.293330000000000091e+00,1.799999999999999864e-02
4.294999999999999929e+00,1.400000000000000029e-02
4.296669999999999767e+00,0.000000000000000000e+00
4.298329999999999984e+00,8.000000000000000167e-03
4.299999999999999822e+00,1.299999999999999940e-02
4.301669999999999661e+00,4.000000000000000083e-03
4.303329999999999878e+00,-1.200000000000000025e-02
4.304999999999999716e+00,-2.000000000000000042e-03
4.306670000000000442e+00,7.000000000000000146e-03
4.308329999999999771e+00,1.000000000000000021e-03
4.309999999999999609e+00,-1.299999999999999940e-02
4.311670000000000336e+00,0.000000000000000000e+00
4.313329999999999664e+00,8.999999999999999320e-03
4.315000000000000391e+00,6.000000000000000125e-03
4.316670000000000229e+00,-7.000000000000000146e-03
4.318329999999999558e+00,-2.000000000000000042e-03
4.320000000000000284e+00,8.000000000000000167e-03
4.321670000000000122e+00,7.000000000000000146e-03
4.323330000000000339e+00,-7.000000000000000146e-03
4.325000000000000178e+00,2.000000000000000042e-03
4.326670000000000016e+00,1.200000000000000025e-02
4.328330000000000233e+00,1.000000000000000021e-02
4.330000000000000071e+00,-6.000000000000000125e-03
4.331669999999999909e+00,2.000000000000000042e-03
4.333330000000000126e+00,8.999999999999999320e-03
4.334999999999999964e+00,7.000000000000000146e-03
4.336669999999999803e+00,-5.000000000000000104e-03
4.338330000000000020e+00,-2.000000000000000042e-03
4.339999999999999858e+00,7.000000000000000146e-03
4.341669999999999696e+00,8.000000000000000167e-03
4.343329999999999913e+00,-3.000000000000000062e-03
4.344999999999999751e+00,6.000000000000000125e-03
4.346669999999999590e+00,1.700000000000000122e-02
4.348329999999999806e+00,1.400000000000000029e-02
4.349999999999999645e+00,-2.000000000000000042e-03
4.351670000000000371e+00,2.000000000000000042e-03
4.353329999999999700e+00,1.400000000000000029e-02
4.355000000000000426e+00,1.400000000000000029e-02
4.356670000000000265e+00,0.000000000000000000e+00
4.358329999999999593e+00,4.000000000000000083e-03
4.360000000000000320e+00,1.899999999999999953e-02
4.361670000000000158e+00,1.700000000000000122e-02
4.363330000000000375e+00,4.000000000000000083e-03
4.365000000000000213e+00,8.000000000000000167e-03
4.366670000000000051e+00,2.000000000000000042e-02
4.368330000000000268e+00,1.799999999999999864e-02
4.370000000000000107e+00,1.000000000000000021e-03
4.371669999999999945e+00,-3.000000000000000062e-03
4.373330000000000162e+00,6.000000000000000125e-03
4.375000000000000000e+00,4.000000000000000083e-03
4.376669999999999838e+00,-7.000000000000000146e-03
4.378330000000000055e+00,-4.000000000000000083e-03
4.379999999999999893e+00,1.000000000000000021e-02
4.381669999999999732e+00,1.000000000000000021e-02
4.383329999999999949e+00,-6.000000000000000125e-03
4.384999999999999787e+00,-1.099999999999999936e-02
4.386669999999999625e+00,2.000000000000000042e-03
4.388329999999999842e+00,4.000000000000000083e-03
4.389999999999999680e+00,-6.000000000000000125e-03
4.391670000000000407e+00,-6.000000000000000125e-03
4.393329999999999735e+00,8.999999999999999320e-03
4.394999999999999574e+00,1.000000000000000021e-02
4.396670000000000300e+00,-5.000000000000000104e-03
4.398329999999999629e+00,-8.000000000000000167e-03
4.400000000000000355e+00,7.000000000000000146e-03
4.401670000000000194e+00,1.099999999999999936e-02
4.403330000000000410e+00,-3.000000000000000062e-03
4.405000000000000249e+00,-8.000000000000000167e-03
4.406670000000000087e+00,6.000000000000000125e-03
4.408330000000000304e+00,8.000000000000000167e-03
4.410000000000000142e+00,-4.000000000000000083e-03
4.411669999999999980e+00,-5.000000000000000104e-03
4.413330000000000197e+00,8.999999999999999320e-03
4.415000000000000036e+00,1.299999999999999940e-02
4.416669999999999874e+00,4.000000000000000083e-03
4.418330000000000091e+00,-5.000000000000000104e-03
4.419999999999999929e+00,3.000000000000000062e-03
4.421669999999999767e+00,2.000000000000000042e-03
4.423329999999999984e+00,-8.999999999999999320e-03
4.424999999999999822e+00,-1.200000000000000025e-02
4.426669999999999661e+00,1.000000000000000021e-03
4.428329999999999878e+00,5.000000000000000104e-03
4.429999999999999716e+00,-3.000000000000000062e-03
4.431670000000000442e+00,-1.000000000000000021e-02
4.433329999999999771e+00,6.000000000000000125e-03
4.434999999999999609e+00,1.400000000000000029e-02
4.436670000000000336e+00,3.000000000000000062e-03
4.438329999999999664e+00,-7.000000000000000146e-03
4.440000000000000391e+00,5.000000000000000104e-03
4.441670000000000229e+00,1.000000000000000021e-02
4.443329999999999558e+00,5.000000000000000104e-03
4.445000000000000284e+00,-4.000000000000000083e-03
4.446670000000000122e+00,5.000000000000000104e-03
4.448330000000000339e+00,8.999999999999999320e-03
4.450000000000000178e+00,1.000000000000000021e-03
4.451670000000000016e+00,-8.999999999999999320e-03
4.453330000000000233e+00,8.000000000000000167e-03
4.455000000000000071e+00,1.200000000000000025e-02
4.456669999999999909e+00,-2.000000000000000042e-03
4.458330000000000126e+00,-1.499999999999999944e-02
4.459999999999999964e+00,1.000000000000000021e-03
4.461669999999999803e+00,8.999999999999999320e-03
4.463330000000000020e+00,-1.000000000000000021e-03
4.464999999999999858e+00,-1.200000000000000025e-02
4.466669999999999696e+00,3.000000000000000062e-03
4.468329999999999913e+00,8.000000000000000167e-03
4.469999999999999751e+00,-1.000000000000000021e-03
4.471669999999999590e+00,-1.099999999999999936e-02
4.473329999999999806e+00,2.000000000000000042e-03
4.474999999999999645e+00,8.999999999999999320e-03
4.476670000000000371e+00,3.000000000000000062e-03
4.478329999999999700e+00,-1.000000000000000021e-02
4.480000000000000426e+00,-2.000000000000000042e-03
4.481670000000000265e+00,5.000000000000000104e-03
4.483329999999999593e+00,0.000000000000000000e+00
4.485000000000000320e+00,-1.299999999999999940e-02
4.486670000000000158e+00,0.000000000000000000e+00
4.488330000000000375e+00,5.000000000000000104e-03
4.490000000000000213e+00,-2.000000000000000042e-03
4.491670000000000051e+00,-1.700000000000000122e-02
4.493330000000000268e+00,-6.000000000000000125e-03
4.495000000000000107e+00,4.000000000000000083e-03
4.496669999999999945e+00,4.000000000000000083e-03
4.498330000000000162e+00,-5.000000000000000104e-03
4.500000000000000000e+00,7.000000000000000146e-03
4.501669999999999838e+00,1.499999999999999944e-02
4.503330000000000055e+00,1.000000000000000021e-02
4.504999999999999893e+00,-4.000000000000000083e-03
4.506669999999999732e+00,8.999999999999999320e-03
4.508329999999999949e+00,1.799999999999999864e-02
4.509999999999999787e+00,1.099999999999999936e-02
4.511669999999999625e+00,-2.000000000000000042e-03
4.513329999999999842e+00,6.000000000000000125e-03
4.514999999999999680e+00,1.299999999999999940e-02
4.516670000000000407e+00,1.099999999999999936e-02
4.518329999999999735e+00,-3.000000000000000062e-03
4.519999999999999574e+00,5.000000000000000104e-03
4.521670000000000300e+00,1.600000000000000033e-02
4.523329999999999629e+00,1.200000000000000025e-02
4.525000000000000355e+00,-3.000000000000000062e-03
4.526670000000000194e+00,1.000000000000000021e-03
4.528330000000000410e+00,8.000000000000000167e-03
4.530000000000000249e+00,5.000000000000000104e-03
4.531670000000000087e+00,-1.000000000000000021e-02
4.533330000000000304e+00,-2.000000000000000042e-03
4.535000000000000142e+00,1.000000000000000021e-02
4.536669999999999980e+00,5.000000000000000104e-03
4.538330000000000197e+00,-1.099999999999999936e-02
4.540000000000000036e+00,-5.000000000000000104e-03
4.541669999999999874e+00,4.000000000000000083e-03
4.543330000000000091e+00,1.000000000000000021e-03
4.544999999999999929e+00,-1.200000000000000025e-02
4.546669999999999767e+00,-5.000000000000000104e-03
4.548329999999999984e+00,8.000000000000000167e-03
4.549999999999999822e+00,7.000000000000000146e-03
4.551669999999999661e+00,-8.000000000000000167e-03
4.553329999999999878e+00,-4.000000000000000083e-03
4.554999999999999716e+00,6.000000000000000125e-03
4.556670000000000442e+00,3.000000000000000062e-03
4.558329999999999771e+00,-1.099999999999999936e-02
4.559999999999999609e+00,-8.999999999999999320e-03
4.561670000000000336e+00,2.000000000000000042e-03
4.563329999999999664e+00,2.000000000000000042e-03
4.565000000000000391e+00,-7.000000000000000146e-03
4.566670000000000229e+00,-2.000000000000000042e-03
4.568329999999999558e+00,1.099999999999999936e-02
4.570000000000000284e+00,8.999999999999999320e-03
4.571670000000000122e+00,-4.000000000000000083e-03
4.573330000000000339e+00,-5.000000000000000104e-03
4.575000000000000178e+00,8.000000000000000167e-03
4.576670000000000016e+00,1.000000000000000021e-02
4.578330000000000233e+00,-2.000000000000000042e-03
4.580000000000000071e+00,1.000000000000000021e-03
4.581669999999999909e+00,1.499999999999999944e-02
4.583330000000000126e+00,1.799999999999999864e-02
4.584999999999999964e+00,7.000000000000000146e-03
4.586669999999999803e+00,6.000000000000000125e-03
4.588330000000000020e+00,1.899999999999999953e-02
4.589999999999999858e+00,1.700000000000000122e-02
4.591669999999999696e+00,1.000000000000000021e-03
4.593329999999999913e+00,-2.000000000000000042e-03
4.594999999999999751e+00,1.200000000000000025e-02
4.596669999999999590e+00,1.299999999999999940e-02
4.598329999999999806e+00,0.000000000000000000e+00
4.599999999999999645e+00,-5.000000000000000104e-03
4.601670000000000371e+00,7.000000000000000146e-03
4.603329999999999700e+00,6.000000000000000125e-03
4.605000000000000426e+00,-5.000000000000000104e-03
4.606670000000000265e+00,-8.000000000000000167e-03
4.608329999999999593e+00,7.000000000000000146e-03
4.610000000000000320e+00,6.000000000000000125e-03
4.611670000000000158e+00,-7.000000000000000146e-03
4.613330000000000375e+00,-1.299999999999999940e-02
4.615000000000000213e+00,1.000000000000000021e-03
4.616670000000000051e+00,1.000000000000000021e-03
4.618330000000000268e+00,-1.200000000000000025e-02
4.620000000000000107e+00,-1.799999999999999864e-02
4.621669999999999945e+00,-1.000000000000000021e-03
4.623330000000000162e+00,3.000000000000000062e-03
4.625000000000000000e+00,-7.000000000000000146e-03
4.626669999999999838e+00,-1.499999999999999944e-02
4.628330000000000055e+00,-4.000000000000000083e-03
4.629999999999999893e+00,0.000000000000000000e+00
4.631669999999999732e+00,-8.999999999999999320e-03
4.633329999999999949e+00,-1.200000000000000025e-02
4.634999999999999787e+00,1.000000000000000021e-03
4.636669999999999625e+00,3.000000000000000062e-03
4.638329999999999842e+00,-8.000000000000000167e-03
4.639999999999999680e+00,-1.600000000000000033e-02
4.641670000000000407e+00,-2.000000000000000042e-03
4.643329999999999735e+00,1.000000000000000021e-03
4.644999999999999574e+00,-8.999999999999999320e-03
4.646670000000000300e+00,-1.799999999999999864e-02
4.648329999999999629e+00,-3.000000000000000062e-03
4.650000000000000355e+00,-1.000000000000000021e-03
4.651670000000000194e+00,-1.000000000000000021e-02
4.653330000000000410e+00,-1.700000000000000122e-02
4.655000000000000249e+00,-3.000000000000000062e-03
4.656670000000000087e+00,0.000000000000000000e+00
4.658330000000000304e+00,-8.000000000000000167e-03
4.660000000000000142e+00,-1.600000000000000033e-02
4.661669999999999980e+00,-1.000000000000000021e-03
4.663330000000000197e+00,6.000000000000000125e-03
4.665000000000000036e+00,-5.000000000000000104e-03
4.666669999999999874e+00,-1.499999999999999944e-02
4.668330000000000091e+00,-3.000000000000000062e-03
4.669999999999999929e+00,0.000000000000000000e+00
4.671669999999999767e+00,-6.000000000000000125e-03
4.673329999999999984e+00,-1.700000000000000122e-02
4.674999999999999822e+00,-2.000000000000000042e-03
4.676669999999999661e+00,8.999999999999999320e-03
4.678329999999999878e+00,1.000000000000000021e-03
4.679999999999999716e+00,-1.200000000000000025e-02
4.681670000000000442e+00,-3.000000000000000062e-03
4.683329999999999771e+00,1.000000000000000021e-03
4.684999999999999609e+00,-7.000000000000000146e-03
4.686670000000000336e+00,-2.100000000000000130e-02
4.688329999999999664e+00,-1.000000000000000021e-02
4.690000000000000391e+00,-3.000000000000000062e-03
4.691670000000000229e+00,-7.000000000000000146e-03
4.693329999999999558e+00,-1.600000000000000033e-02
4.695000000000000284e+00,-6.000000000000000125e-03
4.696670000000000122e+00,-1.000000000000000021e-03
4.698330000000000339e+00,-8.999999999999999320e-03
4.700000000000000178e+00,-1.899999999999999953e-02
4.701670000000000016e+00,-7.000000000000000146e-03
4.703330000000000233e+00,1.000000000000000021e-03
4.705000000000000071e+00,-6.000000000000000125e-03
4.706669999999999909e+00,-1.700000000000000122e-02
4.708330000000000126e+00,-7.000000000000000146e-03
4.709999999999999964e+00,6.000000000000000125e-03
4.711669999999999803e+00,4.000000000000000083e-03
4.713330000000000020e+00,-7.000000000000000146e-03
4.714999999999999858e+00,-2.000000000000000042e-03
4.716669999999999696e+00,8.000000000000000167e-03
4.718329999999999913e+00,2.000000000000000042e-03
4.719999999999999751e+00,-8.999999999999999320e-03
4.721669999999999590e+00,-1.000000000000000021e-03
4.723329999999999806e+00,1.200000000000000025e-02
4.724999999999999645e+00,5.000000000000000104e-03
4.726670000000000371e+00,-8.999999999999999320e-03
4.728329999999999700e+00,-6.000000000000000125e-03
4.730000000000000426e+00,5.000000000000000104e-03
4.731670000000000265e+00,4.000000000000000083e-03
4.733329999999999593e+00,-6.000000000000000125e-03
4.735000000000000320e+00,-1.000000000000000021e-03
4.736670000000000158e+00,7.000000000000000146e-03
4.738330000000000375e+00,-1.000000000000000021e-03
4.740000000000000213e+00,-1.400000000000000029e-02
4.741670000000000051e+00,-8.999999999999999320e-03
4.743330000000000268e+00,3.000000000000000062e-03
4.745000000000000107e+00,1.000000000000000021e-03
4.746669999999999945e+00,-1.400000000000000029e-02
4.748330000000000162e+00,-8.000000000000000167e-03
4.750000000000000000e+00,5.000000000000000104e-03
4.751669999999999838e+00,5.000000000000000104e-03
4.753330000000000055e+00,-6.000000000000000125e-03
4.754999999999999893e+00,-2.000000000000000042e-03
4.756669999999999732e+00,8.999999999999999320e-03
4.758329999999999949e+00,4.000000000000000083e-03
4.759999999999999787e+00,-6.000000000000000125e-03
4.761669999999999625e+00,-3.000000000000000062e-03
4.763329999999999842e+00,7.000000000000000146e-03
4.764999999999999680e+00,4.000000000000000083e-03
4.766670000000000407e+00,-1.000000000000000021e-02
4.768329999999999735e+00,-1.000000000000000021e-02
4.769999999999999574e+00,2.000000000000000042e-03
4.771670000000000300e+00,0.000000000000000000e+00
4.773329999999999629e+00,-1.200000000000000025e-02
4.775000000000000355e+00,-1.000000000000000021e-02
4.776670000000000194e+00,1.000000000000000021e-03
4.778330000000000410e+00,3.000000000000000062e-03
4.780000000000000249e+00,-7.000000000000000146e-03
4.781670000000000087e+00,-7.000000000000000146e-03
4.783330000000000304e+00,8.000000000000000167e-03
4.785000000000000142e+00,7.000000000000000146e-03
4.786669999999999980e+00,-6.000000000000000125e-03
4.788330000000000197e+00,-1.000000000000000021e-02
4.790000000000000036e+00,1.000000000000000021e-03
4.791669999999999874e+00,3.000000000000000062e-03
4.793330000000000091e+00,-8.999999999999999320e-03
4.794999999999999929e+00,-7.000000000000000146e-03
4.796669999999999767e+00,8.000000000000000167e-03
4.798329999999999984e+00,7.000000000000000146e-03
4.799999999999999822e+00,-8.000000000000000167e-03
4.801669999999999661e+00,-8.999999999999999320e-03
4.803329999999999878e+00,6.000000000000000125e-03
4.804999999999999716e+00,1.000000000000000021e-02
4.806670000000000442e+00,-4.000000000000000083e-03
4.808329999999999771e+00,-7.000000000000000146e-03
4.809999999999999609e+00,1.000000000000000021e-02
4.811670000000000336e+00,1.200000000000000025e-02
4.813329999999999664e+00,1.000000000000000021e-03
4.815000000000000391e+00,-1.000000000000000021e-03
4.816670000000000229e+00,1.000000000000000021e-02
4.818329999999999558e+00,1.000000000000000021e-02
4.820000000000000284e+00,-2.000000000000000042e-03
4.821670000000000122e+00,-4.000000000000000083e-03
4.823330000000000339e+00,1.000000000000000021e-02
4.825000000000000178e+00,1.099999999999999936e-02
4.826670000000000016e+00,-2.000000000000000042e-03
4.828330000000000233e+00,-6.000000000000000125e-03
4.830000000000000071e+00,8.999999999999999320e-03
4.831669999999999909e+00,1.000000000000000021e-02
4.833330000000000126e+00,0.000000000000000000e+00
4.834999999999999964e+00,-4.000000000000000083e-03
4.836669999999999803e+00,8.000000000000000167e-03
4.838330000000000020e+00,8.000000000000000167e-03
4.839999999999999858e+00,-5.000000000000000104e-03
4.841669999999999696e+00,-8.999999999999999320e-03
4.843329999999999913e+00,5.000000000000000104e-03
4.844999999999999751e+00,1.000000000000000021e-02
4.846669999999999590e+00,3.000000000000000062e-03
4.848329999999999806e+00,-3.000000000000000062e-03
4.849999999999999645e+00,8.000000000000000167e-03
4.851670000000000371e+00,1.000000000000000021e-02
4.853329999999999700e+00,-2.000000000000000042e-03
4.855000000000000426e+00,-8.000000000000000167e-03
4.856670000000000265e+00,6.000000000000000125e-03
4.858329999999999593e+00,8.000000000000000167e-03
4.860000000000000320e+00,-4.000000000000000083e-03
4.861670000000000158e+00,-1.400000000000000029e-02
4.863330000000000375e+00,1.000000000000000021e-03
4.865000000000000213e+00,5.000000000000000104e-03
4.866670000000000051e+00,-4.000000000000000083e-03
4.868330000000000268e+00,-1.400000000000000029e-02
4.870000000000000107e+00,-4.000000000000000083e-03
4.871669999999999945e+00,2.000000000000000042e-03
4.873330000000000162e+00,-5.000000000000000104e-03
4.875000000000000000e+00,-1.099999999999999936e-02
4.876669999999999838e+00,-2.000000000000000042e-03
4.878330000000000055e+00,4.000000000000000083e-03
4.879999999999999893e+00,-4.000000000000000083e-03
4.881669999999999732e+00,-1.400000000000000029e-02
4.883329999999999949e+00,-3.000000000000000062e-03
4.884999999999999787e+00,3.000000000000000062e-03
4.886669999999999625e+00,-4.000000000000000083e-03
4.888329999999999842e+00,-1.299999999999999940e-02
4.889999999999999680e+00,2.000000000000000042e-03
4.891670000000000407e+00,1.099999999999999936e-02
4.893329999999999735e+00,6.000000000000000125e-03
4.894999999999999574e+00,-5.000000000000000104e-03
4.896670000000000300e+00,2.000000000000000042e-03
4.898329999999999629e+00,1.099999999999999936e-02
4.900000000000000355e+00,5.000000000000000104e-03
4.901670000000000194e+00,-8.000000000000000167e-03
4.903330000000000410e+00,2.000000000000000042e-03
4.905000000000000249e+00,8.000000000000000167e-03
4.906670000000000087e+00,2.000000000000000042e-03
4.908330000000000304e+00,-7.000000000000000146e-03
4.910000000000000142e+00,3.000000000000000062e-03
4.911669999999999980e+00,1.299999999999999940e-02
4.913330000000000197e+00,8.000000000000000167e-03
4.915000000000000036e+00,-3.000000000000000062e-03
4.916669999999999874e+00,5.000000000000000104e-03
4.918330000000000091e+00,1.099999999999999936e-02
4.919999999999999929e+00,6.000000000000000125e-03
4.921669999999999767e+00,-7.000000000000000146e-03
4.923329999999999984e+00,3.000000000000000062e-03
4.924999999999999822e+00,1.200000000000000025e-02
4.926669999999999661e+00,6.000000000000000125e-03
4.928329999999999878e+00,-8.999999999999999320e-03
4.929999999999999716e+00,-1.000000000000000021e-03
4.931670000000000442e+00,8.999999999999999320e-03
4.933329999999999771e+00,3.000000000000000062e-03
4.934999999999999609e+00,-8.999999999999999320e-03
4.936670000000000336e+00,0.000000000000000000e+00
4.938329999999999664e+00,1.099999999999999936e-02
4.940000000000000391e+00,8.000000000000000167e-03
4.941670000000000229e+00,-4.000000000000000083e-03
4.943329999999999558e+00,3.000000000000000062e-03
4.945000000000000284e+00,1.400000000000000029e-02
4.946670000000000122e+00,8.999999999999999320e-03
4.948330000000000339e+00,-5.000000000000000104e-03
4.950000000000000178e+00,-1.000000000000000021e-03
4.951670000000000016e+00,1.099999999999999936e-02
4.953330000000000233e+00,7.000000000000000146e-03
4.955000000000000071e+00,-4.000000000000000083e-03
4.956669999999999909e+00,4.000000000000000083e-03
4.958330000000000126e+00,1.299999999999999940e-02
4.959999999999999964e+00,1.099999999999999936e-02
4.961669999999999803e+00,-2.000000000000000042e-03
4.963330000000000020e+00,-2.000000000000000042e-03
4.964999999999999858e+00,5.000000000000000104e-03
4.966669999999999696e+00,3.000000000000000062e-03
4.968329999999999913e+00,-8.999999999999999320e-03
4.969999999999999751e+00,-3.000000000000000062e-03
4.971669999999999590e+00,8.999999999999999320e-03
4.973329999999999806e+00,1.200000000000000025e-02
4.974999999999999645e+00,-1.000000000000000021e-03
4.976670000000000371e+00,2.000000000000000042e-03
4.978329999999999700e+00,1.200000000000000025e-02
4.980000000000000426e+00,7.000000000000000146e-03
4.981670000000000265e+00,-7.000000000000000146e-03
4.983329999999999593e+00,-1.000000000000000021e-03
4.985000000000000320e+00,8.999999999999999320e-03
4.986670000000000158e+00,8.999999999999999320e-03
4.988330000000000375e+00,-3.000000000000000062e-03
4.990000000000000213e+00,1.000000000000000021e-03
4.991670000000000051e+00,1.299999999999999940e-02
4.993330000000000268e+00,8.999999999999999320e-03
4.995000000000000107e+00,-5.000000000000000104e-03
4.996669999999999945e+00,-1.000000000000000021e-03
4.998330000000000162e+00,8.999999999999999320e-03
5.000000000000000000e+00,1.200000000000000025e-02
5.001669999999999838e+00,-2.000000000000000042e-03
5.003330000000000055e+00,-1.000000000000000021e-03
5.004999999999999893e+00,8.999999999999999320e-03
5.006669999999999732e+00,8.000000000000000167e-03
5.008329999999999949e+00,-4.000000000000000083e-03
5.009999999999999787e+00,1.000000000000000021e-03
5.011669999999999625e+00,1.200000000000000025e-02
5.013329999999999842e+00,1.099999999999999936e-02
5.014999999999999680e+00,-2.000000000000000042e-03
5.016670000000000407e+00,-3.000000000000000062e-03
5.018329999999999735e+00,7.000000000000000146e-03
5.019999999999999574e+00,8.000000000000000167e-03
5.021670000000000300e+00,-6.000000000000000125e-03
5.023329999999999629e+00,-8.999999999999999320e-03
5.025000000000000355e+00,3.000000000000000062e-03
5.026670000000000194e+00,7.000000000000000146e-03
5.028330000000000410e+00,-7.000000000000000146e-03
5.030000000000000249e+00,-1.000000000000000021e-02
5.031670000000000087e+00,1.000000000000000021e-03
5.033330000000000304e+00,6.000000000000000125e-03
5.035000000000000142e+00,-4.000000000000000083e-03
5.036669999999999980e+00,-3.000000000000000062e-03
5.038330000000000197e+00,1.200000000000000025e-02
5.040000000000000036e+00,1.400000000000000029e-02
5.041669999999999874e+00,1.000000000000000021e-03
5.043330000000000091e+00,-5.000000000000000104e-03
5.044999999999999929e+00,1.299999999999999940e-02
5.046669999999999767e+00,1.700000000000000122e-02
5.048329999999999984e+00,1.000000000000000021e-03
5.049999999999999822e+00,-4.000000000000000083e-03
5.051669999999999661e+00,8.999999999999999320e-03
5.053329999999999878e+00,1.299999999999999940e-02
5.054999999999999716e+00,-1.000000000000000021e-03
5.056670000000000442e+00,-1.000000000000000021e-02
5.058329999999999771e+00,7.000000000000000146e-03
5.059999999999999609e+00,1.299999999999999940e-02
5.061670000000000336e+00,2.000000000000000042e-03
5.063329999999999664e+00,1.000000000000000021e-03
5.065000000000000391e+00,1.400000000000000029e-02
5.066670000000000229e+00,1.899999999999999953e-02
5.068329999999999558e+00,6.000000000000000125e-03
5.070000000000000284e+00,-3.000000000000000062e-03
5.071670000000000122e+00,8.000000000000000167e-03
5.073330000000000339e+00,1.200000000000000025e-02
5.075000000000000178e+00,0.000000000000000000e+00
5.076670000000000016e+00,-1.000000000000000021e-02
5.078330000000000233e+00,0.000000000000000000e+00
5.080000000000000071e+00,4.000000000000000083e-03
5.081669999999999909e+00,-6.000000000000000125e-03
5.083330000000000126e+00,-1.299999999999999940e-02
5.084999999999999964e+00,0.000000000000000000e+00
5.086669999999999803e+00,8.000000000000000167e-03
5.088330000000000020e+00,-1.000000000000000021e-03
5.089999999999999858e+00,-8.999999999999999320e-03
5.091669999999999696e+00,5.000000000000000104e-03
5.093329999999999913e+00,1.499999999999999944e-02
5.094999999999999751e+00,6.000000000000000125e-03
5.096669999999999590e+00,0.000000000000000000e+00
5.098329999999999806e+00,1.400000000000000029e-02
5.099999999999999645e+00,2.000000000000000042e-02
5.101670000000000371e+00,1.099999999999999936e-02
5.103329999999999700e+00,2.000000000000000042e-03
5.105000000000000426e+00,1.400000000000000029e-02
5.106670000000000265e+00,1.799999999999999864e-02
5.108329999999999593e+00,8.999999999999999320e-03
5.110000000000000320e+00,-4.000000000000000083e-03
5.111670000000000158e+00,7.000000000000000146e-03
5.113330000000000375e+00,1.499999999999999944e-02
5.115000000000000213e+00,8.999999999999999320e-03
5.116670000000000051e+00,-5.000000000000000104e-03
5.118330000000000268e+00,7.000000000000000146e-03
5.120000000000000107e+00,1.499999999999999944e-02
5.121669999999999945e+00,8.000000000000000167e-03
5.123330000000000162e+00,-6.000000000000000125e-03
5.125000000000000000e+00,5.000000000000000104e-03
5.126669999999999838e+00,1.200000000000000025e-02
5.128330000000000055e+00,8.000000000000000167e-03
5.129999999999999893e+00,-1.000000000000000021e-03
5.131669999999999732e+00,8.999999999999999320e-03
5.133329999999999949e+00,1.400000000000000029e-02
5.134999999999999787e+00,1.000000000000000021e-02
5.136669999999999625e+00,-4.000000000000000083e-03
5.138329999999999842e+00,1.099999999999999936e-02
5.139999999999999680e+00,2.299999999999999961e-02
5.141670000000000407e+00,1.700000000000000122e-02
5.143329999999999735e+00,4.000000000000000083e-03
5.144999999999999574e+00,1.099999999999999936e-02
5.146670000000000300e+00,2.100000000000000130e-02
5.148329999999999629e+00,1.400000000000000029e-02
5.150000000000000355e+00,-3.000000000000000062e-03
5.151670000000000194e+00,6.000000000000000125e-03
5.153330000000000410e+00,1.499999999999999944e-02
5.155000000000000249e+00,1.000000000000000021e-02
5.156670000000000087e+00,-3.000000000000000062e-03
5.158330000000000304e+00,1.099999999999999936e-02
5.160000000000000142e+00,2.100000000000000130e-02
5.161669999999999980e+00,1.899999999999999953e-02
5.163330000000000197e+00,5.000000000000000104e-03
5.165000000000000036e+00,1.000000000000000021e-02
5.166669999999999874e+00,1.899999999999999953e-02
5.168330000000000091e+00,1.400000000000000029e-02
5.169999999999999929e+00,0.000000000000000000e+00
5.171669999999999767e+00,1.000000000000000021e-02
5.173329999999999984e+00,1.799999999999999864e-02
5.174999999999999822e+00,1.299999999999999940e-02
5.176669999999999661e+00,-2.000000000000000042e-03
5.178329999999999878e+00,3.000000000000000062e-03
5.179999999999999716e+00,1.000000000000000021e-02
5.181670000000000442e+00,8.999999999999999320e-03
5.183329999999999771e+00,-2.000000000000000042e-03
5.184999999999999609e+00,5.000000000000000104e-03
5.186670000000000336e+00,1.499999999999999944e-02
5.188329999999999664e+00,1.499999999999999944e-02
5.190000000000000391e+00,1.000000000000000021e-03
5.191670000000000229e+00,8.000000000000000167e-03
5.193329999999999558e+00,1.799999999999999864e-02
5.195000000000000284e+00,1.600000000000000033e-02
5.196670000000000122e+00,2.000000000000000042e-03
5.198330000000000339e+00,8.000000000000000167e-03
5.200000000000000178e+00,1.799999999999999864e-02
5.201670000000000016e+00,1.799999999999999864e-02
5.203330000000000233e+00,5.000000000000000104e-03
5.205000000000000071e+00,8.000000000000000167e-03
5.206669999999999909e+00,1.899999999999999953e-02
5.208330000000000126e+00,1.899999999999999953e-02
5.209999999999999964e+00,3.000000000000000062e-03
5.211669999999999803e+00,6.000000000000000125e-03
5.213330000000000020e+00,1.799999999999999864e-02
5.214999999999999858e+00,1.899999999999999953e-02
5.216669999999999696e+00,8.000000000000000167e-03
5.218329999999999913e+00,7.000000000000000146e-03
5.219999999999999751e+00,1.799999999999999864e-02
5.221669999999999590e+00,1.899999999999999953e-02
5.223329999999999806e+00,8.000000000000000167e-03
5.224999999999999645e+00,8.000000000000000167e-03
5.226670000000000371e+00,1.799999999999999864e-02
5.228329999999999700e+00,1.899999999999999953e-02
5.230000000000000426e+00,7.000000000000000146e-03
5.231670000000000265e+00,-1.000000000000000021e-03
5.233329999999999593e+00,8.999999999999999320e-03
5.235000000000000320e+00,1.000000000000000021e-02
5.236670000000000158e+00,-1.000000000000000021e-03
5.238330000000000375e+00,-4.000000000000000083e-03
5.240000000000000213e+00,1.299999999999999940e-02
5.241670000000000051e+00,1.600000000000000033e-02
5.243330000000000268e+00,2.000000000000000042e-03
5.245000000000000107e+00,0.000000000000000000e+00
5.246669999999999945e+00,1.299999999999999940e-02
5.248330000000000162e+00,1.400000000000000029e-02
5.250000000000000000e+00,2.000000000000000042e-03
5.251669999999999838e+00,-3.000000000000000062e-03
5.253330000000000055e+00,1.000000000000000021e-02
5.254999999999999893e+00,1.400000000000000029e-02
5.256669999999999732e+00,5.000000000000000104e-03
5.258329999999999949e+00,1.000000000000000021e-03
5.259999999999999787e+00,1.499999999999999944e-02
5.261669999999999625e+00,2.199999999999999872e-02
5.263329999999999842e+00,1.299999999999999940e-02
5.264999999999999680e+00,5.000000000000000104e-03
5.266670000000000407e+00,1.899999999999999953e-02
5.268329999999999735e+00,2.000000000000000042e-02
5.269999999999999574e+00,7.000000000000000146e-03
5.271670000000000300e+00,-1.000000000000000021e-03
5.273329999999999629e+00,1.200000000000000025e-02
5.275000000000000355e+00,1.499999999999999944e-02
5.276670000000000194e+00,6.000000000000000125e-03
5.278330000000000410e+00,-1.000000000000000021e-03
5.280000000000000249e+00,1.299999999999999940e-02
5.281670000000000087e+00,1.799999999999999864e-02
5.283330000000000304e+00,1.099999999999999936e-02
5.285000000000000142e+00,1.000000000000000021e-03
5.286669999999999980e+00,1.400000000000000029e-02
5.288330000000000197e+00,2.000000000000000042e-02
5.290000000000000036e+00,8.000000000000000167e-03
5.291669999999999874e+00,-2.000000000000000042e-03
5.293330000000000091e+00,1.200000000000000025e-02
5.294999999999999929e+00,1.499999999999999944e-02
5.296669999999999767e+00,7.000000000000000146e-03
5.298329999999999984e+00,-6.000000000000000125e-03
5.299999999999999822e+00,7.000000000000000146e-03
5.301669999999999661e+00,1.299999999999999940e-02
5.303329999999999878e+00,5.000000000000000104e-03
5.304999999999999716e+00,-7.000000000000000146e-03
5.306670000000000442e+00,4.000000000000000083e-03
5.308329999999999771e+00,8.000000000000000167e-03
5.309999999999999609e+00,-1.000000000000000021e-03
5.311670000000000336e+00,-1.000000000000000021e-02
5.313329999999999664e+00,4.000000000000000083e-03
5.315000000000000391e+00,8.999999999999999320e-03
5.316670000000000229e+00,2.000000000000000042e-03
5.318329999999999558e+00,-8.999999999999999320e-03
5.320000000000000284e+00,7.000000000000000146e-03
5.321670000000000122e+00,1.499999999999999944e-02
5.323330000000000339e+00,8.000000000000000167e-03
5.325000000000000178e+00,-5.000000000000000104e-03
5.326670000000000016e+00,8.999999999999999320e-03
5.328330000000000233e+00,1.499999999999999944e-02
5.330000000000000071e+00,5.000000000000000104e-03
5.331669999999999909e+00,-1.099999999999999936e-02
5.333330000000000126e+00,1.000000000000000021e-03
5.334999999999999964e+00,7.000000000000000146e-03
5.336669999999999803e+00,4.000000000000000083e-03
5.338330000000000020e+00,-8.000000000000000167e-03
5.339999999999999858e+00,5.000000000000000104e-03
5.341669999999999696e+00,1.299999999999999940e-02
5.343329999999999913e+00,8.000000000000000167e-03
5.344999999999999751e+00,-8.000000000000000167e-03
5.346669999999999590e+00,6.000000000000000125e-03
5.348329999999999806e+00,1.499999999999999944e-02
5.349999999999999645e+00,1.099999999999999936e-02
5.351670000000000371e+00,-1.000000000000000021e-03
5.353329999999999700e+00,1.000000000000000021e-02
5.355000000000000426e+00,1.799999999999999864e-02
5.356670000000000265e+00,1.400000000000000029e-02
5.358329999999999593e+00,-3.000000000000000062e-03
5.360000000000000320e+00,4.000000000000000083e-03
5.361670000000000158e+00,1.000000000000000021e-02
5.363330000000000375e+00,4.000000000000000083e-03
5.365000000000000213e+00,-1.099999999999999936e-02
5.366670000000000051e+00,-2.000000000000000042e-03
5.368330000000000268e+00,1.200000000000000025e-02
5.370000000000000107e+00,1.000000000000000021e-02
5.371669999999999945e+00,-3.000000000000000062e-03
5.373330000000000162e+00,5.000000000000000104e-03
5.375000000000000000e+00,1.400000000000000029e-02
5.376669999999999838e+00,6.000000000000000125e-03
5.378330000000000055e+00,-1.099999999999999936e-02
5.379999999999999893e+00,-4.000000000000000083e-03
5.381669999999999732e+00,6.000000000000000125e-03
5.383329999999999949e+00,2.000000000000000042e-03
5.384999999999999787e+00,-1.099999999999999936e-02
5.386669999999999625e+00,-6.000000000000000125e-03
5.388329999999999842e+00,5.000000000000000104e-03
5.389999999999999680e+00,0.000000000000000000e+00
5.391670000000000407e+00,-1.600000000000000033e-02
5.393329999999999735e+00,-1.099999999999999936e-02
5.394999999999999574e+00,-1.000000000000000021e-03
5.396670000000000300e+00,-1.000000000000000021e-03
5.398329999999999629e+00,-1.299999999999999940e-02
5.400000000000000355e+00,-8.999999999999999320e-03
5.401670000000000194e+00,3.000000000000000062e-03
5.403330000000000410e+00,2.000000000000000042e-03
5.405000000000000249e+00,-8.000000000000000167e-03
5.406670000000000087e+00,-1.000000000000000021e-03
5.408330000000000304e+00,1.299999999999999940e-02
5.410000000000000142e+00,1.700000000000000122e-02
5.411669999999999980e+00,3.000000000000000062e-03
5.413330000000000197e+00,1.000000000000000021e-03
5.415000000000000036e+00,1.400000000000000029e-02
5.416669999999999874e+00,1.400000000000000029e-02
5.418330000000000091e+00,1.000000000000000021e-03
5.419999999999999929e+00,1.000000000000000021e-03
5.421669999999999767e+00,1.299999999999999940e-02
5.423329999999999984e+00,1.400000000000000029e-02
5.424999999999999822e+00,1.000000000000000021e-03
5.426669999999999661e+00,-1.000000000000000021e-03
5.428329999999999878e+00,1.299999999999999940e-02
5.429999999999999716e+00,1.700000000000000122e-02
5.431670000000000442e+00,8.000000000000000167e-03
5.433329999999999771e+00,7.000000000000000146e-03
5.434999999999999609e+00,2.299999999999999961e-02
5.436670000000000336e+00,2.199999999999999872e-02
5.438329999999999664e+00,8.000000000000000167e-03
5.440000000000000391e+00,4.000000000000000083e-03
5.441670000000000229e+00,1.899999999999999953e-02
5.443329999999999558e+00,2.000000000000000042e-02
5.445000000000000284e+00,6.000000000000000125e-03
5.446670000000000122e+00,-1.000000000000000021e-03
5.448330000000000339e+00,1.200000000000000025e-02
5.450000000000000178e+00,1.299999999999999940e-02
5.451670000000000016e+00,4.000000000000000083e-03
5.453330000000000233e+00,1.000000000000000021e-03
5.455000000000000071e+00,1.200000000000000025e-02
5.456669999999999909e+00,1.400000000000000029e-02
5.458330000000000126e+00,5.000000000000000104e-03
5.459999999999999964e+00,3.000000000000000062e-03
5.461669999999999803e+00,1.799999999999999864e-02
5.463330000000000020e+00,2.000000000000000042e-02
5.464999999999999858e+00,7.000000000000000146e-03
5.466669999999999696e+00,5.000000000000000104e-03
5.468329999999999913e+00,1.899999999999999953e-02
5.469999999999999751e+00,2.000000000000000042e-02
5.471669999999999590e+00,1.099999999999999936e-02
5.473329999999999806e+00,1.000000000000000021e-03
5.474999999999999645e+00,1.499999999999999944e-02
5.476670000000000371e+00,2.000000000000000042e-02
5.478329999999999700e+00,1.099999999999999936e-02
5.480000000000000426e+00,5.000000000000000104e-03
5.481670000000000265e+00,1.299999999999999940e-02
5.483329999999999593e+00,1.400000000000000029e-02
5.485000000000000320e+00,4.000000000000000083e-03
5.486670000000000158e+00,-7.000000000000000146e-03
5.488330000000000375e+00,8.000000000000000167e-03
5.490000000000000213e+00,1.000000000000000021e-02
5.491670000000000051e+00,2.000000000000000042e-03
5.493330000000000268e+00,-5.000000000000000104e-03
5.495000000000000107e+00,1.000000000000000021e-02
5.496669999999999945e+00,1.299999999999999940e-02
5.498330000000000162e+00,3.000000000000000062e-03
5.500000000000000000e+00,-5.000000000000000104e-03
5.501669999999999838e+00,1.099999999999999936e-02
5.503330000000000055e+00,1.299999999999999940e-02
5.504999999999999893e+00,5.000000000000000104e-03
5.506669999999999732e+00,-6.000000000000000125e-03
5.508329999999999949e+00,6.000000000000000125e-03
5.509999999999999787e+00,1.099999999999999936e-02
5.511669999999999625e+00,4.000000000000000083e-03
5.513329999999999842e+00,-4.000000000000000083e-03
5.514999999999999680e+00,8.999999999999999320e-03
5.516670000000000407e+00,1.700000000000000122e-02
5.518329999999999735e+00,7.000000000000000146e-03
5.519999999999999574e+00,-2.000000000000000042e-03
5.521670000000000300e+00,1.000000000000000021e-02
5.523329999999999629e+00,1.499999999999999944e-02
5.525000000000000355e+00,6.000000000000000125e-03
5.526670000000000194e+00,-8.999999999999999320e-03
5.528330000000000410e+00,4.000000000000000083e-03
5.530000000000000249e+00,1.099999999999999936e-02
5.531670000000000087e+00,3.000000000000000062e-03
5.533330000000000304e+00,-1.000000000000000021e-02
5.535000000000000142e+00,4.000000000000000083e-03
5.536669999999999980e+00,1.200000000000000025e-02
5.538330000000000197e+00,2.000000000000000042e-03
5.540000000000000036e+00,-1.099999999999999936e-02
5.541669999999999874e+00,-1.000000000000000021e-03
5.543330000000000091e+00,8.000000000000000167e-03
5.544999999999999929e+00,4.000000000000000083e-03
5.546669999999999767e+00,-8.000000000000000167e-03
5.548329999999999984e+00,4.000000000000000083e-03
5.549999999999999822e+00,1.600000000000000033e-02
5.551669999999999661e+00,1.299999999999999940e-02
5.553329999999999878e+00,1.000000000000000021e-03
5.554999999999999716e+00,1.000000000000000021e-02
5.556670000000000442e+00,1.799999999999999864e-02
5.558329999999999771e+00,1.400000000000000029e-02
5.559999999999999609e+00,2.000000000000000042e-03
5.561670000000000336e+00,1.000000000000000021e-02
5.563329999999999664e+00,1.700000000000000122e-02
5.565000000000000391e+00,1.000000000000000021e-02
5.566670000000000229e+00,-2.000000000000000042e-03
5.568329999999999558e+00,6.000000000000000125e-03
5.570000000000000284e+00,1.600000000000000033e-02
5.571670000000000122e+00,1.200000000000000025e-02
5.573330000000000339e+00,0.000000000000000000e+00
5.575000000000000178e+00,6.000000000000000125e-03
5.576670000000000016e+00,1.700000000000000122e-02
5.578330000000000233e+00,1.099999999999999936e-02
5.580000000000000071e+00,-4.000000000000000083e-03
5.581669999999999909e+00,6.000000000000000125e-03
5.583330000000000126e+00,1.499999999999999944e-02
5.584999999999999964e+00,6.000000000000000125e-03
5.586669999999999803e+00,-8.000000000000000167e-03
5.588330000000000020e+00,-3.000000000000000062e-03
5.589999999999999858e+00,7.000000000000000146e-03
5.591669999999999696e+00,5.000000000000000104e-03
5.593329999999999913e+00,-7.000000000000000146e-03
5.594999999999999751e+00,-1.000000000000000021e-03
5.596669999999999590e+00,1.299999999999999940e-02
5.598329999999999806e+00,1.099999999999999936e-02
5.599999999999999645e+00,-2.000000000000000042e-03
5.601670000000000371e+00,-2.000000000000000042e-03
5.603329999999999700e+00,5.000000000000000104e-03
5.605000000000000426e+00,5.000000000000000104e-03
5.606670000000000265e+00,-7.000000000000000146e-03
5.608329999999999593e+00,-5.000000000000000104e-03
5.610000000000000320e+00,6.000000000000000125e-03
5.611670000000000158e+00,4.000000000000000083e-03
5.613330000000000375e+00,-8.000000000000000167e-03
5.615000000000000213e+00,-3.000000000000000062e-03
5.616670000000000051e+00,1.000000000000000021e-02
5.618330000000000268e+00,1.200000000000000025e-02
5.620000000000000107e+00,3.000000000000000062e-03
5.621669999999999945e+00,3.000000000000000062e-03
5.623330000000000162e+00,1.099999999999999936e-02
5.625000000000000000e+00,7.000000000000000146e-03
5.626669999999999838e+00,-7.000000000000000146e-03
5.628330000000000055e+00,-4.000000000000000083e-03
5.629999999999999893e+00,1.000000000000000021e-02
5.631669999999999732e+00,1.099999999999999936e-02
5.633329999999999949e+00,-2.000000000000000042e-03
5.634999999999999787e+00,-2.000000000000000042e-03
5.636669999999999625e+00,1.099999999999999936e-02
5.638329999999999842e+00,8.999999999999999320e-03
5.639999999999999680e+00,-2.000000000000000042e-03
5.641670000000000407e+00,-3.000000000000000062e-03
5.643329999999999735e+00,1.000000000000000021e-02
5.644999999999999574e+00,1.099999999999999936e-02
5.646670000000000300e+00,-4.000000000000000083e-03
5.648329999999999629e+00,-5.000000000000000104e-03
5.650000000000000355e+00,1.099999999999999936e-02
5.651670000000000194e+00,1.200000000000000025e-02
5.653330000000000410e+00,-4.000000000000000083e-03
5.655000000000000249e+00,-4.000000000000000083e-03
5.656670000000000087e+00,1.000000000000000021e-02
5.658330000000000304e+00,1.200000000000000025e-02
5.660000000000000142e+00,3.000000000000000062e-03
5.661669999999999980e+00,1.000000000000000021e-03
5.663330000000000197e+00,1.200000000000000025e-02
5.665000000000000036e+00,1.299999999999999940e-02
5.666669999999999874e+00,1.000000000000000021e-03
5.668330000000000091e+00,-1.000000000000000021e-03
5.669999999999999929e+00,1.000000000000000021e-02
5.671669999999999767e+00,1.200000000000000025e-02
5.673329999999999984e+00,2.000000000000000042e-03
5.674999999999999822e+00,0.000000000000000000e+00
5.676669999999999661e+00,1.299999999999999940e-02
5.678329999999999878e+00,1.499999999999999944e-02
5.679999999999999716e+00,3.000000000000000062e-03
5.681670000000000442e+00,-3.000000000000000062e-03
5.683329999999999771e+00,1.200000000000000025e-02
5.684999999999999609e+00,1.299999999999999940e-02
5.686670000000000336e+00,1.000000000000000021e-03
5.688329999999999664e+00,-5.000000000000000104e-03
5.690000000000000391e+00,6.000000000000000125e-03
5.691670000000000229e+00,7.000000000000000146e-03
5.693329999999999558e+00,-3.000000000000000062e-03
5.695000000000000284e+00,-8.999999999999999320e-03
5.696670000000000122e+00,7.000000000000000146e-03
5.698330000000000339e+00,1.499999999999999944e-02
5.700000000000000178e+00,5.000000000000000104e-03
5.701670000000000016e+00,0.000000000000000000e+00
5.703330000000000233e+00,1.600000000000000033e-02
5.705000000000000071e+00,1.700000000000000122e-02
5.706669999999999909e+00,7.000000000000000146e-03
5.708330000000000126e+00,1.000000000000000021e-03
5.709999999999999964e+00,1.299999999999999940e-02
5.711669999999999803e+00,2.000000000000000042e-02
5.713330000000000020e+00,1.000000000000000021e-02
5.714999999999999858e+00,5.000000000000000104e-03
5.716669999999999696e+00,1.799999999999999864e-02
5.718329999999999913e+00,2.199999999999999872e-02
5.719999999999999751e+00,1.299999999999999940e-02
5.721669999999999590e+00,5.000000000000000104e-03
5.723329999999999806e+00,1.899999999999999953e-02
5.724999999999999645e+00,2.100000000000000130e-02
5.726670000000000371e+00,1.099999999999999936e-02
5.728329999999999700e+00,0.000000000000000000e+00
5.730000000000000426e+00,1.400000000000000029e-02
5.731670000000000265e+00,1.899999999999999953e-02
5.733329999999999593e+00,1.299999999999999940e-02
5.735000000000000320e+00,3.000000000000000062e-03
5.736670000000000158e+00,1.299999999999999940e-02
5.738330000000000375e+00,2.100000000000000130e-02
5.740000000000000213e+00,1.099999999999999936e-02
5.741670000000000051e+00,-3.000000000000000062e-03
5.743330000000000268e+00,8.999999999999999320e-03
5.745000000000000107e+00,2.100000000000000130e-02
5.746669999999999945e+00,1.299999999999999940e-02
5.748330000000000162e+00,2.000000000000000042e-03
5.750000000000000000e+00,1.400000000000000029e-02
5.751669999999999838e+00,2.299999999999999961e-02
5.753330000000000055e+00,1.299999999999999940e-02
5.754999999999999893e+00,0.000000000000000000e+00
5.756669999999999732e+00,1.000000000000000021e-02
5.758329999999999949e+00,1.700000000000000122e-02
5.759999999999999787e+00,1.000000000000000021e-02
5.761669999999999625e+00,-5.000000000000000104e-03
5.763329999999999842e+00,4.000000000000000083e-03
5.764999999999999680e+00,1.799999999999999864e-02
5.766670000000000407e+00,1.499999999999999944e-02
5.768329999999999735e+00,6.000000000000000125e-03
5.769999999999999574e+00,1.499999999999999944e-02
5.771670000000000300e+00,2.199999999999999872e-02
5.773329999999999629e+00,1.600000000000000033e-02
5.775000000000000355e+00,4.000000000000000083e-03
5.776670000000000194e+00,1.400000000000000029e-02
5.778330000000000410e+00,2.199999999999999872e-02
5.780000000000000249e+00,1.600000000000000033e-02
5.781670000000000087e+00,3.000000000000000062e-03
5.783330000000000304e+00,1.200000000000000025e-02
5.785000000000000142e+00,2.000000000000000042e-02
5.786669999999999980e+00,1.799999999999999864e-02
5.788330000000000197e+00,8.999999999999999320e-03
5.790000000000000036e+00,1.600000000000000033e-02
5.791669999999999874e+00,2.699999999999999969e-02
5.793330000000000091e+00,2.000000000000000042e-02
5.794999999999999929e+00,6.000000000000000125e-03
5.796669999999999767e+00,1.000000000000000021e-02
5.798329999999999984e+00,1.600000000000000033e-02
5.799999999999999822e+00,1.000000000000000021e-02
5.801669999999999661e+00,-2.000000000000000042e-03
5.803329999999999878e+00,3.000000000000000062e-03
5.804999999999999716e+00,1.299999999999999940e-02
5.806670000000000442e+00,1.000000000000000021e-02
5.808329999999999771e+00,-1.000000000000000021e-03
5.809999999999999609e+00,7.000000000000000146e-03
5.811670000000000336e+00,1.799999999999999864e-02
5.813329999999999664e+00,2.100000000000000130e-02
5.815000000000000391e+00,1.299999999999999940e-02
5.816670000000000229e+00,1.799999999999999864e-02
5.818329999999999558e+00,2.699999999999999969e-02
5.820000000000000284e+00,2.599999999999999881e-02
5.821670000000000122e+00,1.099999999999999936e-02
5.823330000000000339e+00,1.499999999999999944e-02
5.825000000000000178e+00,2.500000000000000139e-02
5.826670000000000016e+00,2.000000000000000042e-02
5.828330000000000233e+00,7.000000000000000146e-03
5.830000000000000071e+00,1.099999999999999936e-02
5.831669999999999909e+00,2.000000000000000042e-02
5.833330000000000126e+00,1.700000000000000122e-02
5.834999999999999964e+00,6.000000000000000125e-03
5.836669999999999803e+00,1.499999999999999944e-02
5.838330000000000020e+00,2.599999999999999881e-02
5.839999999999999858e+00,2.599999999999999881e-02
5.841669999999999696e+00,1.499999999999999944e-02
5.843329999999999913e+00,1.799999999999999864e-02
5.844999999999999751e+00,2.900000000000000147e-02
5.846669999999999590e+00,2.500000000000000139e-02
5.848329999999999806e+00,1.400000000000000029e-02
5.849999999999999645e+00,1.899999999999999953e-02
5.851670000000000371e+00,2.900000000000000147e-02
5.853329999999999700e+00,2.699999999999999969e-02
5.855000000000000426e+00,1.099999999999999936e-02
5.856670000000000265e+00,1.099999999999999936e-02
5.858329999999999593e+00,2.100000000000000130e-02
5.860000000000000320e+00,1.899999999999999953e-02
5.861670000000000158e+00,8.999999999999999320e-03
5.863330000000000375e+00,1.099999999999999936e-02
5.865000000000000213e+00,2.400000000000000050e-02
5.866670000000000051e+00,2.400000000000000050e-02
5.868330000000000268e+00,1.200000000000000025e-02
5.870000000000000107e+00,1.299999999999999940e-02
5.871669999999999945e+00,2.500000000000000139e-02
5.873330000000000162e+00,2.500000000000000139e-02
5.875000000000000000e+00,1.099999999999999936e-02
5.876669999999999838e+00,8.000000000000000167e-03
5.878330000000000055e+00,1.899999999999999953e-02
5.879999999999999893e+00,2.299999999999999961e-02
5.881669999999999732e+00,1.000000000000000021e-02
5.883329999999999949e+00,7.000000000000000146e-03
5.884999999999999787e+00,2.000000000000000042e-02
5.886669999999999625e+00,2.299999999999999961e-02
5.888329999999999842e+00,1.099999999999999936e-02
5.889999999999999680e+00,1.099999999999999936e-02
5.891670000000000407e+00,2.599999999999999881e-02
5.893329999999999735e+00,2.999999999999999889e-02
5.894999999999999574e+00,2.299999999999999961e-02
5.896670000000000300e+00,1.799999999999999864e-02
5.898329999999999629e+00,2.800000000000000058e-02
5.900000000000000355e+00,2.900000000000000147e-02
5.901670000000000194e+00,1.799999999999999864e-02
5.903330000000000410e+00,1.499999999999999944e-02
5.905000000000000249e+00,2.400000000000000050e-02
5.906670000000000087e+00,2.599999999999999881e-02
5.908330000000000304e+00,1.899999999999999953e-02
5.910000000000000142e+00,1.499999999999999944e-02
5.911669999999999980e+00,2.400000000000000050e-02
5.913330000000000197e+00,2.699999999999999969e-02
5.915000000000000036e+00,1.799999999999999864e-02
5.916669999999999874e+00,1.200000000000000025e-02
5.918330000000000091e+00,2.199999999999999872e-02
5.919999999999999929e+00,2.299999999999999961e-02
5.921669999999999767e+00,1.000000000000000021e-02
5.923329999999999984e+00,8.000000000000000167e-03
5.924999999999999822e+00,2.199999999999999872e-02
5.926669999999999661e+00,2.699999999999999969e-02
5.928329999999999878e+00,1.700000000000000122e-02
5.929999999999999716e+00,8.999999999999999320e-03
5.931670000000000442e+00,2.100000000000000130e-02
5.933329999999999771e+00,2.599999999999999881e-02
5.934999999999999609e+00,1.499999999999999944e-02
5.936670000000000336e+00,5.000000000000000104e-03
5.938329999999999664e+00,2.000000000000000042e-02
5.940000000000000391e+00,2.699999999999999969e-02
5.941670000000000229e+00,1.899999999999999953e-02
5.943329999999999558e+00,8.000000000000000167e-03
5.945000000000000284e+00,2.100000000000000130e-02
5.946670000000000122e+00,2.800000000000000058e-02
5.948330000000000339e+00,1.700000000000000122e-02
5.950000000000000178e+00,1.000000000000000021e-02
5.951670000000000016e+00,2.199999999999999872e-02
5.953330000000000233e+00,2.599999999999999881e-02
5.955000000000000071e+00,2.100000000000000130e-02
5.956669999999999909e+00,1.200000000000000025e-02
5.958330000000000126e+00,2.299999999999999961e-02
5.959999999999999964e+00,3.300000000000000155e-02
5.961669999999999803e+00,2.800000000000000058e-02
5.963330000000000020e+00,1.499999999999999944e-02
5.964999999999999858e+00,2.500000000000000139e-02
5.966669999999999696e+00,3.200000000000000067e-02
5.968329999999999913e+00,2.400000000000000050e-02
5.969999999999999751e+00,7.000000000000000146e-03
5.971669999999999590e+00,1.600000000000000033e-02
5.973329999999999806e+00,2.199999999999999872e-02
5.974999999999999645e+00,1.299999999999999940e-02
5.976670000000000371e+00,1.000000000000000021e-03
5.978329999999999700e+00,1.200000000000000025e-02
5.980000000000000426e+00,2.100000000000000130e-02
5.981670000000000265e+00,1.600000000000000033e-02
5.983329999999999593e+00,2.000000000000000042e-03
5.985000000000000320e+00,1.299999999999999940e-02
5.986670000000000158e+00,2.299999999999999961e-02
5.988330000000000375e+00,1.600000000000000033e-02
5.990000000000000213e+00,2.000000000000000042e-03
5.991670000000000051e+00,1.000000000000000021e-02
5.993330000000000268e+00,1.600000000000000033e-02
5.995000000000000107e+00,1.299999999999999940e-02
5.996669999999999945e+00,2.000000000000000042e-03
5.998330000000000162e+00,1.099999999999999936e-02
6.000000000000000000e+00,1.799999999999999864e-02
6.001669999999999838e+00,1.200000000000000025e-02
6.003330000000000055e+00,-2.000000000000000042e-03
6.004999999999999893e+00,8.999999999999999320e-03
6.006669999999999732e+00,2.000000000000000042e-02
6.008329999999999949e+00,2.000000000000000042e-02
6.009999999999999787e+00,7.000000000000000146e-03
6.011669999999999625e+00,1.499999999999999944e-02
6.013329999999999842e+00,2.299999999999999961e-02
6.014999999999999680e+00,1.799999999999999864e-02
6.016670000000000407e+00,7.000000000000000146e-03
6.018329999999999735e+00,1.600000000000000033e-02
6.019999999999999574e+00,2.500000000000000139e-02
6.021670000000000300e+00,2.000000000000000042e-02
6.023329999999999629e+00,5.000000000000000104e-03
6.025000000000000355e+00,1.200000000000000025e-02
6.026670000000000194e+00,2.000000000000000042e-02
6.028330000000000410e+00,1.499999999999999944e-02
6.030000000000000249e+00,3.000000000000000062e-03
6.031670000000000087e+00,1.200000000000000025e-02
6.033330000000000304e+00,2.199999999999999872e-02
6.035000000000000142e+00,2.000000000000000042e-02
6.036669999999999980e+00,8.000000000000000167e-03
6.038330000000000197e+00,1.799999999999999864e-02
6.040000000000000036e+00,2.699999999999999969e-02
6.041669999999999874e+00,2.599999999999999881e-02
6.043330000000000091e+00,1.299999999999999940e-02
6.044999999999999929e+00,1.400000000000000029e-02
6.046669999999999767e+00,2.199999999999999872e-02
6.048329999999999984e+00,1.700000000000000122e-02
6.049999999999999822e+00,1.000000000000000021e-03
6.051669999999999661e+00,7.000000000000000146e-03
6.053329999999999878e+00,2.100000000000000130e-02
6.054999999999999716e+00,1.899999999999999953e-02
6.056670000000000442e+00,4.000000000000000083e-03
6.058329999999999771e+00,8.999999999999999320e-03
6.059999999999999609e+00,2.000000000000000042e-02
6.061670000000000336e+00,1.899999999999999953e-02
6.063329999999999664e+00,4.000000000000000083e-03
6.065000000000000391e+00,6.000000000000000125e-03
6.066670000000000229e+00,1.799999999999999864e-02
6.068329999999999558e+00,1.799999999999999864e-02
6.070000000000000284e+00,5.000000000000000104e-03
6.071670000000000122e+00,8.000000000000000167e-03
6.073330000000000339e+00,2.100000000000000130e-02
6.075000000000000178e+00,2.199999999999999872e-02
6.076670000000000016e+00,8.999999999999999320e-03
6.078330000000000233e+00,1.000000000000000021e-02
6.080000000000000071e+00,2.199999999999999872e-02
6.081669999999999909e+00,2.599999999999999881e-02
6.083330000000000126e+00,1.400000000000000029e-02
6.084999999999999964e+00,1.200000000000000025e-02
6.086669999999999803e+00,2.299999999999999961e-02
6.088330000000000020e+00,2.299999999999999961e-02
6.089999999999999858e+00,8.999999999999999320e-03
6.091669999999999696e+00,6.000000000000000125e-03
6.093329999999999913e+00,1.899999999999999953e-02
6.094999999999999751e+00,2.299999999999999961e-02
6.096669999999999590e+00,1.400000000000000029e-02
6.098329999999999806e+00,1.299999999999999940e-02
6.099999999999999645e+00,2.699999999999999969e-02
6.101670000000000371e+00,3.300000000000000155e-02
6.103329999999999700e+00,2.100000000000000130e-02
6.105000000000000426e+00,1.499999999999999944e-02
6.106670000000000265e+00,2.800000000000000058e-02
6.108329999999999593e+00,2.900000000000000147e-02
6.110000000000000320e+00,1.700000000000000122e-02
6.111670000000000158e+00,1.000000000000000021e-02
6.113330000000000375e+00,2.199999999999999872e-02
6.115000000000000213e+00,2.299999999999999961e-02
6.116670000000000051e+00,1.700000000000000122e-02
6.118330000000000268e+00,1.499999999999999944e-02
6.120000000000000107e+00,2.800000000000000058e-02
6.121669999999999945e+00,2.900000000000000147e-02
6.123330000000000162e+00,1.499999999999999944e-02
6.125000000000000000e+00,8.000000000000000167e-03
6.126669999999999838e+00,2.199999999999999872e-02
6.128330000000000055e+00,2.299999999999999961e-02
6.129999999999999893e+00,1.400000000000000029e-02
6.131669999999999732e+00,8.000000000000000167e-03
6.133329999999999949e+00,1.899999999999999953e-02
6.134999999999999787e+00,2.100000000000000130e-02
6.136669999999999625e+00,1.200000000000000025e-02
6.138329999999999842e+00,2.000000000000000042e-03
6.139999999999999680e+00,1.600000000000000033e-02
6.141670000000000407e+00,2.100000000000000130e-02
6.143329999999999735e+00,1.299999999999999940e-02
6.144999999999999574e+00,4.000000000000000083e-03
6.146670000000000300e+00,1.600000000000000033e-02
6.148329999999999629e+00,2.100000000000000130e-02
6.150000000000000355e+00,1.000000000000000021e-02
6.151670000000000194e+00,-6.000000000000000125e-03
6.153330000000000410e+00,8.000000000000000167e-03
6.155000000000000249e+00,1.400000000000000029e-02
6.156670000000000087e+00,6.000000000000000125e-03
6.158330000000000304e+00,-2.000000000000000042e-03
6.160000000000000142e+00,1.700000000000000122e-02
6.161669999999999980e+00,2.400000000000000050e-02
6.163330000000000197e+00,1.499999999999999944e-02
6.165000000000000036e+00,5.000000000000000104e-03
6.166669999999999874e+00,1.899999999999999953e-02
6.168330000000000091e+00,2.299999999999999961e-02
6.169999999999999929e+00,1.600000000000000033e-02
6.171669999999999767e+00,3.000000000000000062e-03
6.173329999999999984e+00,2.000000000000000042e-02
6.174999999999999822e+00,2.699999999999999969e-02
6.176669999999999661e+00,1.899999999999999953e-02
6.178329999999999878e+00,5.000000000000000104e-03
6.179999999999999716e+00,1.799999999999999864e-02
6.181670000000000442e+00,2.900000000000000147e-02
6.183329999999999771e+00,2.800000000000000058e-02
6.184999999999999609e+00,1.499999999999999944e-02
6.186670000000000336e+00,2.500000000000000139e-02
6.188329999999999664e+00,3.200000000000000067e-02
6.190000000000000391e+00,2.599999999999999881e-02
6.191670000000000229e+00,1.499999999999999944e-02
6.193329999999999558e+00,2.500000000000000139e-02
6.195000000000000284e+00,2.999999999999999889e-02
6.196670000000000122e+00,2.199999999999999872e-02
6.198330000000000339e+00,7.000000000000000146e-03
6.200000000000000178e+00,1.600000000000000033e-02
6.201670000000000016e+00,2.500000000000000139e-02
6.203330000000000233e+00,2.100000000000000130e-02
6.205000000000000071e+00,8.999999999999999320e-03
6.206669999999999909e+00,1.899999999999999953e-02
6.208330000000000126e+00,2.800000000000000058e-02
6.209999999999999964e+00,2.500000000000000139e-02
6.211669999999999803e+00,1.200000000000000025e-02
6.213330000000000020e+00,2.299999999999999961e-02
6.214999999999999858e+00,2.999999999999999889e-02
6.216669999999999696e+00,2.699999999999999969e-02
6.218329999999999913e+00,1.400000000000000029e-02
6.219999999999999751e+00,2.100000000000000130e-02
6.221669999999999590e+00,3.099999999999999978e-02
6.223329999999999806e+00,2.800000000000000058e-02
6.224999999999999645e+00,1.499999999999999944e-02
6.226670000000000371e+00,2.299999999999999961e-02
6.228329999999999700e+00,3.099999999999999978e-02
6.230000000000000426e+00,2.500000000000000139e-02
6.231670000000000265e+00,8.000000000000000167e-03
6.233329999999999593e+00,1.700000000000000122e-02
6.235000000000000320e+00,2.699999999999999969e-02
6.236670000000000158e+00,2.500000000000000139e-02
6.238330000000000375e+00,1.400000000000000029e-02
6.240000000000000213e+00,2.100000000000000130e-02
6.241670000000000051e+00,3.599999999999999728e-02
6.243330000000000268e+00,3.400000000000000244e-02
6.245000000000000107e+00,2.000000000000000042e-02
6.246669999999999945e+00,2.100000000000000130e-02
6.248330000000000162e+00,2.999999999999999889e-02
6.250000000000000000e+00,2.599999999999999881e-02
6.251669999999999838e+00,1.099999999999999936e-02
6.253330000000000055e+00,1.099999999999999936e-02
6.254999999999999893e+00,2.199999999999999872e-02
6.256669999999999732e+00,2.100000000000000130e-02
6.258329999999999949e+00,1.200000000000000025e-02
6.259999999999999787e+00,1.799999999999999864e-02
6.261669999999999625e+00,2.800000000000000058e-02
6.263329999999999842e+00,2.699999999999999969e-02
6.264999999999999680e+00,1.400000000000000029e-02
6.266670000000000407e+00,1.499999999999999944e-02
6.268329999999999735e+00,2.900000000000000147e-02
6.269999999999999574e+00,2.800000000000000058e-02
6.271670000000000300e+00,1.499999999999999944e-02
6.273329999999999629e+00,1.099999999999999936e-02
6.275000000000000355e+00,2.400000000000000050e-02
6.276670000000000194e+00,2.500000000000000139e-02
6.278330000000000410e+00,1.299999999999999940e-02
6.280000000000000249e+00,1.099999999999999936e-02
6.281670000000000087e+00,2.299999999999999961e-02
6.283330000000000304e+00,2.299999999999999961e-02
6.285000000000000142e+00,8.000000000000000167e-03
6.286669999999999980e+00,4.000000000000000083e-03
6.288330000000000197e+00,2.100000000000000130e-02
6.290000000000000036e+00,2.299999999999999961e-02
6.291669999999999874e+00,8.000000000000000167e-03
6.293330000000000091e+00,2.000000000000000042e-03
6.294999999999999929e+00,1.899999999999999953e-02
6.296669999999999767e+00,2.100000000000000130e-02
6.298329999999999984e+00,7.000000000000000146e-03
6.299999999999999822e+00,3.000000000000000062e-03
6.301669999999999661e+00,2.100000000000000130e-02
6.303329999999999878e+00,2.199999999999999872e-02
6.304999999999999716e+00,8.999999999999999320e-03
6.306670000000000442e+00,2.000000000000000042e-03
6.308329999999999771e+00,1.499999999999999944e-02
6.309999999999999609e+00,1.600000000000000033e-02
6.311670000000000336e+00,7.000000000000000146e-03
6.313329999999999664e+00,5.000000000000000104e-03
6.315000000000000391e+00,2.199999999999999872e-02
6.316670000000000229e+00,2.299999999999999961e-02
6.318329999999999558e+00,1.400000000000000029e-02
6.320000000000000284e+00,8.000000000000000167e-03
6.321670000000000122e+00,2.199999999999999872e-02
6.323330000000000339e+00,2.299999999999999961e-02
6.325000000000000178e+00,8.999999999999999320e-03
6.326670000000000016e+00,6.000000000000000125e-03
6.328330000000000233e+00,1.899999999999999953e-02
6.330000000000000071e+00,2.400000000000000050e-02
6.331669999999999909e+00,1.299999999999999940e-02
6.333330000000000126e+00,7.000000000000000146e-03
6.334999999999999964e+00,1.899999999999999953e-02
6.336669999999999803e+00,2.100000000000000130e-02
6.338330000000000020e+00,1.200000000000000025e-02
6.339999999999999858e+00,4.000000000000000083e-03
6.341669999999999696e+00,1.499999999999999944e-02
6.343329999999999913e+00,1.700000000000000122e-02
6.344999999999999751e+00,6.000000000000000125e-03
6.346669999999999590e+00,-2.000000000000000042e-03
6.348329999999999806e+00,1.200000000000000025e-02
6.349999999999999645e+00,1.600000000000000033e-02
6.351670000000000371e+00,1.000000000000000021e-02
6.353329999999999700e+00,5.000000000000000104e-03
6.355000000000000426e+00,2.199999999999999872e-02
6.356670000000000265e+00,2.800000000000000058e-02
6.358329999999999593e+00,2.100000000000000130e-02
6.360000000000000320e+00,1.299999999999999940e-02
6.361670000000000158e+00,2.500000000000000139e-02
6.363330000000000375e+00,3.200000000000000067e-02
6.365000000000000213e+00,2.500000000000000139e-02
6.366670000000000051e+00,1.000000000000000021e-02
6.368330000000000268e+00,2.299999999999999961e-02
6.370000000000000107e+00,2.699999999999999969e-02
6.371669999999999945e+00,1.700000000000000122e-02
6.373330000000000162e+00,8.999999999999999320e-03
6.375000000000000000e+00,2.400000000000000050e-02
6.376669999999999838e+00,2.900000000000000147e-02
6.378330000000000055e+00,2.299999999999999961e-02
6.379999999999999893e+00,1.000000000000000021e-02
6.381669999999999732e+00,2.299999999999999961e-02
6.383329999999999949e+00,2.999999999999999889e-02
6.384999999999999787e+00,2.599999999999999881e-02
6.386669999999999625e+00,1.299999999999999940e-02
6.388329999999999842e+00,2.199999999999999872e-02
6.389999999999999680e+00,2.800000000000000058e-02
6.391670000000000407e+00,2.199999999999999872e-02
6.393329999999999735e+00,1.200000000000000025e-02
6.394999999999999574e+00,2.199999999999999872e-02
6.396670000000000300e+00,2.999999999999999889e-02
6.398329999999999629e+00,2.800000000000000058e-02
6.400000000000000355e+00,1.299999999999999940e-02
6.401670000000000194e+00,2.400000000000000050e-02
6.403330000000000410e+00,3.500000000000000333e-02
6.405000000000000249e+00,2.500000000000000139e-02
6.406670000000000087e+00,8.999999999999999320e-03
6.408330000000000304e+00,1.899999999999999953e-02
6.410000000000000142e+00,2.900000000000000147e-02
6.411669999999999980e+00,2.299999999999999961e-02
6.413330000000000197e+00,1.000000000000000021e-02
6.415000000000000036e+00,1.799999999999999864e-02
6.416669999999999874e+00,2.900000000000000147e-02
6.418330000000000091e+00,2.000000000000000042e-02
6.419999999999999929e+00,8.000000000000000167e-03
6.421669999999999767e+00,1.400000000000000029e-02
6.423329999999999984e+00,2.699999999999999969e-02
6.424999999999999822e+00,2.199999999999999872e-02
6.426669999999999661e+00,8.000000000000000167e-03
6.428329999999999878e+00,1.700000000000000122e-02
6.429999999999999716e+00,2.900000000000000147e-02
6.431670000000000442e+00,2.699999999999999969e-02
6.433329999999999771e+00,1.400000000000000029e-02
6.434999999999999609e+00,2.100000000000000130e-02
6.436670000000000336e+00,3.200000000000000067e-02
6.438329999999999664e+00,2.800000000000000058e-02
6.440000000000000391e+00,1.899999999999999953e-02
6.441670000000000229e+00,2.400000000000000050e-02
6.443329999999999558e+00,3.500000000000000333e-02
6.445000000000000284e+00,2.900000000000000147e-02
6.446670000000000122e+00,1.799999999999999864e-02
6.448330000000000339e+00,2.299999999999999961e-02
6.450000000000000178e+00,3.699999999999999817e-02
6.451670000000000016e+00,3.400000000000000244e-02
6.453330000000000233e+00,2.100000000000000130e-02
6.455000000000000071e+00,2.199999999999999872e-02
6.456669999999999909e+00,3.400000000000000244e-02
6.458330000000000126e+00,2.900000000000000147e-02
6.459999999999999964e+00,1.499999999999999944e-02
6.461669999999999803e+00,1.799999999999999864e-02
6.463330000000000020e+00,2.900000000000000147e-02
6.464999999999999858e+00,2.599999999999999881e-02
6.466669999999999696e+00,1.499999999999999944e-02
6.468329999999999913e+00,1.899999999999999953e-02
6.469999999999999751e+00,2.699999999999999969e-02
6.471669999999999590e+00,2.400000000000000050e-02
6.473329999999999806e+00,1.000000000000000021e-02
6.474999999999999645e+00,1.099999999999999936e-02
6.476670000000000371e+00,2.199999999999999872e-02
6.478329999999999700e+00,2.500000000000000139e-02
6.480000000000000426e+00,1.499999999999999944e-02
6.481670000000000265e+00,1.600000000000000033e-02
6.483329999999999593e+00,2.599999999999999881e-02
6.485000000000000320e+00,2.500000000000000139e-02
6.486670000000000158e+00,1.499999999999999944e-02
6.488330000000000375e+00,1.700000000000000122e-02
6.490000000000000213e+00,3.099999999999999978e-02
6.491670000000000051e+00,3.500000000000000333e-02
6.493330000000000268e+00,2.500000000000000139e-02
6.495000000000000107e+00,1.899999999999999953e-02
6.496669999999999945e+00,2.999999999999999889e-02
6.498330000000000162e+00,3.300000000000000155e-02
6.500000000000000000e+00,2.299999999999999961e-02
6.501669999999999838e+00,2.000000000000000042e-02
6.503330000000000055e+00,3.300000000000000155e-02
6.504999999999999893e+00,3.200000000000000067e-02
6.506669999999999732e+00,1.499999999999999944e-02
6.508329999999999949e+00,1.200000000000000025e-02
6.509999999999999787e+00,2.699999999999999969e-02
6.511669999999999625e+00,2.900000000000000147e-02
6.513329999999999842e+00,1.700000000000000122e-02
6.514999999999999680e+00,1.299999999999999940e-02
6.516670000000000407e+00,2.900000000000000147e-02
6.518329999999999735e+00,3.300000000000000155e-02
6.519999999999999574e+00,1.499999999999999944e-02
6.521670000000000300e+00,5.000000000000000104e-03
6.523329999999999629e+00,1.799999999999999864e-02
6.525000000000000355e+00,2.299999999999999961e-02
6.526670000000000194e+00,1.099999999999999936e-02
6.528330000000000410e+00,1.000000000000000021e-02
6.530000000000000249e+00,2.400000000000000050e-02
6.531670000000000087e+00,2.500000000000000139e-02
6.533330000000000304e+00,1.200000000000000025e-02
6.535000000000000142e+00,5.000000000000000104e-03
6.536669999999999980e+00,1.899999999999999953e-02
6.538330000000000197e+00,2.299999999999999961e-02
6.540000000000000036e+00,1.499999999999999944e-02
6.541669999999999874e+00,1.099999999999999936e-02
6.543330000000000091e+00,2.299999999999999961e-02
6.544999999999999929e+00,2.599999999999999881e-02
6.546669999999999767e+00,1.400000000000000029e-02
6.548329999999999984e+00,7.000000000000000146e-03
6.549999999999999822e+00,2.100000000000000130e-02
6.551669999999999661e+00,2.699999999999999969e-02
6.553329999999999878e+00,1.899999999999999953e-02
6.554999999999999716e+00,1.200000000000000025e-02
6.556670000000000442e+00,2.299999999999999961e-02
6.558329999999999771e+00,2.800000000000000058e-02
6.559999999999999609e+00,2.100000000000000130e-02
6.561670000000000336e+00,8.000000000000000167e-03
6.563329999999999664e+00,2.000000000000000042e-02
6.565000000000000391e+00,2.400000000000000050e-02
6.566670000000000229e+00,1.600000000000000033e-02
6.568329999999999558e+00,1.099999999999999936e-02
6.570000000000000284e+00,1.899999999999999953e-02
6.571670000000000122e+00,2.599999999999999881e-02
6.573330000000000339e+00,1.600000000000000033e-02
6.575000000000000178e+00,6.000000000000000125e-03
6.576670000000000016e+00,1.899999999999999953e-02
6.578330000000000233e+00,2.699999999999999969e-02
6.580000000000000071e+00,1.600000000000000033e-02
6.581669999999999909e+00,5.000000000000000104e-03
6.583330000000000126e+00,1.700000000000000122e-02
6.584999999999999964e+00,2.699999999999999969e-02
6.586669999999999803e+00,2.000000000000000042e-02
6.588330000000000020e+00,1.299999999999999940e-02
6.589999999999999858e+00,2.699999999999999969e-02
6.591669999999999696e+00,3.400000000000000244e-02
6.593329999999999913e+00,2.400000000000000050e-02
6.594999999999999751e+00,1.400000000000000029e-02
6.596669999999999590e+00,2.699999999999999969e-02
6.598329999999999806e+00,3.799999999999999906e-02
6.599999999999999645e+00,2.699999999999999969e-02
6.601670000000000371e+00,1.600000000000000033e-02
6.603329999999999700e+00,2.599999999999999881e-02
6.605000000000000426e+00,3.200000000000000067e-02
6.606670000000000265e+00,2.500000000000000139e-02
6.608329999999999593e+00,1.499999999999999944e-02
6.610000000000000320e+00,2.299999999999999961e-02
6.611670000000000158e+00,3.200000000000000067e-02
6.613330000000000375e+00,2.199999999999999872e-02
6.615000000000000213e+00,8.999999999999999320e-03
6.616670000000000051e+00,2.100000000000000130e-02
6.618330000000000268e+00,2.999999999999999889e-02
6.620000000000000107e+00,2.299999999999999961e-02
6.621669999999999945e+00,1.000000000000000021e-02
6.623330000000000162e+00,1.799999999999999864e-02
6.625000000000000000e+00,2.999999999999999889e-02
6.626669999999999838e+00,2.199999999999999872e-02
6.628330000000000055e+00,1.000000000000000021e-02
6.629999999999999893e+00,1.799999999999999864e-02
6.631669999999999732e+00,2.800000000000000058e-02
6.633329999999999949e+00,2.400000000000000050e-02
6.634999999999999787e+00,1.200000000000000025e-02
6.636669999999999625e+00,1.899999999999999953e-02
6.638329999999999842e+00,2.999999999999999889e-02
6.639999999999999680e+00,2.500000000000000139e-02
6.641670000000000407e+00,1.299999999999999940e-02
6.643329999999999735e+00,2.000000000000000042e-02
6.644999999999999574e+00,2.999999999999999889e-02
6.646670000000000300e+00,2.500000000000000139e-02
6.648329999999999629e+00,1.299999999999999940e-02
6.650000000000000355e+00,2.000000000000000042e-02
6.651670000000000194e+00,2.999999999999999889e-02
6.653330000000000410e+00,2.699999999999999969e-02
6.655000000000000249e+00,1.400000000000000029e-02
6.656670000000000087e+00,2.000000000000000042e-02
6.658330000000000304e+00,2.900000000000000147e-02
6.660000000000000142e+00,2.900000000000000147e-02
6.661669999999999980e+00,2.100000000000000130e-02
6.663330000000000197e+00,2.699999999999999969e-02
6.665000000000000036e+00,3.699999999999999817e-02
6.666669999999999874e+00,3.500000000000000333e-02
6.668330000000000091e+00,2.000000000000000042e-02
6.669999999999999929e+00,2.299999999999999961e-02
6.671669999999999767e+00,3.300000000000000155e-02
6.673329999999999984e+00,3.300000000000000155e-02
6.674999999999999822e+00,2.000000000000000042e-02
6.676669999999999661e+00,2.400000000000000050e-02
6.678329999999999878e+00,3.500000000000000333e-02
6.679999999999999716e+00,3.400000000000000244e-02
6.681670000000000442e+00,1.899999999999999953e-02
6.683329999999999771e+00,2.100000000000000130e-02
6.684999999999999609e+00,3.099999999999999978e-02
6.686670000000000336e+00,3.400000000000000244e-02
6.688329999999999664e+00,2.100000000000000130e-02
6.690000000000000391e+00,2.500000000000000139e-02
6.691670000000000229e+00,3.899999999999999994e-02
6.693329999999999558e+00,3.400000000000000244e-02
6.695000000000000284e+00,1.700000000000000122e-02
6.696670000000000122e+00,2.000000000000000042e-02
6.698330000000000339e+00,3.200000000000000067e-02
6.700000000000000178e+00,2.900000000000000147e-02
6.701670000000000016e+00,1.499999999999999944e-02
6.703330000000000233e+00,1.600000000000000033e-02
6.705000000000000071e+00,2.800000000000000058e-02
6.706669999999999909e+00,2.900000000000000147e-02
6.708330000000000126e+00,1.899999999999999953e-02
6.709999999999999964e+00,2.100000000000000130e-02
6.711669999999999803e+00,2.999999999999999889e-02
6.713330000000000020e+00,3.400000000000000244e-02
6.714999999999999858e+00,2.100000000000000130e-02
6.716669999999999696e+00,2.199999999999999872e-02
6.718329999999999913e+00,3.400000000000000244e-02
6.719999999999999751e+00,3.599999999999999728e-02
6.721669999999999590e+00,2.400000000000000050e-02
6.723329999999999806e+00,2.100000000000000130e-02
6.724999999999999645e+00,3.099999999999999978e-02
6.726670000000000371e+00,2.999999999999999889e-02
6.728329999999999700e+00,1.700000000000000122e-02
6.730000000000000426e+00,1.499999999999999944e-02
6.731670000000000265e+00,2.900000000000000147e-02
6.733329999999999593e+00,3.300000000000000155e-02
6.735000000000000320e+00,2.100000000000000130e-02
6.736670000000000158e+00,1.799999999999999864e-02
6.738330000000000375e+00,2.900000000000000147e-02
6.740000000000000213e+00,3.099999999999999978e-02
6.741670000000000051e+00,1.799999999999999864e-02
6.743330000000000268e+00,1.299999999999999940e-02
6.745000000000000107e+00,2.699999999999999969e-02
6.746669999999999945e+00,3.200000000000000067e-02
6.748330000000000162e+00,2.299999999999999961e-02
6.750000000000000000e+00,2.100000000000000130e-02
6.751669999999999838e+00,3.599999999999999728e-02
6.753330000000000055e+00,4.299999999999999656e-02
6.754999999999999893e+00,2.999999999999999889e-02
6.756669999999999732e+00,2.500000000000000139e-02
6.758329999999999949e+00,4.000000000000000083e-02
6.759999999999999787e+00,4.200000000000000261e-02
6.761669999999999625e+00,3.099999999999999978e-02
6.763329999999999842e+00,2.299999999999999961e-02
6.764999999999999680e+00,3.500000000000000333e-02
6.766670000000000407e+00,4.100000000000000172e-02
6.768329999999999735e+00,3.099999999999999978e-02
6.769999999999999574e+00,2.500000000000000139e-02
6.771670000000000300e+00,3.699999999999999817e-02
6.773329999999999629e+00,4.499999999999999833e-02
6.775000000000000355e+00,3.200000000000000067e-02
6.776670000000000194e+00,2.000000000000000042e-02
6.778330000000000410e+00,3.200000000000000067e-02
6.780000000000000249e+00,3.699999999999999817e-02
6.781670000000000087e+00,3.099999999999999978e-02
6.783330000000000304e+00,1.899999999999999953e-02
6.785000000000000142e+00,2.900000000000000147e-02
6.786669999999999980e+00,3.300000000000000155e-02
6.788330000000000197e+00,2.500000000000000139e-02
6.790000000000000036e+00,1.600000000000000033e-02
6.791669999999999874e+00,2.900000000000000147e-02
6.793330000000000091e+00,3.500000000000000333e-02
6.794999999999999929e+00,2.500000000000000139e-02
6.796669999999999767e+00,1.299999999999999940e-02
6.798329999999999984e+00,3.099999999999999978e-02
6.799999999999999822e+00,3.799999999999999906e-02
6.801669999999999661e+00,3.200000000000000067e-02
6.803329999999999878e+00,2.400000000000000050e-02
6.804999999999999716e+00,3.099999999999999978e-02
6.806670000000000442e+00,3.899999999999999994e-02
6.808329999999999771e+00,2.800000000000000058e-02
6.809999999999999609e+00,1.400000000000000029e-02
6.811670000000000336e+00,2.599999999999999881e-02
6.813329999999999664e+00,3.400000000000000244e-02
6.815000000000000391e+00,2.900000000000000147e-02
6.816670000000000229e+00,1.899999999999999953e-02
6.818329999999999558e+00,3.300000000000000155e-02
6.820000000000000284e+00,4.100000000000000172e-02
6.821670000000000122e+00,3.599999999999999728e-02
6.823330000000000339e+00,2.599999999999999881e-02
6.825000000000000178e+00,3.699999999999999817e-02
6.826670000000000016e+00,4.299999999999999656e-02
6.828330000000000233e+00,3.599999999999999728e-02
6.830000000000000071e+00,2.299999999999999961e-02
6.831669999999999909e+00,3.400000000000000244e-02
6.833330000000000126e+00,3.899999999999999994e-02
6.834999999999999964e+00,3.300000000000000155e-02
6.836669999999999803e+00,2.299999999999999961e-02
6.838330000000000020e+00,3.500000000000000333e-02
6.839999999999999858e+00,4.100000000000000172e-02
6.841669999999999696e+00,3.599999999999999728e-02
6.843329999999999913e+00,2.000000000000000042e-02
6.844999999999999751e+00,2.900000000000000147e-02
6.846669999999999590e+00,3.599999999999999728e-02
6.848329999999999806e+00,3.300000000000000155e-02
6.849999999999999645e+00,2.299999999999999961e-02
6.851670000000000371e+00,2.900000000000000147e-02
6.853329999999999700e+00,3.500000000000000333e-02
6.855000000000000426e+00,2.900000000000000147e-02
6.856670000000000265e+00,1.400000000000000029e-02
6.858329999999999593e+00,2.199999999999999872e-02
6.860000000000000320e+00,2.999999999999999889e-02
6.861670000000000158e+00,2.800000000000000058e-02
6.863330000000000375e+00,1.499999999999999944e-02
6.865000000000000213e+00,2.599999999999999881e-02
6.866670000000000051e+00,3.500000000000000333e-02
6.868330000000000268e+00,3.300000000000000155e-02
6.870000000000000107e+00,1.700000000000000122e-02
6.871669999999999945e+00,2.400000000000000050e-02
6.873330000000000162e+00,3.200000000000000067e-02
6.875000000000000000e+00,3.099999999999999978e-02
6.876669999999999838e+00,1.600000000000000033e-02
6.878330000000000055e+00,2.299999999999999961e-02
6.879999999999999893e+00,3.300000000000000155e-02
6.881669999999999732e+00,2.900000000000000147e-02
6.883329999999999949e+00,1.299999999999999940e-02
6.884999999999999787e+00,1.899999999999999953e-02
6.886669999999999625e+00,2.999999999999999889e-02
6.888329999999999842e+00,2.599999999999999881e-02
6.889999999999999680e+00,1.000000000000000021e-02
6.891670000000000407e+00,1.499999999999999944e-02
6.893329999999999735e+00,2.699999999999999969e-02
6.894999999999999574e+00,2.699999999999999969e-02
6.896670000000000300e+00,1.400000000000000029e-02
6.898329999999999629e+00,1.899999999999999953e-02
6.900000000000000355e+00,3.099999999999999978e-02
6.901670000000000194e+00,3.099999999999999978e-02
6.903330000000000410e+00,1.499999999999999944e-02
6.905000000000000249e+00,2.000000000000000042e-02
6.906670000000000087e+00,2.800000000000000058e-02
6.908330000000000304e+00,2.500000000000000139e-02
6.910000000000000142e+00,1.200000000000000025e-02
6.911669999999999980e+00,1.099999999999999936e-02
6.913330000000000197e+00,2.400000000000000050e-02
6.915000000000000036e+00,2.400000000000000050e-02
6.916669999999999874e+00,1.499999999999999944e-02
6.918330000000000091e+00,1.799999999999999864e-02
6.919999999999999929e+00,3.300000000000000155e-02
6.921669999999999767e+00,3.400000000000000244e-02
6.923329999999999984e+00,1.799999999999999864e-02
6.924999999999999822e+00,1.400000000000000029e-02
6.926669999999999661e+00,2.599999999999999881e-02
6.928329999999999878e+00,2.500000000000000139e-02
6.929999999999999716e+00,1.499999999999999944e-02
6.931670000000000442e+00,1.299999999999999940e-02
6.933329999999999771e+00,2.900000000000000147e-02
6.934999999999999609e+00,3.200000000000000067e-02
6.936670000000000336e+00,1.700000000000000122e-02
6.938329999999999664e+00,1.299999999999999940e-02
6.940000000000000391e+00,2.800000000000000058e-02
6.941670000000000229e+00,3.200000000000000067e-02
6.943329999999999558e+00,2.000000000000000042e-02
6.945000000000000284e+00,1.700000000000000122e-02
6.946670000000000122e+00,3.200000000000000067e-02
6.948330000000000339e+00,3.599999999999999728e-02
6.950000000000000178e+00,2.599999999999999881e-02
6.951670000000000016e+00,1.899999999999999953e-02
6.953330000000000233e+00,3.099999999999999978e-02
6.955000000000000071e+00,3.200000000000000067e-02
6.956669999999999909e+00,1.899999999999999953e-02
6.958330000000000126e+00,1.299999999999999940e-02
6.959999999999999964e+00,2.900000000000000147e-02
6.961669999999999803e+00,3.300000000000000155e-02
6.963330000000000020e+00,2.500000000000000139e-02
6.964999999999999858e+00,1.700000000000000122e-02
6.966669999999999696e+00,2.999999999999999889e-02
6.968329999999999913e+00,3.699999999999999817e-02
6.969999999999999751e+00,2.800000000000000058e-02
6.971669999999999590e+00,2.100000000000000130e-02
6.973329999999999806e+00,3.300000000000000155e-02
6.974999999999999645e+00,2.900000000000000147e-02
6.976670000000000371e+00,1.799999999999999864e-02
6.978329999999999700e+00,1.099999999999999936e-02
6.980000000000000426e+00,2.299999999999999961e-02
6.981670000000000265e+00,2.400000000000000050e-02
6.983329999999999593e+00,1.299999999999999940e-02
6.985000000000000320e+00,5.000000000000000104e-03
6.986670000000000158e+00,2.100000000000000130e-02
6.988330000000000375e+00,2.699999999999999969e-02
6.990000000000000213e+00,2.000000000000000042e-02
6.991670000000000051e+00,1.000000000000000021e-02
6.993330000000000268e+00,2.400000000000000050e-02
6.995000000000000107e+00,2.800000000000000058e-02
6.996669999999999945e+00,1.899999999999999953e-02
6.998330000000000162e+00,1.200000000000000025e-02
7.000000000000000000e+00,2.699999999999999969e-02
7.001669999999999838e+00,3.300000000000000155e-02
7.003330000000000055e+00,2.400000000000000050e-02
7.004999999999999893e+00,1.000000000000000021e-02
7.006669999999999732e+00,2.299999999999999961e-02
7.008329999999999949e+00,3.099999999999999978e-02
7.009999999999999787e+00,2.699999999999999969e-02
7.011669999999999625e+00,1.600000000000000033e-02
7.013329999999999842e+00,3.099999999999999978e-02
7.014999999999999680e+00,3.599999999999999728e-02
7.016670000000000407e+00,3.200000000000000067e-02
7.018329999999999735e+00,1.799999999999999864e-02
7.019999999999999574e+00,3.099999999999999978e-02
7.021670000000000300e+00,4.200000000000000261e-02
7.023329999999999629e+00,3.500000000000000333e-02
7.025000000000000355e+00,1.899999999999999953e-02
7.026670000000000194e+00,2.900000000000000147e-02
7.028330000000000410e+00,3.400000000000000244e-02
7.030000000000000249e+00,2.800000000000000058e-02
7.031670000000000087e+00,1.899999999999999953e-02
7.033330000000000304e+00,2.999999999999999889e-02
7.035000000000000142e+00,3.599999999999999728e-02
7.036669999999999980e+00,2.900000000000000147e-02
7.038330000000000197e+00,1.700000000000000122e-02
7.040000000000000036e+00,3.099999999999999978e-02
7.041669999999999874e+00,3.599999999999999728e-02
7.043330000000000091e+00,3.200000000000000067e-02
7.044999999999999929e+00,1.899999999999999953e-02
7.046669999999999767e+00,2.900000000000000147e-02
7.048329999999999984e+00,4.100000000000000172e-02
7.049999999999999822e+00,3.599999999999999728e-02
7.051669999999999661e+00,2.000000000000000042e-02
7.053329999999999878e+00,2.900000000000000147e-02
7.054999999999999716e+00,3.799999999999999906e-02
7.056670000000000442e+00,3.400000000000000244e-02
7.058329999999999771e+00,2.000000000000000042e-02
7.059999999999999609e+00,3.200000000000000067e-02
7.061670000000000336e+00,4.000000000000000083e-02
7.063329999999999664e+00,3.400000000000000244e-02
7.065000000000000391e+00,2.000000000000000042e-02
7.066670000000000229e+00,3.099999999999999978e-02
7.068329999999999558e+00,4.299999999999999656e-02
7.070000000000000284e+00,3.699999999999999817e-02
7.071670000000000122e+00,1.899999999999999953e-02
7.073330000000000339e+00,2.400000000000000050e-02
7.075000000000000178e+00,3.699999999999999817e-02
7.076670000000000016e+00,3.500000000000000333e-02
7.078330000000000233e+00,1.899999999999999953e-02
7.080000000000000071e+00,2.199999999999999872e-02
7.081669999999999909e+00,3.200000000000000067e-02
7.083330000000000126e+00,2.999999999999999889e-02
7.084999999999999964e+00,1.600000000000000033e-02
7.086669999999999803e+00,2.000000000000000042e-02
7.088330000000000020e+00,2.900000000000000147e-02
7.089999999999999858e+00,2.900000000000000147e-02
7.091669999999999696e+00,1.200000000000000025e-02
7.093329999999999913e+00,1.600000000000000033e-02
7.094999999999999751e+00,2.900000000000000147e-02
7.096669999999999590e+00,2.400000000000000050e-02
7.098329999999999806e+00,1.099999999999999936e-02
7.099999999999999645e+00,1.200000000000000025e-02
7.101670000000000371e+00,2.299999999999999961e-02
7.103329999999999700e+00,2.299999999999999961e-02
7.105000000000000426e+00,7.000000000000000146e-03
7.106670000000000265e+00,6.000000000000000125e-03
7.108329999999999593e+00,2.100000000000000130e-02
7.110000000000000320e+00,2.100000000000000130e-02
7.111670000000000158e+00,5.000000000000000104e-03
7.113330000000000375e+00,6.000000000000000125e-03
7.115000000000000213e+00,1.899999999999999953e-02
7.116670000000000051e+00,2.100000000000000130e-02
7.118330000000000268e+00,1.299999999999999940e-02
7.120000000000000107e+00,1.299999999999999940e-02
7.121669999999999945e+00,2.999999999999999889e-02
7.123330000000000162e+00,3.400000000000000244e-02
7.125000000000000000e+00,2.400000000000000050e-02
7.126669999999999838e+00,2.199999999999999872e-02
7.128330000000000055e+00,3.400000000000000244e-02
7.129999999999999893e+00,3.099999999999999978e-02
7.131669999999999732e+00,1.799999999999999864e-02
7.133329999999999949e+00,1.600000000000000033e-02
7.134999999999999787e+00,2.900000000000000147e-02
7.136669999999999625e+00,2.999999999999999889e-02
7.138329999999999842e+00,1.899999999999999953e-02
7.139999999999999680e+00,1.499999999999999944e-02
7.141670000000000407e+00,2.599999999999999881e-02
7.143329999999999735e+00,2.900000000000000147e-02
7.144999999999999574e+00,2.000000000000000042e-02
7.146670000000000300e+00,1.600000000000000033e-02
7.148329999999999629e+00,2.900000000000000147e-02
7.150000000000000355e+00,3.300000000000000155e-02
7.151670000000000194e+00,2.199999999999999872e-02
7.153330000000000410e+00,1.600000000000000033e-02
7.155000000000000249e+00,3.099999999999999978e-02
7.156670000000000087e+00,3.099999999999999978e-02
7.158330000000000304e+00,2.299999999999999961e-02
7.160000000000000142e+00,1.499999999999999944e-02
7.161669999999999980e+00,2.900000000000000147e-02
7.163330000000000197e+00,3.200000000000000067e-02
7.165000000000000036e+00,2.100000000000000130e-02
7.166669999999999874e+00,1.499999999999999944e-02
7.168330000000000091e+00,2.800000000000000058e-02
7.169999999999999929e+00,2.999999999999999889e-02
7.171669999999999767e+00,1.799999999999999864e-02
7.173329999999999984e+00,1.400000000000000029e-02
7.174999999999999822e+00,2.800000000000000058e-02
7.176669999999999661e+00,2.999999999999999889e-02
7.178329999999999878e+00,2.500000000000000139e-02
7.179999999999999716e+00,2.000000000000000042e-02
7.181670000000000442e+00,3.400000000000000244e-02
7.183329999999999771e+00,3.699999999999999817e-02
7.184999999999999609e+00,2.599999999999999881e-02
7.186670000000000336e+00,1.700000000000000122e-02
7.188329999999999664e+00,3.200000000000000067e-02
7.190000000000000391e+00,3.799999999999999906e-02
7.191670000000000229e+00,2.999999999999999889e-02
7.193329999999999558e+00,2.299999999999999961e-02
7.195000000000000284e+00,3.400000000000000244e-02
7.196670000000000122e+00,3.799999999999999906e-02
7.198330000000000339e+00,2.900000000000000147e-02
7.200000000000000178e+00,1.899999999999999953e-02
7.201670000000000016e+00,3.200000000000000067e-02
7.203330000000000233e+00,3.200000000000000067e-02
7.205000000000000071e+00,2.299999999999999961e-02
7.206669999999999909e+00,1.400000000000000029e-02
7.208330000000000126e+00,2.800000000000000058e-02
7.209999999999999964e+00,3.200000000000000067e-02
7.211669999999999803e+00,2.400000000000000050e-02
7.213330000000000020e+00,1.600000000000000033e-02
7.214999999999999858e+00,3.300000000000000155e-02
7.216669999999999696e+00,4.100000000000000172e-02
7.218329999999999913e+00,2.999999999999999889e-02
7.219999999999999751e+00,1.899999999999999953e-02
7.221669999999999590e+00,3.200000000000000067e-02
7.223329999999999806e+00,3.699999999999999817e-02
7.224999999999999645e+00,3.200000000000000067e-02
7.226670000000000371e+00,2.199999999999999872e-02
7.228329999999999700e+00,3.599999999999999728e-02
7.230000000000000426e+00,4.599999999999999922e-02
7.231670000000000265e+00,3.899999999999999994e-02
7.233329999999999593e+00,2.299999999999999961e-02
7.235000000000000320e+00,3.500000000000000333e-02
7.236670000000000158e+00,4.200000000000000261e-02
7.238330000000000375e+00,3.400000000000000244e-02
7.240000000000000213e+00,2.199999999999999872e-02
7.241670000000000051e+00,3.500000000000000333e-02
7.243330000000000268e+00,4.399999999999999745e-02
7.245000000000000107e+00,3.899999999999999994e-02
7.246669999999999945e+00,2.800000000000000058e-02
7.248330000000000162e+00,3.799999999999999906e-02
7.250000000000000000e+00,4.599999999999999922e-02
7.251669999999999838e+00,3.899999999999999994e-02
7.253330000000000055e+00,2.400000000000000050e-02
7.254999999999999893e+00,3.599999999999999728e-02
7.256669999999999732e+00,4.599999999999999922e-02
7.258329999999999949e+00,3.599999999999999728e-02
7.259999999999999787e+00,2.100000000000000130e-02
7.261669999999999625e+00,2.699999999999999969e-02
7.263329999999999842e+00,3.500000000000000333e-02
7.264999999999999680e+00,2.699999999999999969e-02
7.266670000000000407e+00,1.499999999999999944e-02
7.268329999999999735e+00,2.199999999999999872e-02
7.269999999999999574e+00,2.999999999999999889e-02
7.271670000000000300e+00,2.999999999999999889e-02
7.273329999999999629e+00,1.600000000000000033e-02
7.275000000000000355e+00,2.299999999999999961e-02
7.276670000000000194e+00,3.300000000000000155e-02
7.278330000000000410e+00,2.699999999999999969e-02
7.280000000000000249e+00,1.600000000000000033e-02
7.281670000000000087e+00,2.299999999999999961e-02
7.283330000000000304e+00,3.200000000000000067e-02
7.285000000000000142e+00,2.999999999999999889e-02
7.286669999999999980e+00,1.700000000000000122e-02
7.288330000000000197e+00,2.199999999999999872e-02
7.290000000000000036e+00,3.500000000000000333e-02
7.291669999999999874e+00,3.300000000000000155e-02
7.293330000000000091e+00,2.299999999999999961e-02
7.294999999999999929e+00,2.400000000000000050e-02
7.296669999999999767e+00,3.599999999999999728e-02
7.298329999999999984e+00,3.500000000000000333e-02
7.299999999999999822e+00,2.000000000000000042e-02
7.301669999999999661e+00,2.500000000000000139e-02
7.303329999999999878e+00,3.799999999999999906e-02
7.304999999999999716e+00,3.599999999999999728e-02
7.306670000000000442e+00,2.199999999999999872e-02
7.308329999999999771e+00,2.400000000000000050e-02
7.309999999999999609e+00,3.599999999999999728e-02
7.311670000000000336e+00,3.200000000000000067e-02
7.313329999999999664e+00,2.400000000000000050e-02
7.315000000000000391e+00,2.699999999999999969e-02
7.316670000000000229e+00,4.100000000000000172e-02
7.318329999999999558e+00,4.100000000000000172e-02
7.320000000000000284e+00,2.999999999999999889e-02
7.321670000000000122e+00,3.300000000000000155e-02
7.323330000000000339e+00,4.900000000000000189e-02
7.325000000000000178e+00,4.700000000000000011e-02
7.326670000000000016e+00,2.999999999999999889e-02
7.328330000000000233e+00,2.599999999999999881e-02
7.330000000000000071e+00,3.500000000000000333e-02
7.331669999999999909e+00,3.500000000000000333e-02
7.333330000000000126e+00,2.000000000000000042e-02
7.334999999999999964e+00,1.799999999999999864e-02
7.336669999999999803e+00,2.699999999999999969e-02
7.338330000000000020e+00,2.699999999999999969e-02
7.339999999999999858e+00,1.700000000000000122e-02
7.341669999999999696e+00,1.400000000000000029e-02
7.343329999999999913e+00,2.800000000000000058e-02
7.344999999999999751e+00,2.800000000000000058e-02
7.346669999999999590e+00,1.600000000000000033e-02
7.348329999999999806e+00,1.600000000000000033e-02
7.349999999999999645e+00,3.099999999999999978e-02
7.351670000000000371e+00,3.300000000000000155e-02
7.353329999999999700e+00,2.100000000000000130e-02
7.355000000000000426e+00,1.799999999999999864e-02
7.356670000000000265e+00,2.999999999999999889e-02
7.358329999999999593e+00,2.800000000000000058e-02
7.360000000000000320e+00,1.700000000000000122e-02
7.361670000000000158e+00,1.799999999999999864e-02
7.363330000000000375e+00,3.300000000000000155e-02
7.365000000000000213e+00,3.400000000000000244e-02
7.366670000000000051e+00,2.199999999999999872e-02
7.368330000000000268e+00,1.899999999999999953e-02
7.370000000000000107e+00,3.500000000000000333e-02
7.371669999999999945e+00,4.200000000000000261e-02
7.373330000000000162e+00,3.300000000000000155e-02
7.375000000000000000e+00,2.699999999999999969e-02
7.376669999999999838e+00,3.799999999999999906e-02
7.378330000000000055e+00,3.799999999999999906e-02
7.379999999999999893e+00,2.599999999999999881e-02
7.381669999999999732e+00,2.599999999999999881e-02
7.383329999999999949e+00,3.799999999999999906e-02
7.384999999999999787e+00,4.100000000000000172e-02
7.386669999999999625e+00,3.099999999999999978e-02
7.388329999999999842e+00,2.500000000000000139e-02
7.389999999999999680e+00,3.599999999999999728e-02
7.391670000000000407e+00,3.799999999999999906e-02
7.393329999999999735e+00,2.699999999999999969e-02
7.394999999999999574e+00,2.400000000000000050e-02
7.396670000000000300e+00,3.599999999999999728e-02
7.398329999999999629e+00,3.899999999999999994e-02
7.400000000000000355e+00,3.200000000000000067e-02
7.401670000000000194e+00,2.699999999999999969e-02
7.403330000000000410e+00,4.000000000000000083e-02
7.405000000000000249e+00,4.399999999999999745e-02
7.406670000000000087e+00,3.400000000000000244e-02
7.408330000000000304e+00,2.400000000000000050e-02
7.410000000000000142e+00,3.899999999999999994e-02
7.411669999999999980e+00,4.299999999999999656e-02
7.413330000000000197e+00,3.599999999999999728e-02
7.415000000000000036e+00,2.400000000000000050e-02
7.416669999999999874e+00,3.400000000000000244e-02
7.418330000000000091e+00,4.000000000000000083e-02
7.419999999999999929e+00,3.200000000000000067e-02
7.421669999999999767e+00,2.500000000000000139e-02
7.423329999999999984e+00,3.699999999999999817e-02
7.424999999999999822e+00,4.499999999999999833e-02
7.426669999999999661e+00,3.699999999999999817e-02
7.428329999999999878e+00,2.599999999999999881e-02
7.429999999999999716e+00,3.500000000000000333e-02
7.431670000000000442e+00,4.000000000000000083e-02
7.433329999999999771e+00,2.999999999999999889e-02
7.434999999999999609e+00,1.799999999999999864e-02
7.436670000000000336e+00,3.200000000000000067e-02
7.438329999999999664e+00,4.000000000000000083e-02
7.440000000000000391e+00,3.300000000000000155e-02
7.441670000000000229e+00,2.599999999999999881e-02
7.443329999999999558e+00,3.500000000000000333e-02
7.445000000000000284e+00,3.899999999999999994e-02
7.446670000000000122e+00,3.200000000000000067e-02
7.448330000000000339e+00,2.000000000000000042e-02
7.450000000000000178e+00,2.999999999999999889e-02
7.451670000000000016e+00,4.000000000000000083e-02
7.453330000000000233e+00,3.300000000000000155e-02
7.455000000000000071e+00,2.299999999999999961e-02
7.456669999999999909e+00,3.500000000000000333e-02
7.458330000000000126e+00,4.200000000000000261e-02
7.459999999999999964e+00,3.500000000000000333e-02
7.461669999999999803e+00,2.400000000000000050e-02
7.463330000000000020e+00,3.200000000000000067e-02
7.464999999999999858e+00,4.100000000000000172e-02
7.466669999999999696e+00,3.599999999999999728e-02
7.468329999999999913e+00,2.599999999999999881e-02
7.469999999999999751e+00,3.400000000000000244e-02
7.471669999999999590e+00,4.299999999999999656e-02
7.473329999999999806e+00,3.899999999999999994e-02
7.474999999999999645e+00,2.699999999999999969e-02
7.476670000000000371e+00,3.500000000000000333e-02
7.478329999999999700e+00,4.399999999999999745e-02
7.480000000000000426e+00,3.899999999999999994e-02
7.481670000000000265e+00,2.400000000000000050e-02
7.483329999999999593e+00,2.900000000000000147e-02
7.485000000000000320e+00,3.799999999999999906e-02
7.486670000000000158e+00,2.999999999999999889e-02
7.488330000000000375e+00,1.700000000000000122e-02
7.490000000000000213e+00,2.500000000000000139e-02
7.491670000000000051e+00,3.500000000000000333e-02
7.493330000000000268e+00,3.400000000000000244e-02
7.495000000000000107e+00,2.000000000000000042e-02
7.496669999999999945e+00,2.800000000000000058e-02
7.498330000000000162e+00,3.599999999999999728e-02
7.500000000000000000e+00,2.900000000000000147e-02
7.501669999999999838e+00,1.899999999999999953e-02
7.503330000000000055e+00,2.599999999999999881e-02
7.504999999999999893e+00,3.799999999999999906e-02
7.506669999999999732e+00,3.799999999999999906e-02
7.508329999999999949e+00,2.500000000000000139e-02
7.509999999999999787e+00,2.599999999999999881e-02
7.511669999999999625e+00,3.699999999999999817e-02
7.513329999999999842e+00,3.599999999999999728e-02
7.514999999999999680e+00,2.400000000000000050e-02
7.516670000000000407e+00,2.900000000000000147e-02
7.518329999999999735e+00,3.799999999999999906e-02
7.519999999999999574e+00,3.200000000000000067e-02
7.521670000000000300e+00,1.799999999999999864e-02
7.523329999999999629e+00,2.199999999999999872e-02
7.525000000000000355e+00,3.099999999999999978e-02
7.526670000000000194e+00,3.200000000000000067e-02
7.528330000000000410e+00,1.799999999999999864e-02
7.530000000000000249e+00,1.899999999999999953e-02
7.531670000000000087e+00,2.900000000000000147e-02
7.533330000000000304e+00,3.099999999999999978e-02
7.535000000000000142e+00,1.799999999999999864e-02
7.536669999999999980e+00,2.100000000000000130e-02
7.538330000000000197e+00,3.099999999999999978e-02
7.540000000000000036e+00,2.900000000000000147e-02
7.541669999999999874e+00,1.400000000000000029e-02
7.543330000000000091e+00,1.700000000000000122e-02
7.544999999999999929e+00,3.099999999999999978e-02
7.546669999999999767e+00,3.200000000000000067e-02
7.548329999999999984e+00,1.799999999999999864e-02
7.549999999999999822e+00,2.199999999999999872e-02
7.551669999999999661e+00,3.099999999999999978e-02
7.553329999999999878e+00,3.200000000000000067e-02
7.554999999999999716e+00,2.000000000000000042e-02
7.556670000000000442e+00,2.100000000000000130e-02
7.558329999999999771e+00,3.400000000000000244e-02
7.559999999999999609e+00,3.699999999999999817e-02
7.561670000000000336e+00,2.599999999999999881e-02
7.563329999999999664e+00,2.699999999999999969e-02
7.565000000000000391e+00,4.000000000000000083e-02
7.566670000000000229e+00,4.200000000000000261e-02
7.568329999999999558e+00,2.699999999999999969e-02
7.570000000000000284e+00,2.199999999999999872e-02
7.571670000000000122e+00,3.400000000000000244e-02
7.573330000000000339e+00,3.599999999999999728e-02
7.575000000000000178e+00,2.500000000000000139e-02
7.576670000000000016e+00,2.500000000000000139e-02
7.578330000000000233e+00,3.799999999999999906e-02
7.580000000000000071e+00,3.899999999999999994e-02
7.581669999999999909e+00,2.699999999999999969e-02
7.583330000000000126e+00,2.500000000000000139e-02
7.584999999999999964e+00,3.300000000000000155e-02
7.586669999999999803e+00,3.400000000000000244e-02
7.588330000000000020e+00,2.299999999999999961e-02
7.589999999999999858e+00,2.199999999999999872e-02
7.591669999999999696e+00,3.799999999999999906e-02
7.593329999999999913e+00,4.299999999999999656e-02
7.594999999999999751e+00,3.099999999999999978e-02
7.596669999999999590e+00,2.699999999999999969e-02
7.598329999999999806e+00,3.699999999999999817e-02
7.599999999999999645e+00,3.699999999999999817e-02
7.601670000000000371e+00,2.299999999999999961e-02
7.603329999999999700e+00,1.899999999999999953e-02
7.605000000000000426e+00,3.200000000000000067e-02
7.606670000000000265e+00,3.799999999999999906e-02
7.608329999999999593e+00,2.800000000000000058e-02
7.610000000000000320e+00,2.599999999999999881e-02
7.611670000000000158e+00,3.699999999999999817e-02
7.613330000000000375e+00,4.100000000000000172e-02
7.615000000000000213e+00,3.099999999999999978e-02
7.616670000000000051e+00,2.699999999999999969e-02
7.618330000000000268e+00,4.100000000000000172e-02
7.620000000000000107e+00,4.499999999999999833e-02
7.621669999999999945e+00,3.599999999999999728e-02
7.623330000000000162e+00,2.800000000000000058e-02
7.625000000000000000e+00,3.899999999999999994e-02
7.626669999999999838e+00,4.399999999999999745e-02
7.628330000000000055e+00,3.699999999999999817e-02
7.629999999999999893e+00,2.999999999999999889e-02
7.631669999999999732e+00,4.100000000000000172e-02
7.633329999999999949e+00,4.599999999999999922e-02
7.634999999999999787e+00,3.400000000000000244e-02
7.636669999999999625e+00,2.299999999999999961e-02
7.638329999999999842e+00,3.599999999999999728e-02
7.639999999999999680e+00,4.299999999999999656e-02
7.641670000000000407e+00,3.400000000000000244e-02
7.643329999999999735e+00,2.500000000000000139e-02
7.644999999999999574e+00,3.300000000000000155e-02
7.646670000000000300e+00,4.100000000000000172e-02
7.648329999999999629e+00,3.599999999999999728e-02
7.650000000000000355e+00,2.599999999999999881e-02
7.651670000000000194e+00,3.899999999999999994e-02
7.653330000000000410e+00,4.900000000000000189e-02
7.655000000000000249e+00,4.200000000000000261e-02
7.656670000000000087e+00,2.599999999999999881e-02
7.658330000000000304e+00,3.500000000000000333e-02
7.660000000000000142e+00,4.000000000000000083e-02
7.661669999999999980e+00,2.999999999999999889e-02
7.663330000000000197e+00,1.799999999999999864e-02
7.665000000000000036e+00,2.900000000000000147e-02
7.666669999999999874e+00,3.699999999999999817e-02
7.668330000000000091e+00,3.300000000000000155e-02
7.669999999999999929e+00,2.100000000000000130e-02
7.671669999999999767e+00,3.400000000000000244e-02
7.673329999999999984e+00,4.200000000000000261e-02
7.674999999999999822e+00,3.599999999999999728e-02
7.676669999999999661e+00,2.500000000000000139e-02
7.678329999999999878e+00,3.799999999999999906e-02
7.679999999999999716e+00,4.700000000000000011e-02
7.681670000000000442e+00,4.100000000000000172e-02
7.683329999999999771e+00,2.900000000000000147e-02
7.684999999999999609e+00,4.299999999999999656e-02
7.686670000000000336e+00,5.199999999999999761e-02
7.688329999999999664e+00,4.599999999999999922e-02
7.690000000000000391e+00,3.099999999999999978e-02
7.691670000000000229e+00,4.000000000000000083e-02
7.693329999999999558e+00,4.599999999999999922e-02
7.695000000000000284e+00,3.799999999999999906e-02
7.696670000000000122e+00,2.400000000000000050e-02
7.698330000000000339e+00,3.300000000000000155e-02
7.700000000000000178e+00,4.299999999999999656e-02
7.701670000000000016e+00,3.899999999999999994e-02
7.703330000000000233e+00,2.599999999999999881e-02
7.705000000000000071e+00,3.599999999999999728e-02
7.706669999999999909e+00,4.800000000000000100e-02
7.708330000000000126e+00,4.599999999999999922e-02
7.709999999999999964e+00,3.200000000000000067e-02
7.711669999999999803e+00,4.000000000000000083e-02
7.713330000000000020e+00,4.599999999999999922e-02
7.714999999999999858e+00,4.299999999999999656e-02
7.716669999999999696e+00,2.800000000000000058e-02
7.718329999999999913e+00,3.400000000000000244e-02
7.719999999999999751e+00,4.100000000000000172e-02
7.721669999999999590e+00,3.699999999999999817e-02
7.723329999999999806e+00,2.500000000000000139e-02
7.724999999999999645e+00,3.400000000000000244e-02
7.726670000000000371e+00,4.599999999999999922e-02
7.728329999999999700e+00,4.100000000000000172e-02
7.730000000000000426e+00,2.599999999999999881e-02
7.731670000000000265e+00,3.500000000000000333e-02
7.733329999999999593e+00,4.599999999999999922e-02
7.735000000000000320e+00,4.399999999999999745e-02
7.736670000000000158e+00,2.800000000000000058e-02
7.738330000000000375e+00,2.999999999999999889e-02
7.740000000000000213e+00,4.000000000000000083e-02
7.741670000000000051e+00,4.100000000000000172e-02
7.743330000000000268e+00,2.599999999999999881e-02
7.745000000000000107e+00,2.999999999999999889e-02
7.746669999999999945e+00,3.799999999999999906e-02
7.748330000000000162e+00,3.500000000000000333e-02
7.750000000000000000e+00,2.199999999999999872e-02
7.751669999999999838e+00,2.900000000000000147e-02
7.753330000000000055e+00,4.200000000000000261e-02
7.754999999999999893e+00,3.899999999999999994e-02
7.756669999999999732e+00,2.400000000000000050e-02
7.758329999999999949e+00,2.599999999999999881e-02
7.759999999999999787e+00,3.799999999999999906e-02
7.761669999999999625e+00,3.799999999999999906e-02
7.763329999999999842e+00,2.400000000000000050e-02
7.764999999999999680e+00,2.900000000000000147e-02
7.766670000000000407e+00,4.200000000000000261e-02
7.768329999999999735e+00,4.399999999999999745e-02
7.769999999999999574e+00,3.099999999999999978e-02
7.771670000000000300e+00,2.800000000000000058e-02
7.773329999999999629e+00,3.899999999999999994e-02
7.775000000000000355e+00,3.799999999999999906e-02
7.776670000000000194e+00,2.199999999999999872e-02
7.778330000000000410e+00,2.199999999999999872e-02
7.780000000000000249e+00,3.599999999999999728e-02
7.781670000000000087e+00,3.799999999999999906e-02
7.783330000000000304e+00,2.699999999999999969e-02
7.785000000000000142e+00,2.800000000000000058e-02
7.786669999999999980e+00,4.100000000000000172e-02
7.788330000000000197e+00,4.399999999999999745e-02
7.790000000000000036e+00,3.400000000000000244e-02
7.791669999999999874e+00,2.999999999999999889e-02
7.793330000000000091e+00,4.100000000000000172e-02
7.794999999999999929e+00,4.299999999999999656e-02
7.796669999999999767e+00,3.200000000000000067e-02
7.798329999999999984e+00,2.900000000000000147e-02
7.799999999999999822e+00,4.299999999999999656e-02
7.801669999999999661e+00,4.299999999999999656e-02
7.803329999999999878e+00,3.300000000000000155e-02
7.804999999999999716e+00,3.099999999999999978e-02
7.806670000000000442e+00,4.599999999999999922e-02
7.808329999999999771e+00,4.700000000000000011e-02
7.809999999999999609e+00,3.599999999999999728e-02
7.811670000000000336e+00,2.900000000000000147e-02
7.813329999999999664e+00,4.399999999999999745e-02
7.815000000000000391e+00,4.700000000000000011e-02
7.816670000000000229e+00,3.699999999999999817e-02
7.818329999999999558e+00,2.900000000000000147e-02
7.820000000000000284e+00,4.200000000000000261e-02
7.821670000000000122e+00,4.399999999999999745e-02
7.823330000000000339e+00,3.300000000000000155e-02
7.825000000000000178e+00,2.500000000000000139e-02
7.826670000000000016e+00,3.899999999999999994e-02
7.828330000000000233e+00,4.100000000000000172e-02
7.830000000000000071e+00,2.999999999999999889e-02
7.831669999999999909e+00,2.000000000000000042e-02
7.833330000000000126e+00,3.200000000000000067e-02
7.834999999999999964e+00,3.699999999999999817e-02
7.836669999999999803e+00,2.900000000000000147e-02
7.838330000000000020e+00,2.199999999999999872e-02
7.839999999999999858e+00,3.699999999999999817e-02
7.841669999999999696e+00,4.200000000000000261e-02
7.843329999999999913e+00,3.500000000000000333e-02
7.844999999999999751e+00,2.500000000000000139e-02
7.846669999999999590e+00,4.000000000000000083e-02
7.848329999999999806e+00,4.700000000000000011e-02
7.849999999999999645e+00,4.100000000000000172e-02
7.851670000000000371e+00,2.900000000000000147e-02
7.853329999999999700e+00,3.899999999999999994e-02
7.855000000000000426e+00,4.200000000000000261e-02
7.856670000000000265e+00,2.999999999999999889e-02
7.858329999999999593e+00,2.000000000000000042e-02
7.860000000000000320e+00,3.400000000000000244e-02
7.861670000000000158e+00,3.699999999999999817e-02
7.863330000000000375e+00,2.900000000000000147e-02
7.865000000000000213e+00,2.000000000000000042e-02
7.866670000000000051e+00,3.099999999999999978e-02
7.868330000000000268e+00,3.400000000000000244e-02
7.870000000000000107e+00,2.800000000000000058e-02
7.871669999999999945e+00,1.600000000000000033e-02
7.873330000000000162e+00,3.099999999999999978e-02
7.875000000000000000e+00,4.100000000000000172e-02
7.876669999999999838e+00,3.300000000000000155e-02
7.878330000000000055e+00,2.100000000000000130e-02
7.879999999999999893e+00,3.500000000000000333e-02
7.881669999999999732e+00,4.000000000000000083e-02
7.883329999999999949e+00,3.500000000000000333e-02
7.884999999999999787e+00,2.400000000000000050e-02
7.886669999999999625e+00,3.599999999999999728e-02
7.888329999999999842e+00,4.100000000000000172e-02
7.889999999999999680e+00,3.200000000000000067e-02
7.891670000000000407e+00,1.700000000000000122e-02
7.893329999999999735e+00,3.200000000000000067e-02
7.894999999999999574e+00,4.200000000000000261e-02
7.896670000000000300e+00,3.599999999999999728e-02
7.898329999999999629e+00,2.500000000000000139e-02
7.900000000000000355e+00,3.599999999999999728e-02
7.901670000000000194e+00,4.200000000000000261e-02
7.903330000000000410e+00,3.699999999999999817e-02
7.905000000000000249e+00,2.299999999999999961e-02
7.906670000000000087e+00,3.200000000000000067e-02
7.908330000000000304e+00,4.200000000000000261e-02
7.910000000000000142e+00,3.699999999999999817e-02
7.911669999999999980e+00,1.799999999999999864e-02
7.913330000000000197e+00,2.299999999999999961e-02
7.915000000000000036e+00,3.200000000000000067e-02
7.916669999999999874e+00,2.900000000000000147e-02
7.918330000000000091e+00,1.499999999999999944e-02
7.919999999999999929e+00,2.400000000000000050e-02
7.921669999999999767e+00,3.599999999999999728e-02
7.923329999999999984e+00,2.999999999999999889e-02
7.924999999999999822e+00,1.499999999999999944e-02
7.926669999999999661e+00,2.400000000000000050e-02
7.928329999999999878e+00,3.599999999999999728e-02
7.929999999999999716e+00,3.500000000000000333e-02
7.931670000000000442e+00,2.199999999999999872e-02
7.933329999999999771e+00,2.900000000000000147e-02
7.934999999999999609e+00,4.100000000000000172e-02
7.936670000000000336e+00,4.100000000000000172e-02
7.938329999999999664e+00,2.599999999999999881e-02
7.940000000000000391e+00,3.099999999999999978e-02
7.941670000000000229e+00,4.000000000000000083e-02
7.943329999999999558e+00,3.799999999999999906e-02
7.945000000000000284e+00,2.500000000000000139e-02
7.946670000000000122e+00,2.500000000000000139e-02
7.948330000000000339e+00,3.400000000000000244e-02
7.950000000000000178e+00,3.599999999999999728e-02
7.951670000000000016e+00,2.400000000000000050e-02
7.953330000000000233e+00,2.599999999999999881e-02
7.955000000000000071e+00,3.599999999999999728e-02
7.956669999999999909e+00,3.599999999999999728e-02
7.958330000000000126e+00,2.400000000000000050e-02
7.959999999999999964e+00,2.500000000000000139e-02
7.961669999999999803e+00,3.599999999999999728e-02
7.963330000000000020e+00,3.799999999999999906e-02
7.964999999999999858e+00,2.900000000000000147e-02
7.966669999999999696e+00,2.900000000000000147e-02
7.968329999999999913e+00,4.200000000000000261e-02
7.969999999999999751e+00,4.299999999999999656e-02
7.971669999999999590e+00,3.099999999999999978e-02
7.973329999999999806e+00,2.699999999999999969e-02
7.974999999999999645e+00,4.100000000000000172e-02
7.976670000000000371e+00,4.100000000000000172e-02
7.978329999999999700e+00,2.699999999999999969e-02
7.980000000000000426e+00,2.699999999999999969e-02
7.981670000000000265e+00,4.100000000000000172e-02
7.983329999999999593e+00,4.100000000000000172e-02
7.985000000000000320e+00,2.900000000000000147e-02
7.986670000000000158e+00,2.699999999999999969e-02
7.988330000000000375e+00,4.299999999999999656e-02
7.990000000000000213e+00,4.499999999999999833e-02
7.991670000000000051e+00,3.200000000000000067e-02
7.993330000000000268e+00,3.099999999999999978e-02
7.995000000000000107e+00,4.599999999999999922e-02
7.996669999999999945e+00,5.099999999999999672e-02
7.998330000000000162e+00,3.899999999999999994e-02
8.000000000000000000e+00,3.200000000000000067e-02
8.001670000000000726e+00,4.599999999999999922e-02
8.003330000000000055e+00,4.700000000000000011e-02
8.005000000000000782e+00,3.699999999999999817e-02
8.006669999999999732e+00,3.400000000000000244e-02
8.008330000000000837e+00,4.700000000000000011e-02
8.009999999999999787e+00,4.900000000000000189e-02
8.011670000000000513e+00,3.799999999999999906e-02
8.013329999999999842e+00,3.099999999999999978e-02
8.015000000000000568e+00,4.599999999999999922e-02
8.016669999999999519e+00,4.599999999999999922e-02
8.018330000000000624e+00,3.200000000000000067e-02
8.019999999999999574e+00,2.999999999999999889e-02
8.021670000000000300e+00,4.700000000000000011e-02
8.023329999999999629e+00,4.900000000000000189e-02
8.025000000000000355e+00,3.699999999999999817e-02
8.026669999999999305e+00,2.999999999999999889e-02
8.028330000000000410e+00,4.299999999999999656e-02
8.029999999999999361e+00,4.599999999999999922e-02
8.031670000000000087e+00,3.599999999999999728e-02
8.033329999999999416e+00,3.099999999999999978e-02
8.035000000000000142e+00,4.700000000000000011e-02
8.036670000000000869e+00,4.900000000000000189e-02
8.038330000000000197e+00,3.599999999999999728e-02
8.039999999999999147e+00,2.699999999999999969e-02
8.041669999999999874e+00,3.799999999999999906e-02
8.043329999999999202e+00,4.299999999999999656e-02
8.044999999999999929e+00,3.400000000000000244e-02
8.046670000000000655e+00,2.400000000000000050e-02
8.048329999999999984e+00,3.899999999999999994e-02
8.050000000000000711e+00,4.399999999999999745e-02
8.051669999999999661e+00,3.599999999999999728e-02
8.053330000000000766e+00,2.800000000000000058e-02
8.054999999999999716e+00,4.200000000000000261e-02
8.056670000000000442e+00,4.800000000000000100e-02
8.058329999999999771e+00,3.799999999999999906e-02
8.060000000000000497e+00,2.900000000000000147e-02
8.061669999999999447e+00,4.299999999999999656e-02
8.063330000000000553e+00,4.900000000000000189e-02
8.064999999999999503e+00,4.299999999999999656e-02
8.066670000000000229e+00,3.200000000000000067e-02
8.068329999999999558e+00,4.200000000000000261e-02
8.070000000000000284e+00,4.399999999999999745e-02
8.071669999999999234e+00,3.599999999999999728e-02
8.073330000000000339e+00,2.699999999999999969e-02
8.074999999999999289e+00,4.100000000000000172e-02
8.076670000000000016e+00,5.000000000000000278e-02
8.078329999999999345e+00,4.499999999999999833e-02
8.080000000000000071e+00,3.500000000000000333e-02
8.081670000000000798e+00,4.499999999999999833e-02
8.083330000000000126e+00,5.099999999999999672e-02
8.085000000000000853e+00,4.100000000000000172e-02
8.086669999999999803e+00,2.800000000000000058e-02
8.088329999999999131e+00,4.100000000000000172e-02
8.089999999999999858e+00,5.199999999999999761e-02
8.091670000000000584e+00,4.599999999999999922e-02
8.093329999999999913e+00,3.500000000000000333e-02
8.095000000000000639e+00,4.599999999999999922e-02
8.096669999999999590e+00,5.299999999999999850e-02
8.098330000000000695e+00,4.700000000000000011e-02
8.099999999999999645e+00,3.500000000000000333e-02
8.101670000000000371e+00,4.499999999999999833e-02
8.103329999999999700e+00,5.500000000000000028e-02
8.105000000000000426e+00,4.900000000000000189e-02
8.106669999999999376e+00,3.599999999999999728e-02
8.108330000000000481e+00,4.299999999999999656e-02
8.109999999999999432e+00,4.900000000000000189e-02
8.111670000000000158e+00,4.200000000000000261e-02
8.113329999999999487e+00,3.200000000000000067e-02
8.115000000000000213e+00,3.799999999999999906e-02
8.116669999999999163e+00,4.800000000000000100e-02
8.118330000000000268e+00,4.299999999999999656e-02
8.119999999999999218e+00,3.200000000000000067e-02
8.121669999999999945e+00,4.000000000000000083e-02
8.123329999999999274e+00,5.099999999999999672e-02
8.125000000000000000e+00,4.599999999999999922e-02
8.126670000000000726e+00,3.300000000000000155e-02
8.128330000000000055e+00,4.200000000000000261e-02
8.130000000000000782e+00,5.299999999999999850e-02
8.131669999999999732e+00,5.199999999999999761e-02
8.133330000000000837e+00,4.000000000000000083e-02
8.134999999999999787e+00,4.599999999999999922e-02
8.136670000000000513e+00,5.600000000000000117e-02
8.138329999999999842e+00,5.000000000000000278e-02
8.140000000000000568e+00,3.699999999999999817e-02
8.141669999999999519e+00,3.899999999999999994e-02
8.143330000000000624e+00,5.299999999999999850e-02
8.144999999999999574e+00,5.299999999999999850e-02
8.146670000000000300e+00,3.799999999999999906e-02
8.148329999999999629e+00,4.000000000000000083e-02
8.150000000000000355e+00,5.299999999999999850e-02
8.151669999999999305e+00,5.000000000000000278e-02
8.153330000000000410e+00,3.400000000000000244e-02
8.154999999999999361e+00,3.599999999999999728e-02
8.156670000000000087e+00,4.900000000000000189e-02
8.158329999999999416e+00,4.900000000000000189e-02
8.160000000000000142e+00,4.200000000000000261e-02
8.161670000000000869e+00,4.599999999999999922e-02
8.163330000000000197e+00,5.700000000000000205e-02
8.164999999999999147e+00,5.899999999999999689e-02
8.166669999999999874e+00,4.599999999999999922e-02
8.168329999999999202e+00,4.399999999999999745e-02
8.169999999999999929e+00,5.700000000000000205e-02
8.171670000000000655e+00,5.700000000000000205e-02
8.173329999999999984e+00,4.200000000000000261e-02
8.175000000000000711e+00,3.799999999999999906e-02
8.176669999999999661e+00,4.800000000000000100e-02
8.178330000000000766e+00,4.800000000000000100e-02
8.179999999999999716e+00,4.000000000000000083e-02
8.181670000000000442e+00,4.200000000000000261e-02
8.183329999999999771e+00,5.299999999999999850e-02
8.185000000000000497e+00,4.900000000000000189e-02
8.186669999999999447e+00,3.500000000000000333e-02
8.188330000000000553e+00,3.300000000000000155e-02
8.189999999999999503e+00,4.499999999999999833e-02
8.191670000000000229e+00,4.499999999999999833e-02
8.193329999999999558e+00,3.400000000000000244e-02
8.195000000000000284e+00,3.400000000000000244e-02
8.196669999999999234e+00,4.700000000000000011e-02
8.198330000000000339e+00,4.700000000000000011e-02
8.199999999999999289e+00,3.699999999999999817e-02
8.201670000000000016e+00,3.599999999999999728e-02
8.203329999999999345e+00,4.599999999999999922e-02
8.205000000000000071e+00,4.700000000000000011e-02
8.206670000000000798e+00,3.599999999999999728e-02
8.208330000000000126e+00,3.500000000000000333e-02
8.210000000000000853e+00,4.800000000000000100e-02
8.211669999999999803e+00,5.099999999999999672e-02
8.213329999999999131e+00,4.200000000000000261e-02
8.214999999999999858e+00,3.799999999999999906e-02
8.216670000000000584e+00,4.900000000000000189e-02
8.218329999999999913e+00,5.000000000000000278e-02
8.220000000000000639e+00,4.000000000000000083e-02
8.221669999999999590e+00,3.799999999999999906e-02
8.223330000000000695e+00,5.399999999999999939e-02
8.224999999999999645e+00,5.600000000000000117e-02
8.226670000000000371e+00,4.200000000000000261e-02
8.228329999999999700e+00,3.599999999999999728e-02
8.230000000000000426e+00,5.099999999999999672e-02
8.231669999999999376e+00,5.700000000000000205e-02
8.233330000000000481e+00,4.399999999999999745e-02
8.234999999999999432e+00,3.699999999999999817e-02
8.236670000000000158e+00,5.099999999999999672e-02
8.238329999999999487e+00,5.399999999999999939e-02
8.240000000000000213e+00,4.299999999999999656e-02
8.241669999999999163e+00,3.699999999999999817e-02
8.243330000000000268e+00,4.900000000000000189e-02
8.244999999999999218e+00,5.000000000000000278e-02
8.246669999999999945e+00,4.100000000000000172e-02
8.248329999999999274e+00,3.200000000000000067e-02
8.250000000000000000e+00,4.700000000000000011e-02
8.251670000000000726e+00,5.199999999999999761e-02
8.253330000000000055e+00,4.200000000000000261e-02
8.255000000000000782e+00,3.599999999999999728e-02
8.256669999999999732e+00,4.700000000000000011e-02
8.258330000000000837e+00,5.000000000000000278e-02
8.259999999999999787e+00,4.000000000000000083e-02
8.261670000000000513e+00,3.400000000000000244e-02
8.263329999999999842e+00,4.800000000000000100e-02
8.265000000000000568e+00,5.099999999999999672e-02
8.266669999999999519e+00,3.899999999999999994e-02
8.268330000000000624e+00,2.999999999999999889e-02
8.269999999999999574e+00,4.200000000000000261e-02
8.271670000000000300e+00,4.900000000000000189e-02
8.273329999999999629e+00,4.000000000000000083e-02
8.275000000000000355e+00,2.999999999999999889e-02
8.276669999999999305e+00,4.200000000000000261e-02
8.278330000000000410e+00,4.900000000000000189e-02
8.279999999999999361e+00,4.100000000000000172e-02
8.281670000000000087e+00,2.900000000000000147e-02
8.283329999999999416e+00,3.799999999999999906e-02
8.285000000000000142e+00,4.399999999999999745e-02
8.286670000000000869e+00,4.100000000000000172e-02
8.288330000000000197e+00,2.999999999999999889e-02
8.289999999999999147e+00,4.100000000000000172e-02
8.291669999999999874e+00,4.800000000000000100e-02
8.293329999999999202e+00,4.100000000000000172e-02
8.294999999999999929e+00,3.099999999999999978e-02
8.296670000000000655e+00,4.399999999999999745e-02
8.298329999999999984e+00,5.199999999999999761e-02
8.300000000000000711e+00,4.800000000000000100e-02
8.301669999999999661e+00,3.599999999999999728e-02
8.303330000000000766e+00,4.499999999999999833e-02
8.304999999999999716e+00,5.399999999999999939e-02
8.306670000000000442e+00,4.499999999999999833e-02
8.308329999999999771e+00,3.400000000000000244e-02
8.310000000000000497e+00,4.200000000000000261e-02
8.311669999999999447e+00,5.099999999999999672e-02
8.313330000000000553e+00,4.299999999999999656e-02
8.314999999999999503e+00,2.999999999999999889e-02
8.316670000000000229e+00,3.899999999999999994e-02
8.318329999999999558e+00,4.800000000000000100e-02
8.320000000000000284e+00,4.299999999999999656e-02
8.321669999999999234e+00,2.800000000000000058e-02
8.323330000000000339e+00,3.599999999999999728e-02
8.324999999999999289e+00,4.299999999999999656e-02
8.326670000000000016e+00,3.899999999999999994e-02
8.328329999999999345e+00,2.599999999999999881e-02
8.330000000000000071e+00,3.500000000000000333e-02
8.331670000000000798e+00,4.299999999999999656e-02
8.333330000000000126e+00,3.799999999999999906e-02
8.335000000000000853e+00,2.400000000000000050e-02
8.336669999999999803e+00,3.099999999999999978e-02
8.338329999999999131e+00,4.399999999999999745e-02
8.339999999999999858e+00,4.100000000000000172e-02
8.341670000000000584e+00,2.900000000000000147e-02
8.343329999999999913e+00,3.599999999999999728e-02
8.345000000000000639e+00,4.700000000000000011e-02
8.346669999999999590e+00,4.100000000000000172e-02
8.348330000000000695e+00,3.099999999999999978e-02
8.349999999999999645e+00,3.599999999999999728e-02
8.351670000000000371e+00,4.299999999999999656e-02
8.353329999999999700e+00,4.100000000000000172e-02
8.355000000000000426e+00,2.999999999999999889e-02
8.356669999999999376e+00,3.599999999999999728e-02
8.358330000000000481e+00,4.700000000000000011e-02
8.359999999999999432e+00,4.399999999999999745e-02
8.361670000000000158e+00,3.099999999999999978e-02
8.363329999999999487e+00,4.000000000000000083e-02
8.365000000000000213e+00,4.800000000000000100e-02
8.366669999999999163e+00,4.599999999999999922e-02
8.368330000000000268e+00,3.099999999999999978e-02
8.369999999999999218e+00,3.400000000000000244e-02
8.371669999999999945e+00,4.200000000000000261e-02
8.373329999999999274e+00,3.899999999999999994e-02
8.375000000000000000e+00,2.500000000000000139e-02
8.376670000000000726e+00,2.900000000000000147e-02
8.378330000000000055e+00,3.899999999999999994e-02
8.380000000000000782e+00,4.100000000000000172e-02
8.381669999999999732e+00,2.800000000000000058e-02
8.383330000000000837e+00,2.999999999999999889e-02
8.384999999999999787e+00,4.499999999999999833e-02
8.386670000000000513e+00,4.599999999999999922e-02
8.388329999999999842e+00,3.599999999999999728e-02
8.390000000000000568e+00,4.200000000000000261e-02
8.391669999999999519e+00,5.199999999999999761e-02
8.393330000000000624e+00,5.099999999999999672e-02
8.394999999999999574e+00,3.699999999999999817e-02
8.396670000000000300e+00,4.100000000000000172e-02
8.398329999999999629e+00,5.000000000000000278e-02
8.400000000000000355e+00,4.700000000000000011e-02
8.401669999999999305e+00,3.400000000000000244e-02
8.403330000000000410e+00,3.300000000000000155e-02
8.404999999999999361e+00,4.299999999999999656e-02
8.406670000000000087e+00,4.200000000000000261e-02
8.408329999999999416e+00,2.800000000000000058e-02
8.410000000000000142e+00,2.900000000000000147e-02
8.411670000000000869e+00,4.299999999999999656e-02
8.413330000000000197e+00,4.900000000000000189e-02
8.414999999999999147e+00,4.000000000000000083e-02
8.416669999999999874e+00,4.200000000000000261e-02
8.418329999999999202e+00,5.500000000000000028e-02
8.419999999999999929e+00,5.700000000000000205e-02
8.421670000000000655e+00,4.100000000000000172e-02
8.423329999999999984e+00,3.599999999999999728e-02
8.425000000000000711e+00,5.000000000000000278e-02
8.426669999999999661e+00,5.199999999999999761e-02
8.428330000000000766e+00,3.899999999999999994e-02
8.429999999999999716e+00,3.799999999999999906e-02
8.431670000000000442e+00,4.900000000000000189e-02
8.433329999999999771e+00,5.000000000000000278e-02
8.435000000000000497e+00,4.100000000000000172e-02
8.436669999999999447e+00,3.799999999999999906e-02
8.438330000000000553e+00,5.000000000000000278e-02
8.439999999999999503e+00,5.500000000000000028e-02
8.441670000000000229e+00,4.499999999999999833e-02
8.443329999999999558e+00,3.799999999999999906e-02
8.445000000000000284e+00,4.499999999999999833e-02
8.446669999999999234e+00,4.599999999999999922e-02
8.448330000000000339e+00,3.500000000000000333e-02
8.449999999999999289e+00,2.800000000000000058e-02
8.451670000000000016e+00,3.899999999999999994e-02
8.453329999999999345e+00,4.399999999999999745e-02
8.455000000000000071e+00,3.200000000000000067e-02
8.456670000000000798e+00,2.500000000000000139e-02
8.458330000000000126e+00,3.799999999999999906e-02
8.460000000000000853e+00,4.299999999999999656e-02
8.461669999999999803e+00,3.200000000000000067e-02
8.463329999999999131e+00,2.599999999999999881e-02
8.464999999999999858e+00,3.899999999999999994e-02
8.466670000000000584e+00,4.100000000000000172e-02
8.468329999999999913e+00,3.099999999999999978e-02
8.470000000000000639e+00,2.500000000000000139e-02
8.471669999999999590e+00,3.799999999999999906e-02
8.473330000000000695e+00,4.299999999999999656e-02
8.474999999999999645e+00,3.200000000000000067e-02
8.476670000000000371e+00,2.500000000000000139e-02
8.478329999999999700e+00,3.699999999999999817e-02
8.480000000000000426e+00,4.399999999999999745e-02
8.481669999999999376e+00,3.400000000000000244e-02
8.483330000000000481e+00,2.699999999999999969e-02
8.484999999999999432e+00,4.100000000000000172e-02
8.486670000000000158e+00,4.800000000000000100e-02
8.488329999999999487e+00,3.899999999999999994e-02
8.490000000000000213e+00,2.999999999999999889e-02
8.491669999999999163e+00,4.399999999999999745e-02
8.493330000000000268e+00,5.000000000000000278e-02
8.494999999999999218e+00,4.299999999999999656e-02
8.496669999999999945e+00,3.300000000000000155e-02
8.498329999999999274e+00,4.499999999999999833e-02
8.500000000000000000e+00,5.199999999999999761e-02
8.501670000000000726e+00,4.200000000000000261e-02
8.503330000000000055e+00,2.999999999999999889e-02
8.505000000000000782e+00,4.299999999999999656e-02
8.506669999999999732e+00,5.299999999999999850e-02
8.508330000000000837e+00,4.399999999999999745e-02
8.509999999999999787e+00,2.999999999999999889e-02
8.511670000000000513e+00,4.100000000000000172e-02
8.513329999999999842e+00,4.700000000000000011e-02
8.515000000000000568e+00,3.799999999999999906e-02
8.516669999999999519e+00,2.699999999999999969e-02
8.518330000000000624e+00,4.000000000000000083e-02
8.519999999999999574e+00,4.700000000000000011e-02
8.521670000000000300e+00,4.000000000000000083e-02
8.523329999999999629e+00,2.599999999999999881e-02
8.525000000000000355e+00,3.699999999999999817e-02
8.526669999999999305e+00,4.299999999999999656e-02
8.528330000000000410e+00,4.100000000000000172e-02
8.529999999999999361e+00,2.999999999999999889e-02
8.531670000000000087e+00,4.100000000000000172e-02
8.533329999999999416e+00,5.000000000000000278e-02
8.535000000000000142e+00,4.700000000000000011e-02
8.536670000000000869e+00,3.400000000000000244e-02
8.538330000000000197e+00,4.200000000000000261e-02
8.539999999999999147e+00,5.099999999999999672e-02
8.541669999999999874e+00,4.900000000000000189e-02
8.543329999999999202e+00,3.500000000000000333e-02
8.544999999999999929e+00,4.100000000000000172e-02
8.546670000000000655e+00,4.499999999999999833e-02
8.548329999999999984e+00,4.200000000000000261e-02
8.550000000000000711e+00,2.999999999999999889e-02
8.551669999999999661e+00,4.100000000000000172e-02
8.553330000000000766e+00,5.099999999999999672e-02
8.554999999999999716e+00,4.700000000000000011e-02
8.556670000000000442e+00,3.400000000000000244e-02
8.558329999999999771e+00,4.200000000000000261e-02
8.560000000000000497e+00,5.000000000000000278e-02
8.561669999999999447e+00,4.800000000000000100e-02
8.563330000000000553e+00,3.200000000000000067e-02
8.564999999999999503e+00,3.899999999999999994e-02
8.566670000000000229e+00,5.000000000000000278e-02
8.568329999999999558e+00,4.800000000000000100e-02
8.570000000000000284e+00,3.099999999999999978e-02
8.571669999999999234e+00,3.799999999999999906e-02
8.573330000000000339e+00,5.099999999999999672e-02
8.574999999999999289e+00,4.800000000000000100e-02
8.576670000000000016e+00,3.300000000000000155e-02
8.578329999999999345e+00,4.499999999999999833e-02
8.580000000000000071e+00,5.600000000000000117e-02
8.581670000000000798e+00,5.199999999999999761e-02
8.583330000000000126e+00,3.500000000000000333e-02
8.585000000000000853e+00,4.299999999999999656e-02
8.586669999999999803e+00,5.299999999999999850e-02
8.588329999999999131e+00,4.499999999999999833e-02
8.589999999999999858e+00,2.699999999999999969e-02
8.591670000000000584e+00,3.099999999999999978e-02
8.593329999999999913e+00,3.899999999999999994e-02
8.595000000000000639e+00,3.699999999999999817e-02
8.596669999999999590e+00,2.400000000000000050e-02
8.598330000000000695e+00,2.900000000000000147e-02
8.599999999999999645e+00,3.899999999999999994e-02
8.601670000000000371e+00,3.699999999999999817e-02
8.603329999999999700e+00,2.299999999999999961e-02
8.605000000000000426e+00,2.699999999999999969e-02
8.606669999999999376e+00,3.799999999999999906e-02
8.608330000000000481e+00,3.699999999999999817e-02
8.609999999999999432e+00,2.500000000000000139e-02
8.611670000000000158e+00,2.699999999999999969e-02
8.613329999999999487e+00,3.799999999999999906e-02
8.615000000000000213e+00,3.899999999999999994e-02
8.616669999999999163e+00,2.599999999999999881e-02
8.618330000000000268e+00,2.400000000000000050e-02
8.619999999999999218e+00,3.699999999999999817e-02
8.621669999999999945e+00,3.799999999999999906e-02
8.623329999999999274e+00,2.299999999999999961e-02
8.625000000000000000e+00,2.400000000000000050e-02
8.626670000000000726e+00,4.200000000000000261e-02
8.628330000000000055e+00,4.299999999999999656e-02
8.630000000000000782e+00,2.699999999999999969e-02
8.631669999999999732e+00,2.500000000000000139e-02
8.633330000000000837e+00,4.000000000000000083e-02
8.634999999999999787e+00,4.499999999999999833e-02
8.636670000000000513e+00,3.599999999999999728e-02
8.638329999999999842e+00,3.899999999999999994e-02
8.640000000000000568e+00,5.299999999999999850e-02
8.641669999999999519e+00,5.600000000000000117e-02
8.643330000000000624e+00,4.599999999999999922e-02
8.644999999999999574e+00,4.299999999999999656e-02
8.646670000000000300e+00,5.500000000000000028e-02
8.648329999999999629e+00,5.500000000000000028e-02
8.650000000000000355e+00,4.299999999999999656e-02
8.651669999999999305e+00,4.000000000000000083e-02
8.653330000000000410e+00,5.199999999999999761e-02
8.654999999999999361e+00,5.500000000000000028e-02
8.656670000000000087e+00,4.200000000000000261e-02
8.658329999999999416e+00,3.099999999999999978e-02
8.660000000000000142e+00,4.200000000000000261e-02
8.661670000000000869e+00,4.499999999999999833e-02
8.663330000000000197e+00,3.200000000000000067e-02
8.664999999999999147e+00,2.699999999999999969e-02
8.666669999999999874e+00,3.899999999999999994e-02
8.668329999999999202e+00,4.299999999999999656e-02
8.669999999999999929e+00,3.300000000000000155e-02
8.671670000000000655e+00,2.900000000000000147e-02
8.673329999999999984e+00,4.399999999999999745e-02
8.675000000000000711e+00,4.299999999999999656e-02
8.676669999999999661e+00,2.999999999999999889e-02
8.678330000000000766e+00,1.899999999999999953e-02
8.679999999999999716e+00,3.500000000000000333e-02
8.681670000000000442e+00,3.799999999999999906e-02
8.683329999999999771e+00,2.900000000000000147e-02
8.685000000000000497e+00,1.700000000000000122e-02
8.686669999999999447e+00,3.200000000000000067e-02
8.688330000000000553e+00,3.699999999999999817e-02
8.689999999999999503e+00,2.999999999999999889e-02
8.691670000000000229e+00,2.299999999999999961e-02
8.693329999999999558e+00,3.899999999999999994e-02
8.695000000000000284e+00,4.599999999999999922e-02
8.696669999999999234e+00,3.699999999999999817e-02
8.698330000000000339e+00,2.500000000000000139e-02
8.699999999999999289e+00,3.899999999999999994e-02
8.701670000000000016e+00,4.200000000000000261e-02
8.703329999999999345e+00,3.300000000000000155e-02
8.705000000000000071e+00,1.700000000000000122e-02
8.706670000000000798e+00,2.800000000000000058e-02
8.708330000000000126e+00,3.500000000000000333e-02
8.710000000000000853e+00,2.999999999999999889e-02
8.711669999999999803e+00,2.400000000000000050e-02
8.713329999999999131e+00,4.100000000000000172e-02
8.714999999999999858e+00,4.900000000000000189e-02
8.716670000000000584e+00,4.100000000000000172e-02
8.718329999999999913e+00,2.500000000000000139e-02
8.720000000000000639e+00,3.699999999999999817e-02
8.721669999999999590e+00,4.399999999999999745e-02
8.723330000000000695e+00,3.500000000000000333e-02
8.724999999999999645e+00,2.199999999999999872e-02
8.726670000000000371e+00,3.500000000000000333e-02
8.728329999999999700e+00,4.399999999999999745e-02
8.730000000000000426e+00,3.799999999999999906e-02
8.731669999999999376e+00,2.500000000000000139e-02
8.733330000000000481e+00,3.500000000000000333e-02
8.734999999999999432e+00,4.000000000000000083e-02
8.736670000000000158e+00,3.200000000000000067e-02
8.738329999999999487e+00,2.100000000000000130e-02
8.740000000000000213e+00,3.300000000000000155e-02
8.741669999999999163e+00,3.799999999999999906e-02
8.743330000000000268e+00,2.999999999999999889e-02
8.744999999999999218e+00,1.899999999999999953e-02
8.746669999999999945e+00,3.300000000000000155e-02
8.748329999999999274e+00,4.299999999999999656e-02
8.750000000000000000e+00,3.599999999999999728e-02
8.751670000000000726e+00,2.100000000000000130e-02
8.753330000000000055e+00,2.999999999999999889e-02
8.755000000000000782e+00,3.799999999999999906e-02
8.756669999999999732e+00,3.599999999999999728e-02
8.758330000000000837e+00,2.199999999999999872e-02
8.759999999999999787e+00,3.300000000000000155e-02
8.761670000000000513e+00,4.399999999999999745e-02
8.763329999999999842e+00,3.799999999999999906e-02
8.765000000000000568e+00,2.199999999999999872e-02
8.766669999999999519e+00,2.999999999999999889e-02
8.768330000000000624e+00,4.299999999999999656e-02
8.769999999999999574e+00,3.899999999999999994e-02
8.771670000000000300e+00,2.199999999999999872e-02
8.773329999999999629e+00,2.500000000000000139e-02
8.775000000000000355e+00,3.300000000000000155e-02
8.776669999999999305e+00,3.200000000000000067e-02
8.778330000000000410e+00,1.799999999999999864e-02
8.779999999999999361e+00,2.100000000000000130e-02
8.781670000000000087e+00,3.099999999999999978e-02
8.783329999999999416e+00,2.800000000000000058e-02
8.785000000000000142e+00,1.600000000000000033e-02
8.786670000000000869e+00,1.899999999999999953e-02
8.788330000000000197e+00,2.800000000000000058e-02
8.789999999999999147e+00,2.599999999999999881e-02
8.791669999999999874e+00,1.600000000000000033e-02
8.793329999999999202e+00,2.000000000000000042e-02
8.794999999999999929e+00,3.500000000000000333e-02
8.796670000000000655e+00,3.699999999999999817e-02
8.798329999999999984e+00,2.500000000000000139e-02
8.800000000000000711e+00,2.900000000000000147e-02
8.801669999999999661e+00,4.200000000000000261e-02
8.803330000000000766e+00,4.100000000000000172e-02
8.804999999999999716e+00,2.900000000000000147e-02
8.806670000000000442e+00,3.099999999999999978e-02
8.808329999999999771e+00,4.299999999999999656e-02
8.810000000000000497e+00,4.100000000000000172e-02
8.811669999999999447e+00,2.800000000000000058e-02
8.813330000000000553e+00,2.800000000000000058e-02
8.814999999999999503e+00,4.200000000000000261e-02
8.816670000000000229e+00,3.899999999999999994e-02
8.818329999999999558e+00,2.599999999999999881e-02
8.820000000000000284e+00,2.400000000000000050e-02
8.821669999999999234e+00,3.799999999999999906e-02
8.823330000000000339e+00,3.899999999999999994e-02
8.824999999999999289e+00,2.900000000000000147e-02
8.826670000000000016e+00,2.699999999999999969e-02
8.828329999999999345e+00,3.899999999999999994e-02
8.830000000000000071e+00,4.100000000000000172e-02
8.831670000000000798e+00,3.099999999999999978e-02
8.833330000000000126e+00,2.900000000000000147e-02
8.835000000000000853e+00,4.100000000000000172e-02
8.836669999999999803e+00,4.100000000000000172e-02
8.838329999999999131e+00,2.699999999999999969e-02
8.839999999999999858e+00,2.100000000000000130e-02
8.841670000000000584e+00,3.899999999999999994e-02
8.843329999999999913e+00,4.100000000000000172e-02
8.845000000000000639e+00,2.900000000000000147e-02
8.846669999999999590e+00,2.500000000000000139e-02
8.848330000000000695e+00,3.500000000000000333e-02
8.849999999999999645e+00,3.300000000000000155e-02
8.851670000000000371e+00,2.100000000000000130e-02
8.853329999999999700e+00,1.499999999999999944e-02
8.855000000000000426e+00,3.099999999999999978e-02
8.856669999999999376e+00,3.400000000000000244e-02
8.858330000000000481e+00,2.100000000000000130e-02
8.859999999999999432e+00,1.600000000000000033e-02
8.861670000000000158e+00,2.999999999999999889e-02
8.863329999999999487e+00,2.999999999999999889e-02
8.865000000000000213e+00,1.899999999999999953e-02
8.866669999999999163e+00,1.299999999999999940e-02
8.868330000000000268e+00,2.800000000000000058e-02
8.869999999999999218e+00,2.999999999999999889e-02
8.871669999999999945e+00,2.000000000000000042e-02
8.873329999999999274e+00,1.400000000000000029e-02
8.875000000000000000e+00,3.099999999999999978e-02
8.876670000000000726e+00,3.400000000000000244e-02
8.878330000000000055e+00,2.199999999999999872e-02
8.880000000000000782e+00,1.400000000000000029e-02
8.881669999999999732e+00,3.099999999999999978e-02
8.883330000000000837e+00,3.899999999999999994e-02
8.884999999999999787e+00,3.099999999999999978e-02
8.886670000000000513e+00,2.400000000000000050e-02
8.888329999999999842e+00,3.599999999999999728e-02
8.890000000000000568e+00,3.699999999999999817e-02
8.891669999999999519e+00,2.699999999999999969e-02
8.893330000000000624e+00,2.000000000000000042e-02
8.894999999999999574e+00,3.300000000000000155e-02
8.896670000000000300e+00,3.599999999999999728e-02
8.898329999999999629e+00,2.900000000000000147e-02
8.900000000000000355e+00,1.799999999999999864e-02
8.901669999999999305e+00,2.900000000000000147e-02
8.903330000000000410e+00,3.500000000000000333e-02
8.904999999999999361e+00,2.500000000000000139e-02
8.906670000000000087e+00,1.700000000000000122e-02
8.908329999999999416e+00,3.599999999999999728e-02
8.910000000000000142e+00,4.700000000000000011e-02
8.911670000000000869e+00,4.200000000000000261e-02
8.913330000000000197e+00,3.300000000000000155e-02
8.914999999999999147e+00,4.700000000000000011e-02
8.916669999999999874e+00,5.299999999999999850e-02
8.918329999999999202e+00,4.599999999999999922e-02
8.919999999999999929e+00,3.599999999999999728e-02
8.921670000000000655e+00,4.800000000000000100e-02
8.923329999999999984e+00,5.000000000000000278e-02
8.925000000000000711e+00,4.100000000000000172e-02
8.926669999999999661e+00,2.800000000000000058e-02
8.928330000000000766e+00,4.100000000000000172e-02
8.929999999999999716e+00,4.399999999999999745e-02
8.931670000000000442e+00,3.599999999999999728e-02
8.933329999999999771e+00,2.699999999999999969e-02
8.935000000000000497e+00,3.699999999999999817e-02
8.936669999999999447e+00,4.399999999999999745e-02
8.938330000000000553e+00,3.599999999999999728e-02
8.939999999999999503e+00,2.299999999999999961e-02
8.941670000000000229e+00,3.099999999999999978e-02
8.943329999999999558e+00,3.699999999999999817e-02
8.945000000000000284e+00,3.099999999999999978e-02
8.946669999999999234e+00,1.899999999999999953e-02
8.948330000000000339e+00,2.699999999999999969e-02
8.949999999999999289e+00,3.799999999999999906e-02
8.951670000000000016e+00,3.200000000000000067e-02
8.953329999999999345e+00,1.700000000000000122e-02
8.955000000000000071e+00,2.500000000000000139e-02
8.956670000000000798e+00,3.500000000000000333e-02
8.958330000000000126e+00,2.999999999999999889e-02
8.960000000000000853e+00,1.899999999999999953e-02
8.961669999999999803e+00,3.099999999999999978e-02
8.963329999999999131e+00,4.299999999999999656e-02
8.964999999999999858e+00,3.500000000000000333e-02
8.966670000000000584e+00,2.000000000000000042e-02
8.968329999999999913e+00,2.900000000000000147e-02
8.970000000000000639e+00,4.000000000000000083e-02
8.971669999999999590e+00,3.599999999999999728e-02
8.973330000000000695e+00,2.599999999999999881e-02
8.974999999999999645e+00,3.599999999999999728e-02
8.976670000000000371e+00,4.900000000000000189e-02
8.978329999999999700e+00,4.100000000000000172e-02
8.980000000000000426e+00,2.900000000000000147e-02
8.981669999999999376e+00,3.400000000000000244e-02
8.983330000000000481e+00,4.399999999999999745e-02
8.984999999999999432e+00,3.699999999999999817e-02
8.986670000000000158e+00,2.400000000000000050e-02
8.988329999999999487e+00,2.900000000000000147e-02
8.990000000000000213e+00,4.000000000000000083e-02
8.991669999999999163e+00,3.699999999999999817e-02
8.993330000000000268e+00,2.199999999999999872e-02
8.994999999999999218e+00,2.599999999999999881e-02
8.996669999999999945e+00,3.699999999999999817e-02
8.998329999999999274e+00,3.799999999999999906e-02
9.000000000000000000e+00,2.699999999999999969e-02
9.001670000000000726e+00,3.099999999999999978e-02
9.003330000000000055e+00,4.399999999999999745e-02
9.005000000000000782e+00,4.000000000000000083e-02
9.006669999999999732e+00,2.599999999999999881e-02
9.008330000000000837e+00,2.699999999999999969e-02
9.009999999999999787e+00,4.000000000000000083e-02
9.011670000000000513e+00,4.000000000000000083e-02
9.013329999999999842e+00,2.800000000000000058e-02
9.015000000000000568e+00,2.699999999999999969e-02
9.016669999999999519e+00,4.000000000000000083e-02
9.018330000000000624e+00,3.899999999999999994e-02
9.019999999999999574e+00,1.899999999999999953e-02
9.021670000000000300e+00,1.700000000000000122e-02
9.023329999999999629e+00,2.900000000000000147e-02
9.025000000000000355e+00,2.999999999999999889e-02
9.026669999999999305e+00,1.899999999999999953e-02
9.028330000000000410e+00,2.000000000000000042e-02
9.029999999999999361e+00,3.500000000000000333e-02
9.031670000000000087e+00,3.799999999999999906e-02
9.033329999999999416e+00,2.800000000000000058e-02
9.035000000000000142e+00,2.800000000000000058e-02
9.036670000000000869e+00,3.899999999999999994e-02
9.038330000000000197e+00,4.499999999999999833e-02
9.039999999999999147e+00,3.300000000000000155e-02
9.041669999999999874e+00,2.900000000000000147e-02
9.043329999999999202e+00,4.200000000000000261e-02
9.044999999999999929e+00,4.299999999999999656e-02
9.046670000000000655e+00,3.099999999999999978e-02
9.048329999999999984e+00,2.500000000000000139e-02
9.050000000000000711e+00,3.699999999999999817e-02
9.051669999999999661e+00,3.500000000000000333e-02
9.053330000000000766e+00,2.400000000000000050e-02
9.054999999999999716e+00,1.499999999999999944e-02
9.056670000000000442e+00,2.900000000000000147e-02
9.058329999999999771e+00,3.500000000000000333e-02
9.060000000000000497e+00,2.599999999999999881e-02
9.061669999999999447e+00,1.799999999999999864e-02
9.063330000000000553e+00,3.200000000000000067e-02
9.064999999999999503e+00,3.500000000000000333e-02
9.066670000000000229e+00,2.500000000000000139e-02
9.068329999999999558e+00,1.899999999999999953e-02
9.070000000000000284e+00,3.599999999999999728e-02
9.071669999999999234e+00,4.299999999999999656e-02
9.073330000000000339e+00,3.599999999999999728e-02
9.074999999999999289e+00,2.299999999999999961e-02
9.076670000000000016e+00,3.899999999999999994e-02
9.078329999999999345e+00,4.599999999999999922e-02
9.080000000000000071e+00,3.799999999999999906e-02
9.081670000000000798e+00,2.800000000000000058e-02
9.083330000000000126e+00,4.200000000000000261e-02
9.085000000000000853e+00,4.700000000000000011e-02
9.086669999999999803e+00,4.000000000000000083e-02
9.088329999999999131e+00,2.999999999999999889e-02
9.089999999999999858e+00,4.299999999999999656e-02
9.091670000000000584e+00,4.800000000000000100e-02
9.093329999999999913e+00,4.000000000000000083e-02
9.095000000000000639e+00,2.699999999999999969e-02
9.096669999999999590e+00,3.899999999999999994e-02
9.098330000000000695e+00,4.599999999999999922e-02
9.099999999999999645e+00,4.100000000000000172e-02
9.101670000000000371e+00,2.900000000000000147e-02
9.103329999999999700e+00,4.000000000000000083e-02
9.105000000000000426e+00,4.599999999999999922e-02
9.106669999999999376e+00,3.799999999999999906e-02
9.108330000000000481e+00,2.599999999999999881e-02
9.109999999999999432e+00,3.500000000000000333e-02
9.111670000000000158e+00,4.299999999999999656e-02
9.113329999999999487e+00,3.599999999999999728e-02
9.115000000000000213e+00,2.400000000000000050e-02
9.116669999999999163e+00,3.400000000000000244e-02
9.118330000000000268e+00,4.100000000000000172e-02
9.119999999999999218e+00,3.500000000000000333e-02
9.121669999999999945e+00,2.699999999999999969e-02
9.123329999999999274e+00,3.599999999999999728e-02
9.125000000000000000e+00,4.000000000000000083e-02
9.126670000000000726e+00,3.300000000000000155e-02
9.128330000000000055e+00,2.299999999999999961e-02
9.130000000000000782e+00,3.500000000000000333e-02
9.131669999999999732e+00,4.599999999999999922e-02
9.133330000000000837e+00,4.000000000000000083e-02
9.134999999999999787e+00,2.599999999999999881e-02
9.136670000000000513e+00,3.500000000000000333e-02
9.138329999999999842e+00,4.700000000000000011e-02
9.140000000000000568e+00,4.100000000000000172e-02
9.141669999999999519e+00,3.200000000000000067e-02
9.143330000000000624e+00,3.899999999999999994e-02
9.144999999999999574e+00,5.000000000000000278e-02
9.146670000000000300e+00,4.399999999999999745e-02
9.148329999999999629e+00,2.500000000000000139e-02
9.150000000000000355e+00,2.699999999999999969e-02
9.151669999999999305e+00,3.500000000000000333e-02
9.153330000000000410e+00,3.200000000000000067e-02
9.154999999999999361e+00,2.000000000000000042e-02
9.156670000000000087e+00,2.500000000000000139e-02
9.158329999999999416e+00,3.500000000000000333e-02
9.160000000000000142e+00,3.400000000000000244e-02
9.161670000000000869e+00,2.199999999999999872e-02
9.163330000000000197e+00,3.099999999999999978e-02
9.164999999999999147e+00,4.399999999999999745e-02
9.166669999999999874e+00,4.200000000000000261e-02
9.168329999999999202e+00,2.999999999999999889e-02
9.169999999999999929e+00,2.999999999999999889e-02
9.171670000000000655e+00,4.100000000000000172e-02
9.173329999999999984e+00,3.599999999999999728e-02
9.175000000000000711e+00,2.400000000000000050e-02
9.176669999999999661e+00,2.500000000000000139e-02
9.178330000000000766e+00,3.599999999999999728e-02
9.179999999999999716e+00,2.999999999999999889e-02
9.181670000000000442e+00,1.799999999999999864e-02
9.183329999999999771e+00,2.400000000000000050e-02
9.185000000000000497e+00,3.899999999999999994e-02
9.186669999999999447e+00,3.699999999999999817e-02
9.188330000000000553e+00,2.500000000000000139e-02
9.189999999999999503e+00,2.299999999999999961e-02
9.191670000000000229e+00,3.300000000000000155e-02
9.193329999999999558e+00,3.400000000000000244e-02
9.195000000000000284e+00,2.100000000000000130e-02
9.196669999999999234e+00,2.100000000000000130e-02
9.198330000000000339e+00,3.500000000000000333e-02
9.199999999999999289e+00,3.400000000000000244e-02
9.201670000000000016e+00,2.199999999999999872e-02
9.203329999999999345e+00,2.100000000000000130e-02
9.205000000000000071e+00,3.300000000000000155e-02
9.206670000000000798e+00,3.200000000000000067e-02
9.208330000000000126e+00,1.899999999999999953e-02
9.210000000000000853e+00,1.799999999999999864e-02
9.211669999999999803e+00,3.099999999999999978e-02
9.213329999999999131e+00,3.099999999999999978e-02
9.214999999999999858e+00,2.199999999999999872e-02
9.216670000000000584e+00,2.299999999999999961e-02
9.218329999999999913e+00,3.699999999999999817e-02
9.220000000000000639e+00,4.200000000000000261e-02
9.221669999999999590e+00,3.500000000000000333e-02
9.223330000000000695e+00,3.099999999999999978e-02
9.224999999999999645e+00,4.299999999999999656e-02
9.226670000000000371e+00,4.399999999999999745e-02
9.228329999999999700e+00,3.099999999999999978e-02
9.230000000000000426e+00,2.699999999999999969e-02
9.231669999999999376e+00,4.399999999999999745e-02
9.233330000000000481e+00,4.599999999999999922e-02
9.234999999999999432e+00,3.300000000000000155e-02
9.236670000000000158e+00,2.800000000000000058e-02
9.238329999999999487e+00,4.000000000000000083e-02
9.240000000000000213e+00,4.200000000000000261e-02
9.241669999999999163e+00,2.999999999999999889e-02
9.243330000000000268e+00,2.800000000000000058e-02
9.244999999999999218e+00,4.000000000000000083e-02
9.246669999999999945e+00,4.100000000000000172e-02
9.248329999999999274e+00,2.999999999999999889e-02
9.250000000000000000e+00,2.699999999999999969e-02
9.251670000000000726e+00,4.299999999999999656e-02
9.253330000000000055e+00,4.800000000000000100e-02
9.255000000000000782e+00,3.500000000000000333e-02
9.256669999999999732e+00,2.699999999999999969e-02
9.258330000000000837e+00,4.000000000000000083e-02
9.259999999999999787e+00,4.399999999999999745e-02
9.261670000000000513e+00,3.099999999999999978e-02
9.263329999999999842e+00,2.400000000000000050e-02
9.265000000000000568e+00,3.799999999999999906e-02
9.266669999999999519e+00,4.299999999999999656e-02
9.268330000000000624e+00,3.400000000000000244e-02
9.269999999999999574e+00,2.800000000000000058e-02
9.271670000000000300e+00,4.100000000000000172e-02
9.273329999999999629e+00,4.499999999999999833e-02
9.275000000000000355e+00,3.500000000000000333e-02
9.276669999999999305e+00,2.699999999999999969e-02
9.278330000000000410e+00,3.799999999999999906e-02
9.279999999999999361e+00,4.000000000000000083e-02
9.281670000000000087e+00,2.999999999999999889e-02
9.283329999999999416e+00,2.299999999999999961e-02
9.285000000000000142e+00,3.699999999999999817e-02
9.286670000000000869e+00,4.399999999999999745e-02
9.288330000000000197e+00,3.699999999999999817e-02
9.289999999999999147e+00,2.699999999999999969e-02
9.291669999999999874e+00,3.799999999999999906e-02
9.293329999999999202e+00,4.399999999999999745e-02
9.294999999999999929e+00,3.699999999999999817e-02
9.296670000000000655e+00,2.599999999999999881e-02
9.298329999999999984e+00,3.599999999999999728e-02
9.300000000000000711e+00,4.299999999999999656e-02
9.301669999999999661e+00,3.699999999999999817e-02
9.303330000000000766e+00,2.999999999999999889e-02
9.304999999999999716e+00,4.200000000000000261e-02
9.306670000000000442e+00,4.499999999999999833e-02
9.308329999999999771e+00,3.899999999999999994e-02
9.310000000000000497e+00,2.900000000000000147e-02
9.311669999999999447e+00,3.799999999999999906e-02
9.313330000000000553e+00,4.499999999999999833e-02
9.314999999999999503e+00,4.000000000000000083e-02
9.316670000000000229e+00,2.900000000000000147e-02
9.318329999999999558e+00,3.599999999999999728e-02
9.320000000000000284e+00,4.299999999999999656e-02
9.321669999999999234e+00,3.599999999999999728e-02
9.323330000000000339e+00,2.299999999999999961e-02
9.324999999999999289e+00,3.699999999999999817e-02
9.326670000000000016e+00,4.399999999999999745e-02
9.328329999999999345e+00,3.599999999999999728e-02
9.330000000000000071e+00,2.699999999999999969e-02
9.331670000000000798e+00,3.599999999999999728e-02
9.333330000000000126e+00,4.200000000000000261e-02
9.335000000000000853e+00,3.500000000000000333e-02
9.336669999999999803e+00,2.199999999999999872e-02
9.338329999999999131e+00,2.999999999999999889e-02
9.339999999999999858e+00,3.799999999999999906e-02
9.341670000000000584e+00,3.099999999999999978e-02
9.343329999999999913e+00,1.799999999999999864e-02
9.345000000000000639e+00,2.599999999999999881e-02
9.346669999999999590e+00,3.400000000000000244e-02
9.348330000000000695e+00,3.099999999999999978e-02
9.349999999999999645e+00,2.199999999999999872e-02
9.351670000000000371e+00,2.999999999999999889e-02
9.353329999999999700e+00,4.299999999999999656e-02
9.355000000000000426e+00,3.799999999999999906e-02
9.356669999999999376e+00,2.500000000000000139e-02
9.358330000000000481e+00,3.200000000000000067e-02
9.359999999999999432e+00,4.200000000000000261e-02
9.361670000000000158e+00,3.699999999999999817e-02
9.363329999999999487e+00,2.199999999999999872e-02
9.365000000000000213e+00,2.500000000000000139e-02
9.366669999999999163e+00,3.500000000000000333e-02
9.368330000000000268e+00,3.500000000000000333e-02
9.369999999999999218e+00,2.400000000000000050e-02
9.371669999999999945e+00,3.099999999999999978e-02
9.373329999999999274e+00,4.299999999999999656e-02
9.375000000000000000e+00,4.000000000000000083e-02
9.376670000000000726e+00,2.599999999999999881e-02
9.378330000000000055e+00,2.699999999999999969e-02
9.380000000000000782e+00,3.500000000000000333e-02
9.381669999999999732e+00,2.900000000000000147e-02
9.383330000000000837e+00,1.200000000000000025e-02
9.384999999999999787e+00,1.700000000000000122e-02
9.386670000000000513e+00,2.999999999999999889e-02
9.388329999999999842e+00,2.599999999999999881e-02
9.390000000000000568e+00,1.299999999999999940e-02
9.391669999999999519e+00,1.799999999999999864e-02
9.393330000000000624e+00,2.800000000000000058e-02
9.394999999999999574e+00,2.800000000000000058e-02
9.396670000000000300e+00,1.600000000000000033e-02
9.398329999999999629e+00,2.000000000000000042e-02
9.400000000000000355e+00,3.099999999999999978e-02
9.401669999999999305e+00,3.300000000000000155e-02
9.403330000000000410e+00,2.199999999999999872e-02
9.404999999999999361e+00,2.500000000000000139e-02
9.406670000000000087e+00,3.400000000000000244e-02
9.408329999999999416e+00,3.200000000000000067e-02
9.410000000000000142e+00,2.100000000000000130e-02
9.411670000000000869e+00,2.400000000000000050e-02
9.413330000000000197e+00,3.400000000000000244e-02
9.414999999999999147e+00,3.599999999999999728e-02
9.416669999999999874e+00,2.400000000000000050e-02
9.418329999999999202e+00,2.500000000000000139e-02
9.419999999999999929e+00,3.799999999999999906e-02
9.421670000000000655e+00,3.899999999999999994e-02
9.423329999999999984e+00,2.699999999999999969e-02
9.425000000000000711e+00,2.599999999999999881e-02
9.426669999999999661e+00,3.899999999999999994e-02
9.428330000000000766e+00,4.200000000000000261e-02
9.429999999999999716e+00,2.699999999999999969e-02
9.431670000000000442e+00,2.699999999999999969e-02
9.433329999999999771e+00,3.899999999999999994e-02
9.435000000000000497e+00,4.100000000000000172e-02
9.436669999999999447e+00,2.800000000000000058e-02
9.438330000000000553e+00,2.800000000000000058e-02
9.439999999999999503e+00,4.100000000000000172e-02
9.441670000000000229e+00,4.200000000000000261e-02
9.443329999999999558e+00,2.500000000000000139e-02
9.445000000000000284e+00,2.100000000000000130e-02
9.446669999999999234e+00,3.200000000000000067e-02
9.448330000000000339e+00,3.500000000000000333e-02
9.449999999999999289e+00,2.000000000000000042e-02
9.451670000000000016e+00,1.700000000000000122e-02
9.453329999999999345e+00,3.200000000000000067e-02
9.455000000000000071e+00,3.400000000000000244e-02
9.456670000000000798e+00,2.299999999999999961e-02
9.458330000000000126e+00,2.100000000000000130e-02
9.460000000000000853e+00,3.200000000000000067e-02
9.461669999999999803e+00,3.799999999999999906e-02
9.463329999999999131e+00,2.800000000000000058e-02
9.464999999999999858e+00,2.299999999999999961e-02
9.466670000000000584e+00,3.400000000000000244e-02
9.468329999999999913e+00,4.000000000000000083e-02
9.470000000000000639e+00,2.999999999999999889e-02
9.471669999999999590e+00,2.400000000000000050e-02
9.473330000000000695e+00,3.699999999999999817e-02
9.474999999999999645e+00,4.100000000000000172e-02
9.476670000000000371e+00,3.300000000000000155e-02
9.478329999999999700e+00,2.599999999999999881e-02
9.480000000000000426e+00,3.500000000000000333e-02
9.481669999999999376e+00,3.799999999999999906e-02
9.483330000000000481e+00,2.800000000000000058e-02
9.484999999999999432e+00,2.199999999999999872e-02
9.486670000000000158e+00,3.300000000000000155e-02
9.488329999999999487e+00,3.799999999999999906e-02
9.490000000000000213e+00,2.999999999999999889e-02
9.491669999999999163e+00,2.000000000000000042e-02
9.493330000000000268e+00,2.900000000000000147e-02
9.494999999999999218e+00,3.099999999999999978e-02
9.496669999999999945e+00,2.299999999999999961e-02
9.498329999999999274e+00,1.400000000000000029e-02
9.500000000000000000e+00,2.599999999999999881e-02
9.501670000000000726e+00,3.200000000000000067e-02
9.503330000000000055e+00,2.500000000000000139e-02
9.505000000000000782e+00,1.700000000000000122e-02
9.506669999999999732e+00,2.699999999999999969e-02
9.508330000000000837e+00,3.500000000000000333e-02
9.509999999999999787e+00,2.999999999999999889e-02
9.511670000000000513e+00,2.100000000000000130e-02
9.513329999999999842e+00,3.400000000000000244e-02
9.515000000000000568e+00,4.299999999999999656e-02
9.516669999999999519e+00,3.699999999999999817e-02
9.518330000000000624e+00,2.599999999999999881e-02
9.519999999999999574e+00,3.200000000000000067e-02
9.521670000000000300e+00,3.300000000000000155e-02
9.523329999999999629e+00,2.500000000000000139e-02
9.525000000000000355e+00,1.700000000000000122e-02
9.526669999999999305e+00,2.900000000000000147e-02
9.528330000000000410e+00,3.699999999999999817e-02
9.529999999999999361e+00,3.099999999999999978e-02
9.531670000000000087e+00,1.799999999999999864e-02
9.533329999999999416e+00,2.900000000000000147e-02
9.535000000000000142e+00,3.500000000000000333e-02
9.536670000000000869e+00,2.699999999999999969e-02
9.538330000000000197e+00,1.400000000000000029e-02
9.539999999999999147e+00,2.500000000000000139e-02
9.541669999999999874e+00,3.300000000000000155e-02
9.543329999999999202e+00,2.999999999999999889e-02
9.544999999999999929e+00,1.600000000000000033e-02
9.546670000000000655e+00,2.500000000000000139e-02
9.548329999999999984e+00,3.300000000000000155e-02
9.550000000000000711e+00,2.800000000000000058e-02
9.551669999999999661e+00,1.700000000000000122e-02
9.553330000000000766e+00,2.699999999999999969e-02
9.554999999999999716e+00,2.999999999999999889e-02
9.556670000000000442e+00,2.400000000000000050e-02
9.558329999999999771e+00,1.099999999999999936e-02
9.560000000000000497e+00,2.100000000000000130e-02
9.561669999999999447e+00,3.099999999999999978e-02
9.563330000000000553e+00,2.699999999999999969e-02
9.564999999999999503e+00,1.499999999999999944e-02
9.566670000000000229e+00,2.599999999999999881e-02
9.568329999999999558e+00,3.599999999999999728e-02
9.570000000000000284e+00,3.300000000000000155e-02
9.571669999999999234e+00,2.000000000000000042e-02
9.573330000000000339e+00,2.900000000000000147e-02
9.574999999999999289e+00,3.500000000000000333e-02
9.576670000000000016e+00,3.099999999999999978e-02
9.578329999999999345e+00,1.700000000000000122e-02
9.580000000000000071e+00,2.699999999999999969e-02
9.581670000000000798e+00,3.799999999999999906e-02
9.583330000000000126e+00,3.799999999999999906e-02
9.585000000000000853e+00,2.699999999999999969e-02
9.586669999999999803e+00,3.599999999999999728e-02
9.588329999999999131e+00,4.700000000000000011e-02
9.589999999999999858e+00,4.200000000000000261e-02
9.591670000000000584e+00,2.500000000000000139e-02
9.593329999999999913e+00,3.400000000000000244e-02
9.595000000000000639e+00,4.399999999999999745e-02
9.596669999999999590e+00,4.299999999999999656e-02
9.598330000000000695e+00,2.800000000000000058e-02
9.599999999999999645e+00,3.500000000000000333e-02
9.601670000000000371e+00,4.399999999999999745e-02
9.603329999999999700e+00,4.299999999999999656e-02
9.605000000000000426e+00,2.999999999999999889e-02
9.606669999999999376e+00,3.500000000000000333e-02
9.608330000000000481e+00,4.399999999999999745e-02
9.609999999999999432e+00,4.700000000000000011e-02
9.611670000000000158e+00,2.999999999999999889e-02
9.613329999999999487e+00,3.300000000000000155e-02
9.615000000000000213e+00,4.299999999999999656e-02
9.616669999999999163e+00,4.399999999999999745e-02
9.618330000000000268e+00,3.099999999999999978e-02
9.619999999999999218e+00,2.999999999999999889e-02
9.621669999999999945e+00,3.799999999999999906e-02
9.623329999999999274e+00,3.500000000000000333e-02
9.625000000000000000e+00,2.000000000000000042e-02
9.626670000000000726e+00,2.000000000000000042e-02
9.628330000000000055e+00,2.999999999999999889e-02
9.630000000000000782e+00,2.999999999999999889e-02
9.631669999999999732e+00,1.700000000000000122e-02
9.633330000000000837e+00,1.799999999999999864e-02
9.634999999999999787e+00,3.099999999999999978e-02
9.636670000000000513e+00,3.400000000000000244e-02
9.638329999999999842e+00,2.100000000000000130e-02
9.640000000000000568e+00,2.199999999999999872e-02
9.641669999999999519e+00,3.400000000000000244e-02
9.643330000000000624e+00,3.699999999999999817e-02
9.644999999999999574e+00,2.400000000000000050e-02
9.646670000000000300e+00,2.100000000000000130e-02
9.648329999999999629e+00,3.500000000000000333e-02
9.650000000000000355e+00,3.799999999999999906e-02
9.651669999999999305e+00,2.900000000000000147e-02
9.653330000000000410e+00,2.699999999999999969e-02
9.654999999999999361e+00,4.100000000000000172e-02
9.656670000000000087e+00,4.299999999999999656e-02
9.658329999999999416e+00,3.099999999999999978e-02
9.660000000000000142e+00,2.500000000000000139e-02
9.661670000000000869e+00,3.699999999999999817e-02
9.663330000000000197e+00,3.500000000000000333e-02
9.664999999999999147e+00,2.299999999999999961e-02
9.666669999999999874e+00,1.799999999999999864e-02
9.668329999999999202e+00,2.999999999999999889e-02
9.669999999999999929e+00,3.500000000000000333e-02
9.671670000000000655e+00,2.699999999999999969e-02
9.673329999999999984e+00,2.299999999999999961e-02
9.675000000000000711e+00,3.699999999999999817e-02
9.676669999999999661e+00,4.100000000000000172e-02
9.678330000000000766e+00,2.900000000000000147e-02
9.679999999999999716e+00,2.500000000000000139e-02
9.681670000000000442e+00,4.299999999999999656e-02
9.683329999999999771e+00,5.000000000000000278e-02
9.685000000000000497e+00,4.000000000000000083e-02
9.686669999999999447e+00,3.099999999999999978e-02
9.688330000000000553e+00,4.299999999999999656e-02
9.689999999999999503e+00,4.700000000000000011e-02
9.691670000000000229e+00,3.500000000000000333e-02
9.693329999999999558e+00,2.699999999999999969e-02
9.695000000000000284e+00,4.399999999999999745e-02
9.696669999999999234e+00,4.700000000000000011e-02
9.698330000000000339e+00,3.500000000000000333e-02
9.699999999999999289e+00,2.299999999999999961e-02
9.701670000000000016e+00,3.699999999999999817e-02
9.703329999999999345e+00,4.100000000000000172e-02
9.705000000000000071e+00,3.200000000000000067e-02
9.706670000000000798e+00,2.100000000000000130e-02
9.708330000000000126e+00,3.300000000000000155e-02
9.710000000000000853e+00,3.699999999999999817e-02
9.711669999999999803e+00,2.999999999999999889e-02
9.713329999999999131e+00,1.799999999999999864e-02
9.714999999999999858e+00,2.699999999999999969e-02
9.716670000000000584e+00,3.200000000000000067e-02
9.718329999999999913e+00,2.299999999999999961e-02
9.720000000000000639e+00,1.099999999999999936e-02
9.721669999999999590e+00,2.299999999999999961e-02
9.723330000000000695e+00,2.699999999999999969e-02
9.724999999999999645e+00,2.299999999999999961e-02
9.726670000000000371e+00,1.600000000000000033e-02
9.728329999999999700e+00,2.999999999999999889e-02
9.730000000000000426e+00,3.799999999999999906e-02
9.731669999999999376e+00,3.200000000000000067e-02
9.733330000000000481e+00,2.299999999999999961e-02
9.734999999999999432e+00,3.799999999999999906e-02
9.736670000000000158e+00,4.399999999999999745e-02
9.738329999999999487e+00,3.899999999999999994e-02
9.740000000000000213e+00,2.800000000000000058e-02
9.741669999999999163e+00,3.899999999999999994e-02
9.743330000000000268e+00,4.499999999999999833e-02
9.744999999999999218e+00,3.899999999999999994e-02
9.746669999999999945e+00,2.400000000000000050e-02
9.748329999999999274e+00,3.400000000000000244e-02
9.750000000000000000e+00,4.000000000000000083e-02
9.751670000000000726e+00,3.300000000000000155e-02
9.753330000000000055e+00,2.199999999999999872e-02
9.755000000000000782e+00,3.300000000000000155e-02
9.756669999999999732e+00,4.200000000000000261e-02
9.758330000000000837e+00,3.799999999999999906e-02
9.759999999999999787e+00,2.500000000000000139e-02
9.761670000000000513e+00,3.599999999999999728e-02
9.763329999999999842e+00,4.499999999999999833e-02
9.765000000000000568e+00,4.000000000000000083e-02
9.766669999999999519e+00,2.299999999999999961e-02
9.768330000000000624e+00,3.500000000000000333e-02
9.769999999999999574e+00,4.700000000000000011e-02
9.771670000000000300e+00,4.599999999999999922e-02
9.773329999999999629e+00,3.099999999999999978e-02
9.775000000000000355e+00,4.000000000000000083e-02
9.776669999999999305e+00,4.800000000000000100e-02
9.778330000000000410e+00,4.100000000000000172e-02
9.779999999999999361e+00,2.400000000000000050e-02
9.781670000000000087e+00,3.200000000000000067e-02
9.783329999999999416e+00,4.399999999999999745e-02
9.785000000000000142e+00,4.399999999999999745e-02
9.786670000000000869e+00,3.200000000000000067e-02
9.788330000000000197e+00,3.799999999999999906e-02
9.789999999999999147e+00,4.700000000000000011e-02
9.791669999999999874e+00,4.200000000000000261e-02
9.793329999999999202e+00,2.800000000000000058e-02
9.794999999999999929e+00,3.400000000000000244e-02
9.796670000000000655e+00,4.299999999999999656e-02
9.798329999999999984e+00,3.599999999999999728e-02
9.800000000000000711e+00,2.199999999999999872e-02
9.801669999999999661e+00,2.800000000000000058e-02
9.803330000000000766e+00,4.399999999999999745e-02
9.804999999999999716e+00,4.200000000000000261e-02
9.806670000000000442e+00,2.599999999999999881e-02
9.808329999999999771e+00,2.999999999999999889e-02
9.810000000000000497e+00,4.000000000000000083e-02
9.811669999999999447e+00,4.200000000000000261e-02
9.813330000000000553e+00,3.099999999999999978e-02
9.814999999999999503e+00,3.500000000000000333e-02
9.816670000000000229e+00,4.700000000000000011e-02
9.818329999999999558e+00,4.700000000000000011e-02
9.820000000000000284e+00,3.300000000000000155e-02
9.821669999999999234e+00,3.500000000000000333e-02
9.823330000000000339e+00,4.700000000000000011e-02
9.824999999999999289e+00,4.800000000000000100e-02
9.826670000000000016e+00,3.400000000000000244e-02
9.828329999999999345e+00,3.599999999999999728e-02
9.830000000000000071e+00,5.099999999999999672e-02
9.831670000000000798e+00,5.000000000000000278e-02
9.833330000000000126e+00,3.599999999999999728e-02
9.835000000000000853e+00,3.500000000000000333e-02
9.836669999999999803e+00,5.000000000000000278e-02
9.838329999999999131e+00,4.800000000000000100e-02
9.839999999999999858e+00,3.799999999999999906e-02
9.841670000000000584e+00,3.799999999999999906e-02
9.843329999999999913e+00,5.000000000000000278e-02
9.845000000000000639e+00,5.099999999999999672e-02
9.846669999999999590e+00,3.899999999999999994e-02
9.848330000000000695e+00,3.300000000000000155e-02
9.849999999999999645e+00,4.800000000000000100e-02
9.851670000000000371e+00,4.700000000000000011e-02
9.853329999999999700e+00,3.599999999999999728e-02
9.855000000000000426e+00,3.599999999999999728e-02
9.856669999999999376e+00,4.900000000000000189e-02
9.858330000000000481e+00,4.900000000000000189e-02
9.859999999999999432e+00,3.799999999999999906e-02
9.861670000000000158e+00,3.099999999999999978e-02
9.863329999999999487e+00,4.399999999999999745e-02
9.865000000000000213e+00,4.599999999999999922e-02
9.866669999999999163e+00,3.400000000000000244e-02
9.868330000000000268e+00,2.800000000000000058e-02
9.869999999999999218e+00,4.200000000000000261e-02
9.871669999999999945e+00,4.499999999999999833e-02
9.873329999999999274e+00,3.400000000000000244e-02
9.875000000000000000e+00,2.599999999999999881e-02
9.876670000000000726e+00,4.200000000000000261e-02
9.878330000000000055e+00,4.599999999999999922e-02
9.880000000000000782e+00,3.300000000000000155e-02
9.881669999999999732e+00,2.599999999999999881e-02
9.883330000000000837e+00,4.000000000000000083e-02
9.884999999999999787e+00,4.299999999999999656e-02
9.886670000000000513e+00,3.599999999999999728e-02
9.888329999999999842e+00,3.099999999999999978e-02
9.890000000000000568e+00,4.599999999999999922e-02
9.891669999999999519e+00,4.900000000000000189e-02
9.893330000000000624e+00,4.000000000000000083e-02
9.894999999999999574e+00,3.500000000000000333e-02
9.896670000000000300e+00,5.099999999999999672e-02
9.898329999999999629e+00,5.199999999999999761e-02
9.900000000000000355e+00,4.499999999999999833e-02
9.901669999999999305e+00,3.599999999999999728e-02
9.903330000000000410e+00,5.099999999999999672e-02
9.904999999999999361e+00,5.800000000000000294e-02
9.906670000000000087e+00,4.900000000000000189e-02
9.908329999999999416e+00,3.500000000000000333e-02
9.910000000000000142e+00,4.800000000000000100e-02
9.911670000000000869e+00,5.099999999999999672e-02
9.913330000000000197e+00,4.299999999999999656e-02
9.914999999999999147e+00,3.400000000000000244e-02
9.916669999999999874e+00,4.900000000000000189e-02
9.918329999999999202e+00,5.199999999999999761e-02
9.919999999999999929e+00,3.899999999999999994e-02
9.921670000000000655e+00,2.699999999999999969e-02
9.923329999999999984e+00,4.299999999999999656e-02
9.925000000000000711e+00,5.099999999999999672e-02
9.926669999999999661e+00,4.299999999999999656e-02
9.928330000000000766e+00,3.099999999999999978e-02
9.929999999999999716e+00,4.299999999999999656e-02
9.931670000000000442e+00,4.800000000000000100e-02
9.933329999999999771e+00,4.000000000000000083e-02
9.935000000000000497e+00,2.999999999999999889e-02
9.936669999999999447e+00,4.200000000000000261e-02
9.938330000000000553e+00,5.000000000000000278e-02
9.939999999999999503e+00,4.200000000000000261e-02
9.941670000000000229e+00,2.800000000000000058e-02
9.943329999999999558e+00,3.899999999999999994e-02
9.945000000000000284e+00,4.499999999999999833e-02
9.946669999999999234e+00,3.699999999999999817e-02
9.948330000000000339e+00,2.599999999999999881e-02
9.949999999999999289e+00,3.500000000000000333e-02
9.951670000000000016e+00,4.299999999999999656e-02
9.953329999999999345e+00,3.799999999999999906e-02
9.955000000000000071e+00,2.599999999999999881e-02
9.956670000000000798e+00,3.699999999999999817e-02
9.958330000000000126e+00,4.399999999999999745e-02
9.960000000000000853e+00,3.500000000000000333e-02
9.961669999999999803e+00,2.000000000000000042e-02
9.963329999999999131e+00,2.900000000000000147e-02
9.964999999999999858e+00,4.000000000000000083e-02
9.966670000000000584e+00,3.599999999999999728e-02
9.968329999999999913e+00,2.800000000000000058e-02
9.970000000000000639e+00,3.799999999999999906e-02
9.971669999999999590e+00,4.800000000000000100e-02
9.973330000000000695e+00,4.299999999999999656e-02
9.974999999999999645e+00,2.999999999999999889e-02
9.976670000000000371e+00,4.100000000000000172e-02
9.978329999999999700e+00,5.199999999999999761e-02
9.980000000000000426e+00,4.599999999999999922e-02
9.981669999999999376e+00,3.099999999999999978e-02
9.983330000000000481e+00,3.500000000000000333e-02
9.984999999999999432e+00,4.499999999999999833e-02
9.986670000000000158e+00,4.000000000000000083e-02
9.988329999999999487e+00,2.599999999999999881e-02
9.990000000000000213e+00,3.500000000000000333e-02
9.991669999999999163e+00,4.800000000000000100e-02
9.993330000000000268e+00,4.599999999999999922e-02
9.994999999999999218e+00,3.200000000000000067e-02
9.996669999999999945e+00,3.500000000000000333e-02
9.998329999999999274e+00,4.299999999999999656e-02
1.000000000000000000e+01,4.499999999999999833e-02
1.000167000000000073e+01,3.300000000000000155e-02
1.000333000000000006e+01,3.799999999999999906e-02
1.000500000000000078e+01,4.900000000000000189e-02
1.000666999999999973e+01,4.599999999999999922e-02
1.000833000000000084e+01,3.200000000000000067e-02
1.000999999999999979e+01,3.799999999999999906e-02
1.001167000000000051e+01,5.099999999999999672e-02
1.001332999999999984e+01,4.900000000000000189e-02
1.001500000000000057e+01,3.699999999999999817e-02
1.001666999999999952e+01,4.000000000000000083e-02
1.001833000000000062e+01,5.199999999999999761e-02
1.001999999999999957e+01,5.000000000000000278e-02
1.002167000000000030e+01,3.699999999999999817e-02
1.002332999999999963e+01,4.000000000000000083e-02
1.002500000000000036e+01,5.099999999999999672e-02
1.002666999999999931e+01,4.900000000000000189e-02
1.002833000000000041e+01,3.699999999999999817e-02
1.002999999999999936e+01,3.799999999999999906e-02
1.003167000000000009e+01,4.800000000000000100e-02
1.003332999999999942e+01,4.900000000000000189e-02
1.003500000000000014e+01,4.000000000000000083e-02
1.003667000000000087e+01,3.899999999999999994e-02
1.003833000000000020e+01,5.099999999999999672e-02
1.003999999999999915e+01,5.399999999999999939e-02
1.004166999999999987e+01,4.200000000000000261e-02
1.004332999999999920e+01,4.299999999999999656e-02
1.004499999999999993e+01,5.600000000000000117e-02
1.004667000000000066e+01,5.399999999999999939e-02
1.004832999999999998e+01,4.000000000000000083e-02
1.005000000000000071e+01,3.599999999999999728e-02
1.005166999999999966e+01,4.499999999999999833e-02
1.005333000000000077e+01,4.299999999999999656e-02
1.005499999999999972e+01,3.099999999999999978e-02
1.005667000000000044e+01,3.300000000000000155e-02
1.005832999999999977e+01,5.099999999999999672e-02
1.006000000000000050e+01,5.399999999999999939e-02
1.006166999999999945e+01,4.399999999999999745e-02
1.006333000000000055e+01,4.200000000000000261e-02
1.006499999999999950e+01,5.399999999999999939e-02
1.006667000000000023e+01,5.299999999999999850e-02
1.006832999999999956e+01,3.799999999999999906e-02
1.007000000000000028e+01,3.500000000000000333e-02
1.007166999999999923e+01,5.000000000000000278e-02
1.007333000000000034e+01,5.099999999999999672e-02
1.007499999999999929e+01,4.000000000000000083e-02
1.007667000000000002e+01,3.799999999999999906e-02
1.007832999999999934e+01,5.000000000000000278e-02
1.008000000000000007e+01,4.900000000000000189e-02
1.008167000000000080e+01,3.699999999999999817e-02
1.008333000000000013e+01,3.300000000000000155e-02
1.008500000000000085e+01,4.700000000000000011e-02
1.008666999999999980e+01,4.900000000000000189e-02
1.008832999999999913e+01,3.799999999999999906e-02
1.008999999999999986e+01,3.599999999999999728e-02
1.009167000000000058e+01,5.000000000000000278e-02
1.009332999999999991e+01,5.099999999999999672e-02
1.009500000000000064e+01,4.000000000000000083e-02
1.009666999999999959e+01,3.599999999999999728e-02
1.009833000000000069e+01,4.900000000000000189e-02
1.009999999999999964e+01,5.299999999999999850e-02
1.010167000000000037e+01,4.399999999999999745e-02
1.010332999999999970e+01,3.500000000000000333e-02
1.010500000000000043e+01,4.800000000000000100e-02
1.010666999999999938e+01,4.800000000000000100e-02
1.010833000000000048e+01,3.899999999999999994e-02
1.010999999999999943e+01,2.900000000000000147e-02
1.011167000000000016e+01,4.000000000000000083e-02
1.011332999999999949e+01,4.599999999999999922e-02
1.011500000000000021e+01,4.000000000000000083e-02
1.011666999999999916e+01,3.400000000000000244e-02
1.011833000000000027e+01,5.000000000000000278e-02
1.011999999999999922e+01,5.500000000000000028e-02
1.012166999999999994e+01,4.800000000000000100e-02
1.012332999999999927e+01,4.399999999999999745e-02
1.012500000000000000e+01,5.899999999999999689e-02
1.012667000000000073e+01,6.300000000000000044e-02
1.012833000000000006e+01,5.299999999999999850e-02
1.013000000000000078e+01,4.299999999999999656e-02
1.013166999999999973e+01,5.199999999999999761e-02
1.013333000000000084e+01,5.299999999999999850e-02
1.013499999999999979e+01,4.100000000000000172e-02
1.013667000000000051e+01,3.400000000000000244e-02
1.013832999999999984e+01,5.000000000000000278e-02
1.014000000000000057e+01,5.800000000000000294e-02
1.014166999999999952e+01,5.000000000000000278e-02
1.014333000000000062e+01,3.599999999999999728e-02
1.014499999999999957e+01,4.599999999999999922e-02
1.014667000000000030e+01,5.000000000000000278e-02
1.014832999999999963e+01,4.299999999999999656e-02
1.015000000000000036e+01,3.699999999999999817e-02
1.015166999999999931e+01,5.000000000000000278e-02
1.015333000000000041e+01,5.899999999999999689e-02
1.015499999999999936e+01,5.199999999999999761e-02
1.015667000000000009e+01,4.100000000000000172e-02
1.015832999999999942e+01,5.000000000000000278e-02
1.016000000000000014e+01,5.700000000000000205e-02
1.016167000000000087e+01,4.499999999999999833e-02
1.016333000000000020e+01,3.300000000000000155e-02
1.016499999999999915e+01,4.200000000000000261e-02
1.016666999999999987e+01,5.199999999999999761e-02
1.016832999999999920e+01,4.599999999999999922e-02
1.016999999999999993e+01,3.400000000000000244e-02
1.017167000000000066e+01,4.800000000000000100e-02
1.017332999999999998e+01,5.700000000000000205e-02
1.017500000000000071e+01,5.199999999999999761e-02
1.017666999999999966e+01,4.200000000000000261e-02
1.017833000000000077e+01,5.399999999999999939e-02
1.017999999999999972e+01,5.899999999999999689e-02
1.018167000000000044e+01,5.299999999999999850e-02
1.018332999999999977e+01,4.200000000000000261e-02
1.018500000000000050e+01,4.900000000000000189e-02
1.018666999999999945e+01,5.800000000000000294e-02
1.018833000000000055e+01,5.500000000000000028e-02
1.018999999999999950e+01,4.100000000000000172e-02
1.019167000000000023e+01,4.499999999999999833e-02
1.019332999999999956e+01,5.399999999999999939e-02
1.019500000000000028e+01,5.099999999999999672e-02
1.019666999999999923e+01,3.899999999999999994e-02
1.019833000000000034e+01,4.399999999999999745e-02
1.019999999999999929e+01,5.199999999999999761e-02
1.020167000000000002e+01,5.000000000000000278e-02
1.020332999999999934e+01,3.699999999999999817e-02
1.020500000000000007e+01,4.299999999999999656e-02
1.020667000000000080e+01,5.199999999999999761e-02
1.020833000000000013e+01,5.000000000000000278e-02
1.021000000000000085e+01,4.100000000000000172e-02
1.021166999999999980e+01,4.599999999999999922e-02
1.021332999999999913e+01,5.500000000000000028e-02
1.021499999999999986e+01,5.299999999999999850e-02
1.021667000000000058e+01,4.100000000000000172e-02
1.021832999999999991e+01,4.800000000000000100e-02
1.022000000000000064e+01,5.800000000000000294e-02
1.022166999999999959e+01,5.399999999999999939e-02
1.022333000000000069e+01,4.100000000000000172e-02
1.022499999999999964e+01,4.599999999999999922e-02
1.022667000000000037e+01,5.500000000000000028e-02
1.022832999999999970e+01,5.199999999999999761e-02
1.023000000000000043e+01,3.699999999999999817e-02
1.023166999999999938e+01,4.200000000000000261e-02
1.023333000000000048e+01,5.299999999999999850e-02
1.023499999999999943e+01,5.099999999999999672e-02
1.023667000000000016e+01,3.799999999999999906e-02
1.023832999999999949e+01,4.399999999999999745e-02
1.024000000000000021e+01,5.399999999999999939e-02
1.024166999999999916e+01,5.299999999999999850e-02
1.024333000000000027e+01,4.299999999999999656e-02
1.024499999999999922e+01,4.700000000000000011e-02
1.024666999999999994e+01,5.800000000000000294e-02
1.024832999999999927e+01,5.600000000000000117e-02
1.025000000000000000e+01,4.399999999999999745e-02
1.025167000000000073e+01,4.599999999999999922e-02
1.025333000000000006e+01,5.500000000000000028e-02
1.025500000000000078e+01,5.399999999999999939e-02
1.025666999999999973e+01,4.200000000000000261e-02
1.025833000000000084e+01,4.800000000000000100e-02
1.025999999999999979e+01,5.899999999999999689e-02
1.026167000000000051e+01,5.500000000000000028e-02
1.026332999999999984e+01,4.100000000000000172e-02
1.026500000000000057e+01,4.299999999999999656e-02
1.026666999999999952e+01,5.299999999999999850e-02
1.026833000000000062e+01,5.099999999999999672e-02
1.026999999999999957e+01,3.599999999999999728e-02
1.027167000000000030e+01,3.799999999999999906e-02
1.027332999999999963e+01,5.099999999999999672e-02
1.027500000000000036e+01,5.199999999999999761e-02
1.027666999999999931e+01,3.799999999999999906e-02
1.027833000000000041e+01,3.799999999999999906e-02
1.027999999999999936e+01,4.800000000000000100e-02
1.028167000000000009e+01,4.800000000000000100e-02
1.028332999999999942e+01,3.899999999999999994e-02
1.028500000000000014e+01,4.299999999999999656e-02
1.028667000000000087e+01,5.600000000000000117e-02
1.028833000000000020e+01,6.099999999999999867e-02
1.028999999999999915e+01,5.099999999999999672e-02
1.029166999999999987e+01,4.700000000000000011e-02
1.029332999999999920e+01,5.500000000000000028e-02
1.029499999999999993e+01,5.399999999999999939e-02
1.029667000000000066e+01,4.299999999999999656e-02
1.029832999999999998e+01,3.799999999999999906e-02
1.030000000000000071e+01,5.199999999999999761e-02
1.030166999999999966e+01,5.600000000000000117e-02
1.030333000000000077e+01,4.200000000000000261e-02
1.030499999999999972e+01,3.699999999999999817e-02
1.030667000000000044e+01,5.000000000000000278e-02
1.030832999999999977e+01,5.099999999999999672e-02
1.031000000000000050e+01,4.100000000000000172e-02
1.031166999999999945e+01,3.500000000000000333e-02
1.031333000000000055e+01,4.800000000000000100e-02
1.031499999999999950e+01,5.099999999999999672e-02
1.031667000000000023e+01,3.799999999999999906e-02
1.031832999999999956e+01,3.300000000000000155e-02
1.032000000000000028e+01,4.599999999999999922e-02
1.032166999999999923e+01,4.900000000000000189e-02
1.032333000000000034e+01,3.799999999999999906e-02
1.032499999999999929e+01,3.099999999999999978e-02
1.032667000000000002e+01,4.399999999999999745e-02
1.032832999999999934e+01,5.000000000000000278e-02
1.033000000000000007e+01,4.399999999999999745e-02
1.033167000000000080e+01,3.699999999999999817e-02
1.033333000000000013e+01,4.900000000000000189e-02
1.033500000000000085e+01,5.500000000000000028e-02
1.033666999999999980e+01,4.900000000000000189e-02
1.033832999999999913e+01,4.100000000000000172e-02
1.033999999999999986e+01,5.000000000000000278e-02
1.034167000000000058e+01,5.600000000000000117e-02
1.034332999999999991e+01,4.800000000000000100e-02
1.034500000000000064e+01,4.100000000000000172e-02
1.034666999999999959e+01,5.399999999999999939e-02
1.034833000000000069e+01,5.999999999999999778e-02
1.034999999999999964e+01,5.199999999999999761e-02
1.035167000000000037e+01,4.200000000000000261e-02
1.035332999999999970e+01,5.299999999999999850e-02
1.035500000000000043e+01,5.899999999999999689e-02
1.035666999999999938e+01,4.900000000000000189e-02
1.035833000000000048e+01,3.599999999999999728e-02
1.035999999999999943e+01,4.499999999999999833e-02
1.036167000000000016e+01,5.000000000000000278e-02
1.036332999999999949e+01,4.200000000000000261e-02
1.036500000000000021e+01,2.999999999999999889e-02
1.036666999999999916e+01,3.899999999999999994e-02
1.036833000000000027e+01,4.700000000000000011e-02
1.036999999999999922e+01,4.000000000000000083e-02
1.037166999999999994e+01,2.999999999999999889e-02
1.037332999999999927e+01,4.200000000000000261e-02
1.037500000000000000e+01,5.000000000000000278e-02
1.037667000000000073e+01,3.799999999999999906e-02
1.037833000000000006e+01,2.699999999999999969e-02
1.038000000000000078e+01,4.000000000000000083e-02
1.038166999999999973e+01,5.299999999999999850e-02
1.038333000000000084e+01,5.299999999999999850e-02
1.038499999999999979e+01,4.399999999999999745e-02
1.038667000000000051e+01,5.399999999999999939e-02
1.038832999999999984e+01,5.800000000000000294e-02
1.039000000000000057e+01,5.000000000000000278e-02
1.039166999999999952e+01,3.699999999999999817e-02
1.039333000000000062e+01,4.399999999999999745e-02
1.039499999999999957e+01,5.199999999999999761e-02
1.039667000000000030e+01,4.800000000000000100e-02
1.039832999999999963e+01,3.899999999999999994e-02
1.040000000000000036e+01,4.700000000000000011e-02
1.040166999999999931e+01,5.199999999999999761e-02
1.040333000000000041e+01,4.700000000000000011e-02
1.040499999999999936e+01,3.599999999999999728e-02
1.040667000000000009e+01,4.399999999999999745e-02
1.040832999999999942e+01,5.099999999999999672e-02
1.041000000000000014e+01,4.900000000000000189e-02
1.041167000000000087e+01,3.799999999999999906e-02
1.041333000000000020e+01,5.000000000000000278e-02
1.041499999999999915e+01,5.999999999999999778e-02
1.041666999999999987e+01,5.399999999999999939e-02
1.041832999999999920e+01,4.000000000000000083e-02
1.041999999999999993e+01,5.000000000000000278e-02
1.042167000000000066e+01,5.899999999999999689e-02
1.042332999999999998e+01,5.700000000000000205e-02
1.042500000000000071e+01,3.799999999999999906e-02
1.042666999999999966e+01,4.599999999999999922e-02
1.042833000000000077e+01,5.600000000000000117e-02
1.042999999999999972e+01,5.099999999999999672e-02
1.043167000000000044e+01,3.899999999999999994e-02
1.043332999999999977e+01,4.900000000000000189e-02
1.043500000000000050e+01,5.199999999999999761e-02
1.043666999999999945e+01,5.000000000000000278e-02
1.043833000000000055e+01,3.599999999999999728e-02
1.043999999999999950e+01,4.399999999999999745e-02
1.044167000000000023e+01,5.199999999999999761e-02
1.044332999999999956e+01,5.099999999999999672e-02
1.044500000000000028e+01,4.000000000000000083e-02
1.044666999999999923e+01,4.700000000000000011e-02
1.044833000000000034e+01,5.600000000000000117e-02
1.044999999999999929e+01,5.600000000000000117e-02
1.045167000000000002e+01,4.200000000000000261e-02
1.045332999999999934e+01,4.499999999999999833e-02
1.045500000000000007e+01,5.399999999999999939e-02
1.045667000000000080e+01,5.199999999999999761e-02
1.045833000000000013e+01,4.200000000000000261e-02
1.046000000000000085e+01,4.599999999999999922e-02
1.046166999999999980e+01,5.299999999999999850e-02
1.046332999999999913e+01,5.199999999999999761e-02
1.046499999999999986e+01,4.000000000000000083e-02
1.046667000000000058e+01,4.599999999999999922e-02
1.046832999999999991e+01,5.600000000000000117e-02
1.047000000000000064e+01,5.600000000000000117e-02
1.047166999999999959e+01,4.299999999999999656e-02
1.047333000000000069e+01,4.100000000000000172e-02
1.047499999999999964e+01,5.099999999999999672e-02
1.047667000000000037e+01,5.099999999999999672e-02
1.047832999999999970e+01,3.599999999999999728e-02
1.048000000000000043e+01,3.699999999999999817e-02
1.048166999999999938e+01,5.000000000000000278e-02
1.048333000000000048e+01,5.000000000000000278e-02
1.048499999999999943e+01,3.599999999999999728e-02
1.048667000000000016e+01,3.599999999999999728e-02
1.048832999999999949e+01,5.099999999999999672e-02
1.049000000000000021e+01,5.199999999999999761e-02
1.049166999999999916e+01,3.699999999999999817e-02
1.049333000000000027e+01,3.500000000000000333e-02
1.049499999999999922e+01,4.599999999999999922e-02
1.049666999999999994e+01,4.800000000000000100e-02
1.049832999999999927e+01,4.000000000000000083e-02
1.050000000000000000e+01,4.100000000000000172e-02
1.050167000000000073e+01,5.899999999999999689e-02
1.050333000000000006e+01,6.400000000000000133e-02
1.050500000000000078e+01,5.399999999999999939e-02
1.050666999999999973e+01,5.399999999999999939e-02
1.050833000000000084e+01,6.700000000000000400e-02
1.050999999999999979e+01,6.800000000000000488e-02
1.051167000000000051e+01,5.800000000000000294e-02
1.051332999999999984e+01,5.600000000000000117e-02
1.051500000000000057e+01,6.600000000000000311e-02
1.051666999999999952e+01,6.700000000000000400e-02
1.051833000000000062e+01,5.299999999999999850e-02
1.051999999999999957e+01,4.700000000000000011e-02
1.052167000000000030e+01,6.099999999999999867e-02
1.052332999999999963e+01,6.300000000000000044e-02
1.052500000000000036e+01,5.000000000000000278e-02
1.052666999999999931e+01,4.299999999999999656e-02
1.052833000000000041e+01,5.800000000000000294e-02
1.052999999999999936e+01,6.199999999999999956e-02
1.053167000000000009e+01,4.800000000000000100e-02
1.053332999999999942e+01,4.200000000000000261e-02
1.053500000000000014e+01,5.899999999999999689e-02
1.053667000000000087e+01,6.199999999999999956e-02
1.053833000000000020e+01,5.199999999999999761e-02
1.053999999999999915e+01,4.599999999999999922e-02
1.054166999999999987e+01,5.899999999999999689e-02
1.054332999999999920e+01,6.199999999999999956e-02
1.054499999999999993e+01,5.099999999999999672e-02
1.054667000000000066e+01,4.100000000000000172e-02
1.054832999999999998e+01,5.500000000000000028e-02
1.055000000000000071e+01,5.899999999999999689e-02
1.055166999999999966e+01,5.199999999999999761e-02
1.055333000000000077e+01,4.200000000000000261e-02
1.055499999999999972e+01,5.399999999999999939e-02
1.055667000000000044e+01,5.999999999999999778e-02
1.055832999999999977e+01,5.000000000000000278e-02
1.056000000000000050e+01,3.699999999999999817e-02
1.056166999999999945e+01,5.000000000000000278e-02
1.056333000000000055e+01,5.700000000000000205e-02
1.056499999999999950e+01,4.800000000000000100e-02
1.056667000000000023e+01,3.899999999999999994e-02
1.056832999999999956e+01,5.500000000000000028e-02
1.057000000000000028e+01,6.300000000000000044e-02
1.057166999999999923e+01,5.800000000000000294e-02
1.057333000000000034e+01,5.000000000000000278e-02
1.057499999999999929e+01,6.400000000000000133e-02
1.057667000000000002e+01,6.800000000000000488e-02
1.057832999999999934e+01,5.600000000000000117e-02
1.058000000000000007e+01,4.200000000000000261e-02
1.058167000000000080e+01,5.500000000000000028e-02
1.058333000000000013e+01,5.899999999999999689e-02
1.058500000000000085e+01,5.099999999999999672e-02
1.058666999999999980e+01,4.100000000000000172e-02
1.058832999999999913e+01,5.199999999999999761e-02
1.058999999999999986e+01,5.999999999999999778e-02
1.059167000000000058e+01,5.099999999999999672e-02
1.059332999999999991e+01,3.899999999999999994e-02
1.059500000000000064e+01,5.199999999999999761e-02
1.059666999999999959e+01,5.899999999999999689e-02
1.059833000000000069e+01,5.099999999999999672e-02
1.059999999999999964e+01,3.899999999999999994e-02
1.060167000000000037e+01,5.099999999999999672e-02
1.060332999999999970e+01,5.700000000000000205e-02
1.060500000000000043e+01,5.299999999999999850e-02
1.060666999999999938e+01,4.000000000000000083e-02
1.060833000000000048e+01,4.900000000000000189e-02
1.060999999999999943e+01,5.600000000000000117e-02
1.061167000000000016e+01,4.900000000000000189e-02
1.061332999999999949e+01,3.899999999999999994e-02
1.061500000000000021e+01,4.800000000000000100e-02
1.061666999999999916e+01,5.299999999999999850e-02
1.061833000000000027e+01,4.700000000000000011e-02
1.061999999999999922e+01,3.099999999999999978e-02
1.062166999999999994e+01,4.299999999999999656e-02
1.062332999999999927e+01,5.299999999999999850e-02
1.062500000000000000e+01,4.900000000000000189e-02
1.062667000000000073e+01,3.699999999999999817e-02
1.062833000000000006e+01,4.499999999999999833e-02
1.063000000000000078e+01,5.299999999999999850e-02
1.063166999999999973e+01,5.099999999999999672e-02
1.063333000000000084e+01,3.500000000000000333e-02
1.063499999999999979e+01,4.299999999999999656e-02
1.063667000000000051e+01,4.900000000000000189e-02
1.063832999999999984e+01,4.399999999999999745e-02
1.064000000000000057e+01,2.999999999999999889e-02
1.064166999999999952e+01,3.400000000000000244e-02
1.064333000000000062e+01,4.599999999999999922e-02
1.064499999999999957e+01,4.599999999999999922e-02
1.064667000000000030e+01,3.099999999999999978e-02
1.064832999999999963e+01,3.699999999999999817e-02
1.065000000000000036e+01,4.900000000000000189e-02
1.065166999999999931e+01,4.800000000000000100e-02
1.065333000000000041e+01,3.599999999999999728e-02
1.065499999999999936e+01,4.000000000000000083e-02
1.065667000000000009e+01,5.299999999999999850e-02
1.065832999999999942e+01,5.000000000000000278e-02
1.066000000000000014e+01,3.300000000000000155e-02
1.066167000000000087e+01,3.699999999999999817e-02
1.066333000000000020e+01,4.700000000000000011e-02
1.066499999999999915e+01,4.700000000000000011e-02
1.066666999999999987e+01,3.400000000000000244e-02
1.066832999999999920e+01,3.899999999999999994e-02
1.066999999999999993e+01,5.099999999999999672e-02
1.067167000000000066e+01,4.900000000000000189e-02
1.067332999999999998e+01,4.000000000000000083e-02
1.067500000000000071e+01,4.299999999999999656e-02
1.067666999999999966e+01,5.600000000000000117e-02
1.067833000000000077e+01,5.600000000000000117e-02
1.067999999999999972e+01,4.299999999999999656e-02
1.068167000000000044e+01,4.200000000000000261e-02
1.068332999999999977e+01,5.399999999999999939e-02
1.068500000000000050e+01,5.099999999999999672e-02
1.068666999999999945e+01,3.599999999999999728e-02
1.068833000000000055e+01,3.699999999999999817e-02
1.068999999999999950e+01,5.000000000000000278e-02
1.069167000000000023e+01,5.199999999999999761e-02
1.069332999999999956e+01,4.399999999999999745e-02
1.069500000000000028e+01,4.399999999999999745e-02
1.069666999999999923e+01,5.700000000000000205e-02
1.069833000000000034e+01,5.700000000000000205e-02
1.069999999999999929e+01,4.499999999999999833e-02
1.070167000000000002e+01,4.000000000000000083e-02
1.070332999999999934e+01,5.399999999999999939e-02
1.070500000000000007e+01,5.500000000000000028e-02
1.070667000000000080e+01,4.100000000000000172e-02
1.070833000000000013e+01,3.799999999999999906e-02
1.071000000000000085e+01,5.500000000000000028e-02
1.071166999999999980e+01,5.800000000000000294e-02
1.071332999999999913e+01,4.800000000000000100e-02
1.071499999999999986e+01,4.200000000000000261e-02
1.071667000000000058e+01,5.299999999999999850e-02
1.071832999999999991e+01,5.500000000000000028e-02
1.072000000000000064e+01,4.200000000000000261e-02
1.072166999999999959e+01,3.599999999999999728e-02
1.072333000000000069e+01,5.000000000000000278e-02
1.072499999999999964e+01,4.900000000000000189e-02
1.072667000000000037e+01,3.400000000000000244e-02
1.072832999999999970e+01,2.599999999999999881e-02
1.073000000000000043e+01,4.100000000000000172e-02
1.073166999999999938e+01,4.399999999999999745e-02
1.073333000000000048e+01,3.500000000000000333e-02
1.073499999999999943e+01,2.999999999999999889e-02
1.073667000000000016e+01,4.299999999999999656e-02
1.073832999999999949e+01,4.900000000000000189e-02
1.074000000000000021e+01,3.899999999999999994e-02
1.074166999999999916e+01,2.999999999999999889e-02
1.074333000000000027e+01,4.399999999999999745e-02
1.074499999999999922e+01,5.000000000000000278e-02
1.074666999999999994e+01,4.299999999999999656e-02
1.074832999999999927e+01,3.799999999999999906e-02
1.075000000000000000e+01,5.500000000000000028e-02
1.075167000000000073e+01,5.600000000000000117e-02
1.075333000000000006e+01,4.499999999999999833e-02
1.075500000000000078e+01,3.400000000000000244e-02
1.075666999999999973e+01,4.900000000000000189e-02
1.075833000000000084e+01,5.600000000000000117e-02
1.075999999999999979e+01,4.800000000000000100e-02
1.076167000000000051e+01,3.699999999999999817e-02
1.076332999999999984e+01,5.099999999999999672e-02
1.076500000000000057e+01,5.999999999999999778e-02
1.076666999999999952e+01,5.000000000000000278e-02
1.076833000000000062e+01,3.799999999999999906e-02
1.076999999999999957e+01,4.900000000000000189e-02
1.077167000000000030e+01,5.700000000000000205e-02
1.077332999999999963e+01,4.900000000000000189e-02
1.077500000000000036e+01,3.799999999999999906e-02
1.077666999999999931e+01,4.900000000000000189e-02
1.077833000000000041e+01,5.399999999999999939e-02
1.077999999999999936e+01,4.599999999999999922e-02
1.078167000000000009e+01,3.400000000000000244e-02
1.078332999999999942e+01,4.700000000000000011e-02
1.078500000000000014e+01,5.500000000000000028e-02
1.078667000000000087e+01,4.800000000000000100e-02
1.078833000000000020e+01,3.699999999999999817e-02
1.078999999999999915e+01,5.199999999999999761e-02
1.079166999999999987e+01,5.600000000000000117e-02
1.079332999999999920e+01,4.800000000000000100e-02
1.079499999999999993e+01,3.300000000000000155e-02
1.079667000000000066e+01,4.200000000000000261e-02
1.079832999999999998e+01,4.900000000000000189e-02
1.080000000000000071e+01,4.399999999999999745e-02
1.080166999999999966e+01,3.599999999999999728e-02
1.080333000000000077e+01,4.900000000000000189e-02
1.080499999999999972e+01,5.399999999999999939e-02
1.080667000000000044e+01,4.700000000000000011e-02
1.080832999999999977e+01,3.400000000000000244e-02
1.081000000000000050e+01,4.200000000000000261e-02
1.081166999999999945e+01,4.900000000000000189e-02
1.081333000000000055e+01,4.399999999999999745e-02
1.081499999999999950e+01,3.099999999999999978e-02
1.081667000000000023e+01,4.499999999999999833e-02
1.081832999999999956e+01,5.500000000000000028e-02
1.082000000000000028e+01,5.099999999999999672e-02
1.082166999999999923e+01,4.200000000000000261e-02
1.082333000000000034e+01,5.299999999999999850e-02
1.082499999999999929e+01,6.199999999999999956e-02
1.082667000000000002e+01,5.500000000000000028e-02
1.082832999999999934e+01,4.200000000000000261e-02
1.083000000000000007e+01,5.099999999999999672e-02
1.083167000000000080e+01,5.800000000000000294e-02
1.083333000000000013e+01,5.299999999999999850e-02
1.083500000000000085e+01,4.299999999999999656e-02
1.083666999999999980e+01,5.199999999999999761e-02
1.083832999999999913e+01,6.099999999999999867e-02
1.083999999999999986e+01,5.800000000000000294e-02
1.084167000000000058e+01,4.599999999999999922e-02
1.084332999999999991e+01,5.000000000000000278e-02
1.084500000000000064e+01,6.099999999999999867e-02
1.084666999999999959e+01,5.899999999999999689e-02
1.084833000000000069e+01,4.499999999999999833e-02
1.084999999999999964e+01,5.099999999999999672e-02
1.085167000000000037e+01,6.199999999999999956e-02
1.085332999999999970e+01,5.899999999999999689e-02
1.085500000000000043e+01,4.599999999999999922e-02
1.085666999999999938e+01,5.000000000000000278e-02
1.085833000000000048e+01,6.500000000000000222e-02
1.085999999999999943e+01,6.400000000000000133e-02
1.086167000000000016e+01,5.399999999999999939e-02
1.086332999999999949e+01,5.700000000000000205e-02
1.086500000000000021e+01,6.600000000000000311e-02
1.086666999999999916e+01,6.600000000000000311e-02
1.086833000000000027e+01,5.199999999999999761e-02
1.086999999999999922e+01,5.099999999999999672e-02
1.087166999999999994e+01,6.199999999999999956e-02
1.087332999999999927e+01,5.700000000000000205e-02
1.087500000000000000e+01,4.299999999999999656e-02
1.087667000000000073e+01,4.299999999999999656e-02
1.087833000000000006e+01,5.600000000000000117e-02
1.088000000000000078e+01,5.600000000000000117e-02
1.088166999999999973e+01,4.100000000000000172e-02
1.088333000000000084e+01,4.000000000000000083e-02
1.088499999999999979e+01,5.199999999999999761e-02
1.088667000000000051e+01,4.800000000000000100e-02
1.088832999999999984e+01,3.400000000000000244e-02
1.089000000000000057e+01,3.400000000000000244e-02
1.089166999999999952e+01,5.000000000000000278e-02
1.089333000000000062e+01,5.299999999999999850e-02
1.089499999999999957e+01,4.200000000000000261e-02
1.089667000000000030e+01,4.000000000000000083e-02
1.089832999999999963e+01,5.299999999999999850e-02
1.090000000000000036e+01,5.199999999999999761e-02
1.090166999999999931e+01,3.699999999999999817e-02
1.090333000000000041e+01,3.799999999999999906e-02
1.090499999999999936e+01,5.299999999999999850e-02
1.090667000000000009e+01,5.199999999999999761e-02
1.090832999999999942e+01,4.000000000000000083e-02
1.091000000000000014e+01,4.100000000000000172e-02
1.091167000000000087e+01,5.500000000000000028e-02
1.091333000000000020e+01,5.600000000000000117e-02
1.091499999999999915e+01,4.499999999999999833e-02
1.091666999999999987e+01,4.200000000000000261e-02
1.091832999999999920e+01,5.500000000000000028e-02
1.091999999999999993e+01,5.299999999999999850e-02
1.092167000000000066e+01,4.200000000000000261e-02
1.092332999999999998e+01,3.899999999999999994e-02
1.092500000000000071e+01,5.000000000000000278e-02
1.092666999999999966e+01,5.000000000000000278e-02
1.092833000000000077e+01,3.899999999999999994e-02
1.092999999999999972e+01,4.000000000000000083e-02
1.093167000000000044e+01,5.299999999999999850e-02
1.093332999999999977e+01,5.500000000000000028e-02
1.093500000000000050e+01,4.499999999999999833e-02
1.093666999999999945e+01,4.000000000000000083e-02
1.093833000000000055e+01,5.199999999999999761e-02
1.093999999999999950e+01,5.399999999999999939e-02
1.094167000000000023e+01,4.100000000000000172e-02
1.094332999999999956e+01,3.599999999999999728e-02
1.094500000000000028e+01,5.000000000000000278e-02
1.094666999999999923e+01,5.600000000000000117e-02
1.094833000000000034e+01,4.599999999999999922e-02
1.094999999999999929e+01,3.599999999999999728e-02
1.095167000000000002e+01,4.599999999999999922e-02
1.095332999999999934e+01,4.900000000000000189e-02
1.095500000000000007e+01,3.500000000000000333e-02
1.095667000000000080e+01,2.800000000000000058e-02
1.095833000000000013e+01,4.200000000000000261e-02
1.096000000000000085e+01,4.800000000000000100e-02
1.096166999999999980e+01,3.799999999999999906e-02
1.096332999999999913e+01,3.300000000000000155e-02
1.096499999999999986e+01,4.499999999999999833e-02
1.096667000000000058e+01,5.000000000000000278e-02
1.096832999999999991e+01,4.000000000000000083e-02
1.097000000000000064e+01,3.500000000000000333e-02
1.097166999999999959e+01,4.900000000000000189e-02
1.097333000000000069e+01,5.399999999999999939e-02
1.097499999999999964e+01,4.599999999999999922e-02
1.097667000000000037e+01,4.100000000000000172e-02
1.097832999999999970e+01,5.299999999999999850e-02
1.098000000000000043e+01,5.800000000000000294e-02
1.098166999999999938e+01,4.900000000000000189e-02
1.098333000000000048e+01,4.000000000000000083e-02
1.098499999999999943e+01,5.399999999999999939e-02
1.098667000000000016e+01,5.800000000000000294e-02
1.098832999999999949e+01,4.800000000000000100e-02
1.099000000000000021e+01,4.000000000000000083e-02
1.099166999999999916e+01,5.299999999999999850e-02
1.099333000000000027e+01,6.099999999999999867e-02
1.099499999999999922e+01,5.500000000000000028e-02
1.099666999999999994e+01,4.700000000000000011e-02
1.099832999999999927e+01,5.999999999999999778e-02
1.100000000000000000e+01,7.000000000000000666e-02
1.100167000000000073e+01,6.400000000000000133e-02
1.100333000000000006e+01,5.299999999999999850e-02
1.100500000000000078e+01,6.300000000000000044e-02
1.100666999999999973e+01,6.900000000000000577e-02
1.100833000000000084e+01,6.099999999999999867e-02
1.100999999999999979e+01,4.900000000000000189e-02
1.101167000000000051e+01,5.700000000000000205e-02
1.101332999999999984e+01,6.600000000000000311e-02
1.101500000000000057e+01,5.800000000000000294e-02
1.101666999999999952e+01,4.499999999999999833e-02
1.101833000000000062e+01,5.399999999999999939e-02
1.101999999999999957e+01,6.400000000000000133e-02
1.102167000000000030e+01,6.099999999999999867e-02
1.102332999999999963e+01,5.000000000000000278e-02
1.102500000000000036e+01,5.800000000000000294e-02
1.102666999999999931e+01,6.500000000000000222e-02
1.102833000000000041e+01,5.800000000000000294e-02
1.102999999999999936e+01,4.700000000000000011e-02
1.103167000000000009e+01,5.000000000000000278e-02
1.103332999999999942e+01,5.299999999999999850e-02
1.103500000000000014e+01,4.599999999999999922e-02
1.103667000000000087e+01,3.300000000000000155e-02
1.103833000000000020e+01,4.399999999999999745e-02
1.103999999999999915e+01,5.700000000000000205e-02
1.104166999999999987e+01,5.399999999999999939e-02
1.104332999999999920e+01,4.499999999999999833e-02
1.104499999999999993e+01,5.199999999999999761e-02
1.104667000000000066e+01,5.700000000000000205e-02
1.104832999999999998e+01,5.299999999999999850e-02
1.105000000000000071e+01,4.200000000000000261e-02
1.105166999999999966e+01,4.900000000000000189e-02
1.105333000000000077e+01,6.099999999999999867e-02
1.105499999999999972e+01,5.700000000000000205e-02
1.105667000000000044e+01,4.499999999999999833e-02
1.105832999999999977e+01,5.000000000000000278e-02
1.106000000000000050e+01,5.399999999999999939e-02
1.106166999999999945e+01,5.000000000000000278e-02
1.106333000000000055e+01,4.200000000000000261e-02
1.106499999999999950e+01,5.099999999999999672e-02
1.106667000000000023e+01,5.999999999999999778e-02
1.106832999999999956e+01,5.700000000000000205e-02
1.107000000000000028e+01,4.299999999999999656e-02
1.107166999999999923e+01,4.900000000000000189e-02
1.107333000000000034e+01,5.999999999999999778e-02
1.107499999999999929e+01,5.999999999999999778e-02
1.107667000000000002e+01,4.900000000000000189e-02
1.107832999999999934e+01,5.299999999999999850e-02
1.108000000000000007e+01,5.999999999999999778e-02
1.108167000000000080e+01,5.600000000000000117e-02
1.108333000000000013e+01,4.499999999999999833e-02
1.108500000000000085e+01,5.199999999999999761e-02
1.108666999999999980e+01,5.899999999999999689e-02
1.108832999999999913e+01,5.700000000000000205e-02
1.108999999999999986e+01,4.399999999999999745e-02
1.109167000000000058e+01,4.299999999999999656e-02
1.109332999999999991e+01,5.199999999999999761e-02
1.109500000000000064e+01,5.299999999999999850e-02
1.109666999999999959e+01,4.299999999999999656e-02
1.109833000000000069e+01,4.599999999999999922e-02
1.109999999999999964e+01,5.600000000000000117e-02
1.110167000000000037e+01,5.500000000000000028e-02
1.110332999999999970e+01,4.299999999999999656e-02
1.110500000000000043e+01,4.399999999999999745e-02
1.110666999999999938e+01,5.299999999999999850e-02
1.110833000000000048e+01,5.099999999999999672e-02
1.110999999999999943e+01,3.599999999999999728e-02
1.111167000000000016e+01,3.799999999999999906e-02
1.111332999999999949e+01,5.000000000000000278e-02
1.111500000000000021e+01,5.399999999999999939e-02
1.111666999999999916e+01,4.200000000000000261e-02
1.111833000000000027e+01,4.599999999999999922e-02
1.111999999999999922e+01,5.600000000000000117e-02
1.112166999999999994e+01,5.600000000000000117e-02
1.112332999999999927e+01,4.200000000000000261e-02
1.112500000000000000e+01,4.000000000000000083e-02
1.112667000000000073e+01,5.099999999999999672e-02
1.112833000000000006e+01,5.199999999999999761e-02
1.113000000000000078e+01,3.899999999999999994e-02
1.113166999999999973e+01,3.799999999999999906e-02
1.113333000000000084e+01,4.900000000000000189e-02
1.113499999999999979e+01,5.199999999999999761e-02
1.113667000000000051e+01,4.399999999999999745e-02
1.113832999999999984e+01,4.299999999999999656e-02
1.114000000000000057e+01,5.299999999999999850e-02
1.114166999999999952e+01,5.800000000000000294e-02
1.114333000000000062e+01,5.000000000000000278e-02
1.114499999999999957e+01,4.700000000000000011e-02
1.114667000000000030e+01,6.199999999999999956e-02
1.114832999999999963e+01,6.700000000000000400e-02
1.115000000000000036e+01,5.800000000000000294e-02
1.115166999999999931e+01,5.299999999999999850e-02
1.115333000000000041e+01,6.700000000000000400e-02
1.115499999999999936e+01,6.800000000000000488e-02
1.115667000000000009e+01,5.700000000000000205e-02
1.115832999999999942e+01,5.600000000000000117e-02
1.116000000000000014e+01,7.000000000000000666e-02
1.116167000000000087e+01,7.299999999999999545e-02
1.116333000000000020e+01,5.700000000000000205e-02
1.116499999999999915e+01,4.800000000000000100e-02
1.116666999999999987e+01,5.899999999999999689e-02
1.116832999999999920e+01,6.199999999999999956e-02
1.116999999999999993e+01,5.000000000000000278e-02
1.117167000000000066e+01,4.299999999999999656e-02
1.117332999999999998e+01,5.600000000000000117e-02
1.117500000000000071e+01,5.899999999999999689e-02
1.117666999999999966e+01,5.000000000000000278e-02
1.117833000000000077e+01,4.299999999999999656e-02
1.117999999999999972e+01,5.500000000000000028e-02
1.118167000000000044e+01,5.999999999999999778e-02
1.118332999999999977e+01,5.000000000000000278e-02
1.118500000000000050e+01,4.299999999999999656e-02
1.118666999999999945e+01,5.399999999999999939e-02
1.118833000000000055e+01,5.700000000000000205e-02
1.118999999999999950e+01,5.000000000000000278e-02
1.119167000000000023e+01,4.599999999999999922e-02
1.119332999999999956e+01,6.199999999999999956e-02
1.119500000000000028e+01,6.700000000000000400e-02
1.119666999999999923e+01,6.199999999999999956e-02
1.119833000000000034e+01,5.199999999999999761e-02
1.119999999999999929e+01,6.099999999999999867e-02
1.120167000000000002e+01,6.500000000000000222e-02
1.120332999999999934e+01,5.500000000000000028e-02
1.120500000000000007e+01,4.499999999999999833e-02
1.120667000000000080e+01,5.800000000000000294e-02
1.120833000000000013e+01,6.099999999999999867e-02
1.121000000000000085e+01,5.299999999999999850e-02
1.121166999999999980e+01,4.700000000000000011e-02
1.121332999999999913e+01,6.099999999999999867e-02
1.121499999999999986e+01,6.199999999999999956e-02
1.121667000000000058e+01,5.500000000000000028e-02
1.121832999999999991e+01,4.900000000000000189e-02
1.122000000000000064e+01,5.800000000000000294e-02
1.122166999999999959e+01,6.500000000000000222e-02
1.122333000000000069e+01,5.700000000000000205e-02
1.122499999999999964e+01,4.599999999999999922e-02
1.122667000000000037e+01,5.600000000000000117e-02
1.122832999999999970e+01,6.300000000000000044e-02
1.123000000000000043e+01,5.399999999999999939e-02
1.123166999999999938e+01,4.200000000000000261e-02
1.123333000000000048e+01,5.399999999999999939e-02
1.123499999999999943e+01,5.999999999999999778e-02
1.123667000000000016e+01,5.399999999999999939e-02
1.123832999999999949e+01,4.200000000000000261e-02
1.124000000000000021e+01,5.299999999999999850e-02
1.124166999999999916e+01,6.199999999999999956e-02
1.124333000000000027e+01,5.399999999999999939e-02
1.124499999999999922e+01,3.899999999999999994e-02
1.124666999999999994e+01,5.099999999999999672e-02
1.124832999999999927e+01,5.800000000000000294e-02
1.125000000000000000e+01,5.399999999999999939e-02
1.125167000000000073e+01,4.200000000000000261e-02
1.125333000000000006e+01,5.500000000000000028e-02
1.125500000000000078e+01,6.199999999999999956e-02
1.125666999999999973e+01,5.800000000000000294e-02
1.125833000000000084e+01,4.100000000000000172e-02
1.125999999999999979e+01,4.800000000000000100e-02
1.126167000000000051e+01,5.399999999999999939e-02
1.126332999999999984e+01,4.900000000000000189e-02
1.126500000000000057e+01,3.599999999999999728e-02
1.126666999999999952e+01,4.299999999999999656e-02
1.126833000000000062e+01,5.000000000000000278e-02
1.126999999999999957e+01,5.000000000000000278e-02
1.127167000000000030e+01,3.899999999999999994e-02
1.127332999999999963e+01,5.000000000000000278e-02
1.127500000000000036e+01,6.099999999999999867e-02
1.127666999999999931e+01,6.099999999999999867e-02
1.127833000000000041e+01,4.700000000000000011e-02
1.127999999999999936e+01,5.500000000000000028e-02
1.128167000000000009e+01,6.600000000000000311e-02
1.128332999999999942e+01,6.500000000000000222e-02
1.128500000000000014e+01,5.000000000000000278e-02
1.128667000000000087e+01,5.600000000000000117e-02
1.128833000000000020e+01,6.700000000000000400e-02
1.128999999999999915e+01,6.600000000000000311e-02
1.129166999999999987e+01,5.399999999999999939e-02
1.129332999999999920e+01,6.199999999999999956e-02
1.129499999999999993e+01,6.900000000000000577e-02
1.129667000000000066e+01,6.400000000000000133e-02
1.129832999999999998e+01,5.099999999999999672e-02
1.130000000000000071e+01,5.700000000000000205e-02
1.130166999999999966e+01,6.600000000000000311e-02
1.130333000000000077e+01,5.999999999999999778e-02
1.130499999999999972e+01,4.299999999999999656e-02
1.130667000000000044e+01,5.000000000000000278e-02
1.130832999999999977e+01,5.999999999999999778e-02
1.131000000000000050e+01,6.099999999999999867e-02
1.131166999999999945e+01,4.700000000000000011e-02
1.131333000000000055e+01,5.199999999999999761e-02
1.131499999999999950e+01,6.300000000000000044e-02
1.131667000000000023e+01,6.500000000000000222e-02
1.131832999999999956e+01,4.900000000000000189e-02
1.132000000000000028e+01,5.199999999999999761e-02
1.132166999999999923e+01,6.500000000000000222e-02
1.132333000000000034e+01,6.800000000000000488e-02
1.132499999999999929e+01,5.399999999999999939e-02
1.132667000000000002e+01,5.500000000000000028e-02
1.132832999999999934e+01,6.800000000000000488e-02
1.133000000000000007e+01,6.500000000000000222e-02
1.133167000000000080e+01,5.199999999999999761e-02
1.133333000000000013e+01,5.399999999999999939e-02
1.133500000000000085e+01,6.800000000000000488e-02
1.133666999999999980e+01,7.000000000000000666e-02
1.133832999999999913e+01,5.899999999999999689e-02
1.133999999999999986e+01,5.399999999999999939e-02
1.134167000000000058e+01,6.300000000000000044e-02
1.134332999999999991e+01,6.500000000000000222e-02
1.134500000000000064e+01,5.299999999999999850e-02
1.134666999999999959e+01,4.700000000000000011e-02
1.134833000000000069e+01,5.999999999999999778e-02
1.134999999999999964e+01,6.500000000000000222e-02
1.135167000000000037e+01,5.199999999999999761e-02
1.135332999999999970e+01,5.000000000000000278e-02
1.135500000000000043e+01,6.099999999999999867e-02
1.135666999999999938e+01,5.999999999999999778e-02
1.135833000000000048e+01,4.800000000000000100e-02
1.135999999999999943e+01,4.399999999999999745e-02
1.136167000000000016e+01,5.600000000000000117e-02
1.136332999999999949e+01,6.199999999999999956e-02
1.136500000000000021e+01,5.500000000000000028e-02
1.136666999999999916e+01,4.900000000000000189e-02
1.136833000000000027e+01,5.999999999999999778e-02
1.136999999999999922e+01,6.300000000000000044e-02
1.137166999999999994e+01,5.199999999999999761e-02
1.137332999999999927e+01,4.800000000000000100e-02
1.137500000000000000e+01,6.199999999999999956e-02
1.137667000000000073e+01,6.400000000000000133e-02
1.137833000000000006e+01,5.199999999999999761e-02
1.138000000000000078e+01,4.800000000000000100e-02
1.138166999999999973e+01,6.199999999999999956e-02
1.138333000000000084e+01,6.300000000000000044e-02
1.138499999999999979e+01,5.399999999999999939e-02
1.138667000000000051e+01,4.700000000000000011e-02
1.138832999999999984e+01,5.700000000000000205e-02
1.139000000000000057e+01,5.999999999999999778e-02
1.139166999999999952e+01,5.000000000000000278e-02
1.139333000000000062e+01,4.100000000000000172e-02
1.139499999999999957e+01,5.500000000000000028e-02
1.139667000000000030e+01,6.199999999999999956e-02
1.139832999999999963e+01,5.500000000000000028e-02
1.140000000000000036e+01,4.499999999999999833e-02
1.140166999999999931e+01,5.700000000000000205e-02
1.140333000000000041e+01,6.199999999999999956e-02
1.140499999999999936e+01,5.199999999999999761e-02
1.140667000000000009e+01,4.000000000000000083e-02
1.140832999999999942e+01,5.299999999999999850e-02
1.141000000000000014e+01,6.099999999999999867e-02
1.141167000000000087e+01,5.299999999999999850e-02
1.141333000000000020e+01,3.899999999999999994e-02
1.141499999999999915e+01,5.000000000000000278e-02
1.141666999999999987e+01,5.600000000000000117e-02
1.141832999999999920e+01,5.000000000000000278e-02
1.141999999999999993e+01,4.100000000000000172e-02
1.142167000000000066e+01,5.800000000000000294e-02
1.142332999999999998e+01,6.500000000000000222e-02
1.142500000000000071e+01,5.800000000000000294e-02
1.142666999999999966e+01,4.399999999999999745e-02
1.142833000000000077e+01,6.099999999999999867e-02
1.142999999999999972e+01,6.600000000000000311e-02
1.143167000000000044e+01,6.099999999999999867e-02
1.143332999999999977e+01,5.399999999999999939e-02
1.143500000000000050e+01,6.600000000000000311e-02
1.143666999999999945e+01,7.099999999999999367e-02
1.143833000000000055e+01,6.500000000000000222e-02
1.143999999999999950e+01,5.299999999999999850e-02
1.144167000000000023e+01,6.600000000000000311e-02
1.144332999999999956e+01,7.299999999999999545e-02
1.144500000000000028e+01,6.600000000000000311e-02
1.144666999999999923e+01,5.399999999999999939e-02
1.144833000000000034e+01,6.500000000000000222e-02
1.144999999999999929e+01,7.299999999999999545e-02
1.145167000000000002e+01,6.900000000000000577e-02
1.145332999999999934e+01,5.500000000000000028e-02
1.145500000000000007e+01,6.600000000000000311e-02
1.145667000000000080e+01,7.199999999999999456e-02
1.145833000000000013e+01,6.400000000000000133e-02
1.146000000000000085e+01,4.800000000000000100e-02
1.146166999999999980e+01,5.800000000000000294e-02
1.146332999999999913e+01,6.300000000000000044e-02
1.146499999999999986e+01,5.999999999999999778e-02
1.146667000000000058e+01,4.800000000000000100e-02
1.146832999999999991e+01,5.600000000000000117e-02
1.147000000000000064e+01,6.700000000000000400e-02
1.147166999999999959e+01,6.199999999999999956e-02
1.147333000000000069e+01,4.700000000000000011e-02
1.147499999999999964e+01,5.600000000000000117e-02
1.147667000000000037e+01,6.600000000000000311e-02
1.147832999999999970e+01,6.300000000000000044e-02
1.148000000000000043e+01,5.000000000000000278e-02
1.148166999999999938e+01,5.800000000000000294e-02
1.148333000000000048e+01,7.000000000000000666e-02
1.148499999999999943e+01,6.800000000000000488e-02
1.148667000000000016e+01,5.199999999999999761e-02
1.148832999999999949e+01,5.600000000000000117e-02
1.149000000000000021e+01,6.600000000000000311e-02
1.149166999999999916e+01,6.300000000000000044e-02
1.149333000000000027e+01,4.900000000000000189e-02
1.149499999999999922e+01,5.399999999999999939e-02
1.149666999999999994e+01,6.500000000000000222e-02
1.149832999999999927e+01,6.099999999999999867e-02
1.150000000000000000e+01,4.700000000000000011e-02
1.150167000000000073e+01,5.099999999999999672e-02
1.150333000000000006e+01,6.099999999999999867e-02
1.150500000000000078e+01,5.700000000000000205e-02
1.150666999999999973e+01,4.399999999999999745e-02
1.150833000000000084e+01,4.900000000000000189e-02
1.150999999999999979e+01,6.099999999999999867e-02
1.151167000000000051e+01,6.199999999999999956e-02
1.151332999999999984e+01,4.800000000000000100e-02
1.151500000000000057e+01,5.199999999999999761e-02
1.151666999999999952e+01,6.400000000000000133e-02
1.151833000000000062e+01,6.400000000000000133e-02
1.151999999999999957e+01,5.199999999999999761e-02
1.152167000000000030e+01,5.299999999999999850e-02
1.152332999999999963e+01,6.500000000000000222e-02
1.152500000000000036e+01,6.400000000000000133e-02
1.152666999999999931e+01,5.099999999999999672e-02
1.152833000000000041e+01,5.700000000000000205e-02
1.152999999999999936e+01,6.900000000000000577e-02
1.153167000000000009e+01,6.300000000000000044e-02
1.153332999999999942e+01,4.599999999999999922e-02
1.153500000000000014e+01,4.499999999999999833e-02
1.153667000000000087e+01,5.700000000000000205e-02
1.153833000000000020e+01,5.600000000000000117e-02
1.153999999999999915e+01,4.499999999999999833e-02
1.154166999999999987e+01,4.599999999999999922e-02
1.154332999999999920e+01,6.199999999999999956e-02
1.154499999999999993e+01,6.300000000000000044e-02
1.154667000000000066e+01,5.099999999999999672e-02
1.154832999999999998e+01,5.099999999999999672e-02
1.155000000000000071e+01,6.500000000000000222e-02
1.155166999999999966e+01,6.199999999999999956e-02
1.155333000000000077e+01,4.900000000000000189e-02
1.155499999999999972e+01,4.499999999999999833e-02
1.155667000000000044e+01,5.899999999999999689e-02
1.155832999999999977e+01,5.600000000000000117e-02
1.156000000000000050e+01,4.299999999999999656e-02
1.156166999999999945e+01,4.000000000000000083e-02
1.156333000000000055e+01,5.399999999999999939e-02
1.156499999999999950e+01,6.099999999999999867e-02
1.156667000000000023e+01,4.900000000000000189e-02
1.156832999999999956e+01,4.499999999999999833e-02
1.157000000000000028e+01,5.899999999999999689e-02
1.157166999999999923e+01,5.999999999999999778e-02
1.157333000000000034e+01,5.000000000000000278e-02
1.157499999999999929e+01,4.299999999999999656e-02
1.157667000000000002e+01,5.800000000000000294e-02
1.157832999999999934e+01,6.099999999999999867e-02
1.158000000000000007e+01,5.299999999999999850e-02
1.158167000000000080e+01,4.599999999999999922e-02
1.158333000000000013e+01,6.199999999999999956e-02
1.158500000000000085e+01,6.300000000000000044e-02
1.158666999999999980e+01,4.900000000000000189e-02
1.158832999999999913e+01,3.899999999999999994e-02
1.158999999999999986e+01,5.399999999999999939e-02
1.159167000000000058e+01,5.800000000000000294e-02
1.159332999999999991e+01,4.599999999999999922e-02
1.159500000000000064e+01,4.000000000000000083e-02
1.159666999999999959e+01,5.600000000000000117e-02
1.159833000000000069e+01,5.999999999999999778e-02
1.159999999999999964e+01,5.000000000000000278e-02
1.160167000000000037e+01,4.200000000000000261e-02
1.160332999999999970e+01,5.299999999999999850e-02
1.160500000000000043e+01,5.800000000000000294e-02
1.160666999999999938e+01,5.099999999999999672e-02
1.160833000000000048e+01,4.399999999999999745e-02
1.160999999999999943e+01,6.099999999999999867e-02
1.161167000000000016e+01,6.700000000000000400e-02
1.161332999999999949e+01,5.600000000000000117e-02
1.161500000000000021e+01,4.599999999999999922e-02
1.161666999999999916e+01,5.700000000000000205e-02
1.161833000000000027e+01,6.099999999999999867e-02
1.161999999999999922e+01,5.399999999999999939e-02
1.162166999999999994e+01,4.599999999999999922e-02
1.162332999999999927e+01,5.700000000000000205e-02
1.162500000000000000e+01,6.199999999999999956e-02
1.162667000000000073e+01,5.299999999999999850e-02
1.162833000000000006e+01,4.299999999999999656e-02
1.163000000000000078e+01,5.500000000000000028e-02
1.163166999999999973e+01,6.300000000000000044e-02
1.163333000000000084e+01,5.800000000000000294e-02
1.163499999999999979e+01,4.800000000000000100e-02
1.163667000000000051e+01,5.899999999999999689e-02
1.163832999999999984e+01,6.199999999999999956e-02
1.164000000000000057e+01,5.500000000000000028e-02
1.164166999999999952e+01,4.200000000000000261e-02
1.164333000000000062e+01,5.299999999999999850e-02
1.164499999999999957e+01,6.099999999999999867e-02
1.164667000000000030e+01,5.600000000000000117e-02
1.164832999999999963e+01,4.399999999999999745e-02
1.165000000000000036e+01,5.500000000000000028e-02
1.165166999999999931e+01,5.999999999999999778e-02
1.165333000000000041e+01,5.199999999999999761e-02
1.165499999999999936e+01,4.299999999999999656e-02
1.165667000000000009e+01,5.299999999999999850e-02
1.165832999999999942e+01,6.199999999999999956e-02
1.166000000000000014e+01,5.700000000000000205e-02
1.166167000000000087e+01,4.599999999999999922e-02
1.166333000000000020e+01,5.600000000000000117e-02
1.166499999999999915e+01,6.400000000000000133e-02
1.166666999999999987e+01,5.999999999999999778e-02
1.166832999999999920e+01,4.900000000000000189e-02
1.166999999999999993e+01,5.800000000000000294e-02
1.167167000000000066e+01,6.500000000000000222e-02
1.167332999999999998e+01,5.999999999999999778e-02
1.167500000000000071e+01,4.800000000000000100e-02
1.167666999999999966e+01,5.399999999999999939e-02
1.167833000000000077e+01,6.300000000000000044e-02
1.167999999999999972e+01,5.999999999999999778e-02
1.168167000000000044e+01,5.000000000000000278e-02
1.168332999999999977e+01,5.899999999999999689e-02
1.168500000000000050e+01,6.700000000000000400e-02
1.168666999999999945e+01,6.300000000000000044e-02
1.168833000000000055e+01,5.000000000000000278e-02
1.168999999999999950e+01,5.899999999999999689e-02
1.169167000000000023e+01,6.700000000000000400e-02
1.169332999999999956e+01,6.400000000000000133e-02
1.169500000000000028e+01,4.700000000000000011e-02
1.169666999999999923e+01,5.199999999999999761e-02
1.169833000000000034e+01,5.899999999999999689e-02
1.169999999999999929e+01,5.299999999999999850e-02
1.170167000000000002e+01,4.200000000000000261e-02
1.170332999999999934e+01,4.599999999999999922e-02
1.170500000000000007e+01,5.800000000000000294e-02
1.170667000000000080e+01,5.700000000000000205e-02
1.170833000000000013e+01,4.200000000000000261e-02
1.171000000000000085e+01,4.599999999999999922e-02
1.171166999999999980e+01,6.099999999999999867e-02
1.171332999999999913e+01,5.700000000000000205e-02
1.171499999999999986e+01,4.499999999999999833e-02
1.171667000000000058e+01,4.499999999999999833e-02
1.171832999999999991e+01,5.399999999999999939e-02
1.172000000000000064e+01,5.399999999999999939e-02
1.172166999999999959e+01,4.000000000000000083e-02
1.172333000000000069e+01,4.200000000000000261e-02
1.172499999999999964e+01,5.600000000000000117e-02
1.172667000000000037e+01,5.600000000000000117e-02
1.172832999999999970e+01,4.499999999999999833e-02
1.173000000000000043e+01,4.599999999999999922e-02
1.173166999999999938e+01,5.800000000000000294e-02
1.173333000000000048e+01,5.600000000000000117e-02
1.173499999999999943e+01,4.800000000000000100e-02
1.173667000000000016e+01,5.000000000000000278e-02
1.173832999999999949e+01,6.300000000000000044e-02
1.174000000000000021e+01,6.800000000000000488e-02
1.174166999999999916e+01,5.500000000000000028e-02
1.174333000000000027e+01,5.299999999999999850e-02
1.174499999999999922e+01,6.199999999999999956e-02
1.174666999999999994e+01,6.099999999999999867e-02
1.174832999999999927e+01,5.000000000000000278e-02
1.175000000000000000e+01,5.199999999999999761e-02
1.175167000000000073e+01,6.400000000000000133e-02
1.175333000000000006e+01,6.400000000000000133e-02
1.175500000000000078e+01,5.099999999999999672e-02
1.175666999999999973e+01,4.599999999999999922e-02
1.175833000000000084e+01,5.800000000000000294e-02
1.175999999999999979e+01,6.099999999999999867e-02
1.176167000000000051e+01,4.900000000000000189e-02
1.176332999999999984e+01,4.200000000000000261e-02
1.176500000000000057e+01,5.399999999999999939e-02
1.176666999999999952e+01,5.500000000000000028e-02
1.176833000000000062e+01,4.299999999999999656e-02
1.176999999999999957e+01,3.899999999999999994e-02
1.177167000000000030e+01,5.500000000000000028e-02
1.177332999999999963e+01,5.700000000000000205e-02
1.177500000000000036e+01,4.700000000000000011e-02
1.177666999999999931e+01,4.299999999999999656e-02
1.177833000000000041e+01,5.199999999999999761e-02
1.177999999999999936e+01,5.099999999999999672e-02
1.178167000000000009e+01,3.699999999999999817e-02
1.178332999999999942e+01,3.300000000000000155e-02
1.178500000000000014e+01,4.599999999999999922e-02
1.178667000000000087e+01,4.700000000000000011e-02
1.178833000000000020e+01,3.699999999999999817e-02
1.178999999999999915e+01,3.300000000000000155e-02
1.179166999999999987e+01,4.800000000000000100e-02
1.179332999999999920e+01,5.000000000000000278e-02
1.179499999999999993e+01,4.100000000000000172e-02
1.179667000000000066e+01,3.500000000000000333e-02
1.179832999999999998e+01,4.700000000000000011e-02
1.180000000000000071e+01,5.299999999999999850e-02
1.180166999999999966e+01,4.499999999999999833e-02
1.180333000000000077e+01,3.899999999999999994e-02
1.180499999999999972e+01,4.900000000000000189e-02
1.180667000000000044e+01,5.199999999999999761e-02
1.180832999999999977e+01,4.200000000000000261e-02
1.181000000000000050e+01,3.500000000000000333e-02
1.181166999999999945e+01,4.700000000000000011e-02
1.181333000000000055e+01,5.000000000000000278e-02
1.181499999999999950e+01,4.100000000000000172e-02
1.181667000000000023e+01,3.799999999999999906e-02
1.181832999999999956e+01,5.000000000000000278e-02
1.182000000000000028e+01,5.500000000000000028e-02
1.182166999999999923e+01,4.700000000000000011e-02
1.182333000000000034e+01,3.899999999999999994e-02
1.182499999999999929e+01,5.299999999999999850e-02
1.182667000000000002e+01,5.600000000000000117e-02
1.182832999999999934e+01,4.299999999999999656e-02
1.183000000000000007e+01,3.400000000000000244e-02
1.183167000000000080e+01,4.700000000000000011e-02
1.183333000000000013e+01,5.399999999999999939e-02
1.183500000000000085e+01,4.599999999999999922e-02
1.183666999999999980e+01,3.500000000000000333e-02
1.183832999999999913e+01,4.800000000000000100e-02
1.183999999999999986e+01,5.199999999999999761e-02
1.184167000000000058e+01,4.299999999999999656e-02
1.184332999999999991e+01,3.500000000000000333e-02
1.184500000000000064e+01,5.099999999999999672e-02
1.184666999999999959e+01,6.400000000000000133e-02
1.184833000000000069e+01,5.700000000000000205e-02
1.184999999999999964e+01,4.700000000000000011e-02
1.185167000000000037e+01,5.800000000000000294e-02
1.185332999999999970e+01,6.500000000000000222e-02
1.185500000000000043e+01,5.600000000000000117e-02
1.185666999999999938e+01,4.599999999999999922e-02
1.185833000000000048e+01,5.399999999999999939e-02
1.185999999999999943e+01,5.899999999999999689e-02
1.186167000000000016e+01,5.199999999999999761e-02
1.186332999999999949e+01,4.000000000000000083e-02
1.186500000000000021e+01,5.000000000000000278e-02
1.186666999999999916e+01,5.700000000000000205e-02
1.186833000000000027e+01,4.599999999999999922e-02
1.186999999999999922e+01,3.300000000000000155e-02
1.187166999999999994e+01,4.200000000000000261e-02
1.187332999999999927e+01,5.199999999999999761e-02
1.187500000000000000e+01,4.399999999999999745e-02
1.187667000000000073e+01,3.300000000000000155e-02
1.187833000000000006e+01,4.000000000000000083e-02
1.188000000000000078e+01,4.700000000000000011e-02
1.188166999999999973e+01,4.299999999999999656e-02
1.188333000000000084e+01,3.099999999999999978e-02
1.188499999999999979e+01,4.000000000000000083e-02
1.188667000000000051e+01,5.000000000000000278e-02
1.188832999999999984e+01,4.499999999999999833e-02
1.189000000000000057e+01,3.799999999999999906e-02
1.189166999999999952e+01,4.299999999999999656e-02
1.189333000000000062e+01,5.000000000000000278e-02
1.189499999999999957e+01,4.700000000000000011e-02
1.189667000000000030e+01,3.300000000000000155e-02
1.189832999999999963e+01,4.000000000000000083e-02
1.190000000000000036e+01,5.000000000000000278e-02
1.190166999999999931e+01,4.700000000000000011e-02
1.190333000000000041e+01,3.799999999999999906e-02
1.190499999999999936e+01,4.599999999999999922e-02
1.190667000000000009e+01,5.600000000000000117e-02
1.190832999999999942e+01,5.000000000000000278e-02
1.191000000000000014e+01,3.500000000000000333e-02
1.191167000000000087e+01,4.399999999999999745e-02
1.191333000000000020e+01,5.800000000000000294e-02
1.191499999999999915e+01,5.299999999999999850e-02
1.191666999999999987e+01,3.699999999999999817e-02
1.191832999999999920e+01,4.299999999999999656e-02
1.191999999999999993e+01,5.500000000000000028e-02
1.192167000000000066e+01,5.500000000000000028e-02
1.192332999999999998e+01,4.399999999999999745e-02
1.192500000000000071e+01,4.599999999999999922e-02
1.192666999999999966e+01,5.700000000000000205e-02
1.192833000000000077e+01,5.700000000000000205e-02
1.192999999999999972e+01,4.399999999999999745e-02
1.193167000000000044e+01,4.900000000000000189e-02
1.193332999999999977e+01,5.899999999999999689e-02
1.193500000000000050e+01,5.999999999999999778e-02
1.193666999999999945e+01,4.399999999999999745e-02
1.193833000000000055e+01,4.599999999999999922e-02
1.193999999999999950e+01,5.600000000000000117e-02
1.194167000000000023e+01,5.500000000000000028e-02
1.194332999999999956e+01,4.100000000000000172e-02
1.194500000000000028e+01,4.200000000000000261e-02
1.194666999999999923e+01,5.099999999999999672e-02
1.194833000000000034e+01,5.000000000000000278e-02
1.194999999999999929e+01,3.699999999999999817e-02
1.195167000000000002e+01,3.799999999999999906e-02
1.195332999999999934e+01,5.000000000000000278e-02
1.195500000000000007e+01,5.000000000000000278e-02
1.195667000000000080e+01,3.799999999999999906e-02
1.195833000000000013e+01,4.200000000000000261e-02
1.196000000000000085e+01,5.600000000000000117e-02
1.196166999999999980e+01,5.700000000000000205e-02
1.196332999999999913e+01,4.499999999999999833e-02
1.196499999999999986e+01,4.599999999999999922e-02
1.196667000000000058e+01,5.600000000000000117e-02
1.196832999999999991e+01,5.700000000000000205e-02
1.197000000000000064e+01,4.100000000000000172e-02
1.197166999999999959e+01,4.100000000000000172e-02
1.197333000000000069e+01,5.199999999999999761e-02
1.197499999999999964e+01,5.500000000000000028e-02
1.197667000000000037e+01,4.299999999999999656e-02
1.197832999999999970e+01,4.399999999999999745e-02
1.198000000000000043e+01,5.600000000000000117e-02
1.198166999999999938e+01,5.700000000000000205e-02
1.198333000000000048e+01,4.299999999999999656e-02
1.198499999999999943e+01,3.899999999999999994e-02
1.198667000000000016e+01,5.099999999999999672e-02
1.198832999999999949e+01,5.600000000000000117e-02
1.199000000000000021e+01,4.700000000000000011e-02
1.199166999999999916e+01,4.599999999999999922e-02
1.199333000000000027e+01,6.099999999999999867e-02
1.199499999999999922e+01,6.400000000000000133e-02
1.199666999999999994e+01,5.199999999999999761e-02
1.199832999999999927e+01,4.499999999999999833e-02
1.200000000000000000e+01,5.399999999999999939e-02
1.200167000000000073e+01,5.600000000000000117e-02
1.200333000000000006e+01,4.299999999999999656e-02
1.200500000000000078e+01,3.699999999999999817e-02
1.200666999999999973e+01,5.000000000000000278e-02
1.200833000000000084e+01,5.500000000000000028e-02
1.200999999999999979e+01,4.499999999999999833e-02
1.201167000000000051e+01,4.000000000000000083e-02
1.201332999999999984e+01,5.199999999999999761e-02
1.201500000000000057e+01,5.500000000000000028e-02
1.201666999999999952e+01,4.499999999999999833e-02
1.201833000000000062e+01,3.699999999999999817e-02
1.201999999999999957e+01,4.900000000000000189e-02
1.202167000000000030e+01,5.500000000000000028e-02
1.202332999999999963e+01,4.800000000000000100e-02
1.202500000000000036e+01,4.100000000000000172e-02
1.202666999999999931e+01,5.399999999999999939e-02
1.202833000000000041e+01,5.800000000000000294e-02
1.202999999999999936e+01,4.499999999999999833e-02
1.203167000000000009e+01,3.699999999999999817e-02
1.203332999999999942e+01,5.099999999999999672e-02
1.203500000000000014e+01,5.600000000000000117e-02
1.203667000000000087e+01,4.599999999999999922e-02
1.203833000000000020e+01,3.699999999999999817e-02
1.203999999999999915e+01,5.299999999999999850e-02
1.204166999999999987e+01,5.899999999999999689e-02
1.204332999999999920e+01,5.000000000000000278e-02
1.204499999999999993e+01,4.299999999999999656e-02
1.204667000000000066e+01,5.800000000000000294e-02
1.204832999999999998e+01,6.099999999999999867e-02
1.205000000000000071e+01,4.900000000000000189e-02
1.205166999999999966e+01,3.699999999999999817e-02
1.205333000000000077e+01,4.900000000000000189e-02
1.205499999999999972e+01,5.399999999999999939e-02
1.205667000000000044e+01,4.599999999999999922e-02
1.205832999999999977e+01,3.400000000000000244e-02
1.206000000000000050e+01,4.499999999999999833e-02
1.206166999999999945e+01,5.299999999999999850e-02
1.206333000000000055e+01,4.299999999999999656e-02
1.206499999999999950e+01,3.200000000000000067e-02
1.206667000000000023e+01,4.200000000000000261e-02
1.206832999999999956e+01,5.199999999999999761e-02
1.207000000000000028e+01,4.599999999999999922e-02
1.207166999999999923e+01,3.500000000000000333e-02
1.207333000000000034e+01,4.499999999999999833e-02
1.207499999999999929e+01,4.900000000000000189e-02
1.207667000000000002e+01,4.200000000000000261e-02
1.207832999999999934e+01,2.999999999999999889e-02
1.208000000000000007e+01,4.200000000000000261e-02
1.208167000000000080e+01,4.800000000000000100e-02
1.208333000000000013e+01,3.699999999999999817e-02
1.208500000000000085e+01,2.100000000000000130e-02
1.208666999999999980e+01,3.200000000000000067e-02
1.208832999999999913e+01,4.200000000000000261e-02
1.208999999999999986e+01,4.000000000000000083e-02
1.209167000000000058e+01,2.699999999999999969e-02
1.209332999999999991e+01,3.699999999999999817e-02
1.209500000000000064e+01,4.299999999999999656e-02
1.209666999999999959e+01,3.899999999999999994e-02
1.209833000000000069e+01,2.900000000000000147e-02
1.209999999999999964e+01,4.399999999999999745e-02
1.210167000000000037e+01,4.900000000000000189e-02
1.210332999999999970e+01,4.700000000000000011e-02
1.210500000000000043e+01,3.300000000000000155e-02
1.210666999999999938e+01,4.100000000000000172e-02
1.210833000000000048e+01,4.800000000000000100e-02
1.210999999999999943e+01,4.100000000000000172e-02
1.211167000000000016e+01,2.800000000000000058e-02
1.211332999999999949e+01,4.000000000000000083e-02
1.211500000000000021e+01,5.500000000000000028e-02
1.211666999999999916e+01,5.299999999999999850e-02
1.211833000000000027e+01,3.799999999999999906e-02
1.211999999999999922e+01,4.299999999999999656e-02
1.212166999999999994e+01,5.099999999999999672e-02
1.212332999999999927e+01,4.499999999999999833e-02
1.212500000000000000e+01,2.699999999999999969e-02
1.212667000000000073e+01,3.300000000000000155e-02
1.212833000000000006e+01,4.299999999999999656e-02
1.213000000000000078e+01,4.000000000000000083e-02
1.213166999999999973e+01,2.599999999999999881e-02
1.213333000000000084e+01,3.400000000000000244e-02
1.213499999999999979e+01,4.399999999999999745e-02
1.213667000000000051e+01,4.000000000000000083e-02
1.213832999999999984e+01,2.500000000000000139e-02
1.214000000000000057e+01,3.300000000000000155e-02
1.214166999999999952e+01,4.700000000000000011e-02
1.214333000000000062e+01,4.700000000000000011e-02
1.214499999999999957e+01,3.599999999999999728e-02
1.214667000000000030e+01,4.100000000000000172e-02
1.214832999999999963e+01,5.099999999999999672e-02
1.215000000000000036e+01,5.099999999999999672e-02
1.215166999999999931e+01,3.599999999999999728e-02
1.215333000000000041e+01,4.100000000000000172e-02
1.215499999999999936e+01,5.199999999999999761e-02
1.215667000000000009e+01,5.199999999999999761e-02
1.215832999999999942e+01,3.899999999999999994e-02
1.216000000000000014e+01,4.200000000000000261e-02
1.216167000000000087e+01,5.399999999999999939e-02
1.216333000000000020e+01,5.600000000000000117e-02
1.216499999999999915e+01,4.100000000000000172e-02
1.216666999999999987e+01,4.399999999999999745e-02
1.216832999999999920e+01,5.299999999999999850e-02
1.216999999999999993e+01,5.099999999999999672e-02
1.217167000000000066e+01,3.500000000000000333e-02
1.217332999999999998e+01,3.799999999999999906e-02
1.217500000000000071e+01,5.000000000000000278e-02
1.217666999999999966e+01,5.299999999999999850e-02
1.217833000000000077e+01,4.200000000000000261e-02
1.217999999999999972e+01,3.899999999999999994e-02
1.218167000000000044e+01,5.099999999999999672e-02
1.218332999999999977e+01,5.399999999999999939e-02
1.218500000000000050e+01,4.299999999999999656e-02
1.218666999999999945e+01,4.499999999999999833e-02
1.218833000000000055e+01,6.099999999999999867e-02
1.218999999999999950e+01,6.400000000000000133e-02
1.219167000000000023e+01,5.000000000000000278e-02
1.219332999999999956e+01,4.599999999999999922e-02
1.219500000000000028e+01,5.899999999999999689e-02
1.219666999999999923e+01,6.400000000000000133e-02
1.219833000000000034e+01,5.099999999999999672e-02
1.219999999999999929e+01,4.599999999999999922e-02
1.220167000000000002e+01,5.899999999999999689e-02
1.220332999999999934e+01,5.800000000000000294e-02
1.220500000000000007e+01,4.299999999999999656e-02
1.220667000000000080e+01,4.000000000000000083e-02
1.220833000000000013e+01,5.299999999999999850e-02
1.221000000000000085e+01,5.600000000000000117e-02
1.221166999999999980e+01,4.599999999999999922e-02
1.221332999999999913e+01,4.100000000000000172e-02
1.221499999999999986e+01,5.399999999999999939e-02
1.221667000000000058e+01,5.399999999999999939e-02
1.221832999999999991e+01,4.200000000000000261e-02
1.222000000000000064e+01,3.400000000000000244e-02
1.222166999999999959e+01,5.000000000000000278e-02
1.222333000000000069e+01,5.399999999999999939e-02
1.222499999999999964e+01,4.399999999999999745e-02
1.222667000000000037e+01,3.799999999999999906e-02
1.222832999999999970e+01,5.000000000000000278e-02
1.223000000000000043e+01,5.199999999999999761e-02
1.223166999999999938e+01,4.000000000000000083e-02
1.223333000000000048e+01,3.099999999999999978e-02
1.223499999999999943e+01,4.599999999999999922e-02
1.223667000000000016e+01,5.000000000000000278e-02
1.223832999999999949e+01,3.899999999999999994e-02
1.224000000000000021e+01,2.699999999999999969e-02
1.224166999999999916e+01,3.899999999999999994e-02
1.224333000000000027e+01,4.399999999999999745e-02
1.224499999999999922e+01,3.699999999999999817e-02
1.224666999999999994e+01,2.699999999999999969e-02
1.224832999999999927e+01,4.200000000000000261e-02
1.225000000000000000e+01,4.599999999999999922e-02
1.225167000000000073e+01,3.899999999999999994e-02
1.225333000000000006e+01,3.200000000000000067e-02
1.225500000000000078e+01,4.800000000000000100e-02
1.225666999999999973e+01,5.199999999999999761e-02
1.225833000000000084e+01,4.299999999999999656e-02
1.225999999999999979e+01,3.400000000000000244e-02
1.226167000000000051e+01,4.800000000000000100e-02
1.226332999999999984e+01,5.299999999999999850e-02
1.226500000000000057e+01,4.499999999999999833e-02
1.226666999999999952e+01,3.500000000000000333e-02
1.226833000000000062e+01,4.800000000000000100e-02
1.226999999999999957e+01,5.399999999999999939e-02
1.227167000000000030e+01,4.800000000000000100e-02
1.227332999999999963e+01,3.599999999999999728e-02
1.227500000000000036e+01,4.700000000000000011e-02
1.227666999999999931e+01,5.399999999999999939e-02
1.227833000000000041e+01,5.099999999999999672e-02
1.227999999999999936e+01,4.200000000000000261e-02
1.228167000000000009e+01,5.399999999999999939e-02
1.228332999999999942e+01,5.800000000000000294e-02
1.228500000000000014e+01,4.800000000000000100e-02
1.228667000000000087e+01,3.200000000000000067e-02
1.228833000000000020e+01,4.299999999999999656e-02
1.228999999999999915e+01,4.800000000000000100e-02
1.229166999999999987e+01,4.000000000000000083e-02
1.229332999999999920e+01,2.500000000000000139e-02
1.229499999999999993e+01,3.500000000000000333e-02
1.229667000000000066e+01,4.499999999999999833e-02
1.229832999999999998e+01,4.000000000000000083e-02
1.230000000000000071e+01,2.800000000000000058e-02
1.230166999999999966e+01,4.000000000000000083e-02
1.230333000000000077e+01,4.800000000000000100e-02
1.230499999999999972e+01,4.200000000000000261e-02
1.230667000000000044e+01,3.099999999999999978e-02
1.230832999999999977e+01,4.299999999999999656e-02
1.231000000000000050e+01,5.199999999999999761e-02
1.231166999999999945e+01,4.700000000000000011e-02
1.231333000000000055e+01,3.400000000000000244e-02
1.231499999999999950e+01,5.000000000000000278e-02
1.231667000000000023e+01,5.999999999999999778e-02
1.231832999999999956e+01,5.600000000000000117e-02
1.232000000000000028e+01,4.200000000000000261e-02
1.232166999999999923e+01,5.000000000000000278e-02
1.232333000000000034e+01,6.099999999999999867e-02
1.232499999999999929e+01,5.700000000000000205e-02
1.232667000000000002e+01,4.200000000000000261e-02
1.232832999999999934e+01,5.099999999999999672e-02
1.233000000000000007e+01,6.300000000000000044e-02
1.233167000000000080e+01,5.999999999999999778e-02
1.233333000000000013e+01,4.299999999999999656e-02
1.233500000000000085e+01,4.900000000000000189e-02
1.233666999999999980e+01,6.099999999999999867e-02
1.233832999999999913e+01,5.700000000000000205e-02
1.233999999999999986e+01,4.299999999999999656e-02
1.234167000000000058e+01,4.700000000000000011e-02
1.234332999999999991e+01,5.600000000000000117e-02
1.234500000000000064e+01,5.199999999999999761e-02
1.234666999999999959e+01,3.599999999999999728e-02
1.234833000000000069e+01,4.200000000000000261e-02
1.234999999999999964e+01,5.600000000000000117e-02
1.235167000000000037e+01,5.700000000000000205e-02
1.235332999999999970e+01,4.800000000000000100e-02
1.235500000000000043e+01,5.199999999999999761e-02
1.235666999999999938e+01,6.300000000000000044e-02
1.235833000000000048e+01,5.899999999999999689e-02
1.235999999999999943e+01,4.399999999999999745e-02
1.236167000000000016e+01,4.399999999999999745e-02
1.236332999999999949e+01,5.700000000000000205e-02
1.236500000000000021e+01,5.700000000000000205e-02
1.236666999999999916e+01,4.599999999999999922e-02
1.236833000000000027e+01,4.599999999999999922e-02
1.236999999999999922e+01,5.899999999999999689e-02
1.237166999999999994e+01,5.700000000000000205e-02
1.237332999999999927e+01,4.499999999999999833e-02
1.237500000000000000e+01,4.599999999999999922e-02
1.237667000000000073e+01,6.099999999999999867e-02
1.237833000000000006e+01,6.300000000000000044e-02
1.238000000000000078e+01,5.199999999999999761e-02
1.238166999999999973e+01,5.199999999999999761e-02
1.238333000000000084e+01,6.800000000000000488e-02
1.238499999999999979e+01,6.800000000000000488e-02
1.238667000000000051e+01,5.299999999999999850e-02
1.238832999999999984e+01,4.700000000000000011e-02
1.239000000000000057e+01,5.899999999999999689e-02
1.239166999999999952e+01,5.999999999999999778e-02
1.239333000000000062e+01,4.900000000000000189e-02
1.239499999999999957e+01,4.599999999999999922e-02
1.239667000000000030e+01,5.899999999999999689e-02
1.239832999999999963e+01,5.800000000000000294e-02
1.240000000000000036e+01,4.299999999999999656e-02
1.240166999999999931e+01,3.899999999999999994e-02
1.240333000000000041e+01,5.600000000000000117e-02
1.240499999999999936e+01,5.899999999999999689e-02
1.240667000000000009e+01,5.000000000000000278e-02
1.240832999999999942e+01,4.700000000000000011e-02
1.241000000000000014e+01,6.300000000000000044e-02
1.241167000000000087e+01,6.500000000000000222e-02
1.241333000000000020e+01,5.399999999999999939e-02
1.241499999999999915e+01,4.900000000000000189e-02
1.241666999999999987e+01,6.099999999999999867e-02
1.241832999999999920e+01,6.199999999999999956e-02
1.241999999999999993e+01,5.199999999999999761e-02
1.242167000000000066e+01,4.700000000000000011e-02
1.242332999999999998e+01,6.099999999999999867e-02
1.242500000000000071e+01,6.300000000000000044e-02
1.242666999999999966e+01,5.099999999999999672e-02
1.242833000000000077e+01,4.299999999999999656e-02
1.242999999999999972e+01,5.800000000000000294e-02
1.243167000000000044e+01,6.199999999999999956e-02
1.243332999999999977e+01,5.199999999999999761e-02
1.243500000000000050e+01,4.499999999999999833e-02
1.243666999999999945e+01,5.700000000000000205e-02
1.243833000000000055e+01,5.899999999999999689e-02
1.243999999999999950e+01,5.000000000000000278e-02
1.244167000000000023e+01,4.399999999999999745e-02
1.244332999999999956e+01,5.600000000000000117e-02
1.244500000000000028e+01,5.999999999999999778e-02
1.244666999999999923e+01,5.099999999999999672e-02
1.244833000000000034e+01,4.299999999999999656e-02
1.244999999999999929e+01,5.399999999999999939e-02
1.245167000000000002e+01,5.500000000000000028e-02
1.245332999999999934e+01,4.800000000000000100e-02
1.245500000000000007e+01,4.100000000000000172e-02
1.245667000000000080e+01,5.500000000000000028e-02
1.245833000000000013e+01,5.999999999999999778e-02
1.246000000000000085e+01,5.299999999999999850e-02
1.246166999999999980e+01,4.100000000000000172e-02
1.246332999999999913e+01,5.800000000000000294e-02
1.246499999999999986e+01,6.199999999999999956e-02
1.246667000000000058e+01,5.099999999999999672e-02
1.246832999999999991e+01,4.299999999999999656e-02
1.247000000000000064e+01,5.500000000000000028e-02
1.247166999999999959e+01,5.700000000000000205e-02
1.247333000000000069e+01,5.199999999999999761e-02
1.247499999999999964e+01,4.200000000000000261e-02
1.247667000000000037e+01,5.500000000000000028e-02
1.247832999999999970e+01,5.899999999999999689e-02
1.248000000000000043e+01,5.299999999999999850e-02
1.248166999999999938e+01,4.399999999999999745e-02
1.248333000000000048e+01,5.500000000000000028e-02
1.248499999999999943e+01,6.400000000000000133e-02
1.248667000000000016e+01,5.800000000000000294e-02
1.248832999999999949e+01,4.499999999999999833e-02
1.249000000000000021e+01,5.500000000000000028e-02
1.249166999999999916e+01,5.999999999999999778e-02
1.249333000000000027e+01,5.099999999999999672e-02
1.249499999999999922e+01,4.000000000000000083e-02
1.249666999999999994e+01,5.399999999999999939e-02
1.249832999999999927e+01,6.099999999999999867e-02
1.250000000000000000e+01,5.199999999999999761e-02
1.250167000000000073e+01,4.100000000000000172e-02
1.250333000000000006e+01,5.000000000000000278e-02
1.250500000000000078e+01,5.999999999999999778e-02
1.250666999999999973e+01,5.199999999999999761e-02
1.250833000000000084e+01,4.000000000000000083e-02
1.250999999999999979e+01,5.000000000000000278e-02
1.251167000000000051e+01,5.999999999999999778e-02
1.251332999999999984e+01,5.500000000000000028e-02
1.251500000000000057e+01,4.499999999999999833e-02
1.251666999999999952e+01,5.500000000000000028e-02
1.251833000000000062e+01,6.500000000000000222e-02
1.251999999999999957e+01,5.800000000000000294e-02
1.252167000000000030e+01,4.499999999999999833e-02
1.252332999999999963e+01,5.600000000000000117e-02
1.252500000000000036e+01,6.800000000000000488e-02
1.252666999999999931e+01,6.199999999999999956e-02
1.252833000000000041e+01,4.700000000000000011e-02
1.252999999999999936e+01,5.099999999999999672e-02
1.253167000000000009e+01,6.099999999999999867e-02
1.253332999999999942e+01,6.099999999999999867e-02
1.253500000000000014e+01,5.000000000000000278e-02
1.253667000000000087e+01,5.800000000000000294e-02
1.253833000000000020e+01,7.000000000000000666e-02
1.253999999999999915e+01,6.500000000000000222e-02
1.254166999999999987e+01,4.900000000000000189e-02
1.254332999999999920e+01,5.500000000000000028e-02
1.254499999999999993e+01,6.400000000000000133e-02
1.254667000000000066e+01,6.099999999999999867e-02
1.254832999999999998e+01,4.900000000000000189e-02
1.255000000000000071e+01,5.099999999999999672e-02
1.255166999999999966e+01,6.199999999999999956e-02
1.255333000000000077e+01,6.099999999999999867e-02
1.255499999999999972e+01,5.199999999999999761e-02
1.255667000000000044e+01,5.399999999999999939e-02
1.255832999999999977e+01,6.500000000000000222e-02
1.256000000000000050e+01,6.199999999999999956e-02
1.256166999999999945e+01,5.099999999999999672e-02
1.256333000000000055e+01,5.399999999999999939e-02
1.256499999999999950e+01,6.300000000000000044e-02
1.256667000000000023e+01,5.800000000000000294e-02
1.256832999999999956e+01,4.499999999999999833e-02
1.257000000000000028e+01,4.499999999999999833e-02
1.257166999999999923e+01,5.899999999999999689e-02
1.257333000000000034e+01,5.999999999999999778e-02
1.257499999999999929e+01,4.800000000000000100e-02
1.257667000000000002e+01,4.599999999999999922e-02
1.257832999999999934e+01,5.800000000000000294e-02
1.258000000000000007e+01,5.500000000000000028e-02
1.258167000000000080e+01,4.299999999999999656e-02
1.258333000000000013e+01,4.200000000000000261e-02
1.258500000000000085e+01,5.399999999999999939e-02
1.258666999999999980e+01,5.399999999999999939e-02
1.258832999999999913e+01,4.499999999999999833e-02
1.258999999999999986e+01,4.599999999999999922e-02
1.259167000000000058e+01,5.999999999999999778e-02
1.259332999999999991e+01,5.999999999999999778e-02
1.259500000000000064e+01,5.000000000000000278e-02
1.259666999999999959e+01,5.099999999999999672e-02
1.259833000000000069e+01,6.500000000000000222e-02
1.259999999999999964e+01,6.199999999999999956e-02
1.260167000000000037e+01,4.800000000000000100e-02
1.260332999999999970e+01,4.700000000000000011e-02
1.260500000000000043e+01,5.899999999999999689e-02
1.260666999999999938e+01,5.800000000000000294e-02
1.260833000000000048e+01,4.599999999999999922e-02
1.260999999999999943e+01,4.599999999999999922e-02
1.261167000000000016e+01,5.800000000000000294e-02
1.261332999999999949e+01,5.999999999999999778e-02
1.261500000000000021e+01,4.800000000000000100e-02
1.261666999999999916e+01,4.700000000000000011e-02
1.261833000000000027e+01,5.999999999999999778e-02
1.261999999999999922e+01,6.300000000000000044e-02
1.262166999999999994e+01,5.099999999999999672e-02
1.262332999999999927e+01,4.900000000000000189e-02
1.262500000000000000e+01,6.300000000000000044e-02
1.262667000000000073e+01,6.700000000000000400e-02
1.262833000000000006e+01,5.399999999999999939e-02
1.263000000000000078e+01,4.900000000000000189e-02
1.263166999999999973e+01,6.199999999999999956e-02
1.263333000000000084e+01,6.400000000000000133e-02
1.263499999999999979e+01,5.399999999999999939e-02
1.263667000000000051e+01,5.299999999999999850e-02
1.263832999999999984e+01,6.700000000000000400e-02
1.264000000000000057e+01,7.000000000000000666e-02
1.264166999999999952e+01,5.800000000000000294e-02
1.264333000000000062e+01,5.199999999999999761e-02
1.264499999999999957e+01,6.600000000000000311e-02
1.264667000000000030e+01,6.600000000000000311e-02
1.264832999999999963e+01,5.399999999999999939e-02
1.265000000000000036e+01,5.099999999999999672e-02
1.265166999999999931e+01,6.500000000000000222e-02
1.265333000000000041e+01,7.299999999999999545e-02
1.265499999999999936e+01,6.500000000000000222e-02
1.265667000000000009e+01,5.899999999999999689e-02
1.265832999999999942e+01,7.299999999999999545e-02
1.266000000000000014e+01,7.499999999999999722e-02
1.266167000000000087e+01,5.999999999999999778e-02
1.266333000000000020e+01,5.199999999999999761e-02
1.266499999999999915e+01,6.400000000000000133e-02
1.266666999999999987e+01,6.900000000000000577e-02
1.266832999999999920e+01,6.300000000000000044e-02
1.266999999999999993e+01,5.299999999999999850e-02
1.267167000000000066e+01,6.199999999999999956e-02
1.267332999999999998e+01,6.700000000000000400e-02
1.267500000000000071e+01,5.800000000000000294e-02
1.267666999999999966e+01,4.800000000000000100e-02
1.267833000000000077e+01,5.899999999999999689e-02
1.267999999999999972e+01,6.400000000000000133e-02
1.268167000000000044e+01,5.500000000000000028e-02
1.268332999999999977e+01,4.299999999999999656e-02
1.268500000000000050e+01,5.399999999999999939e-02
1.268666999999999945e+01,6.199999999999999956e-02
1.268833000000000055e+01,5.199999999999999761e-02
1.268999999999999950e+01,4.100000000000000172e-02
1.269167000000000023e+01,5.099999999999999672e-02
1.269332999999999956e+01,6.099999999999999867e-02
1.269500000000000028e+01,5.600000000000000117e-02
1.269666999999999923e+01,4.299999999999999656e-02
1.269833000000000034e+01,5.299999999999999850e-02
1.269999999999999929e+01,6.400000000000000133e-02
1.270167000000000002e+01,6.099999999999999867e-02
1.270332999999999934e+01,5.299999999999999850e-02
1.270500000000000007e+01,6.600000000000000311e-02
1.270667000000000080e+01,7.299999999999999545e-02
1.270833000000000013e+01,6.500000000000000222e-02
1.271000000000000085e+01,5.500000000000000028e-02
1.271166999999999980e+01,6.500000000000000222e-02
1.271332999999999913e+01,7.399999999999999634e-02
1.271499999999999986e+01,6.700000000000000400e-02
1.271667000000000058e+01,5.399999999999999939e-02
1.271832999999999991e+01,6.400000000000000133e-02
1.272000000000000064e+01,7.399999999999999634e-02
1.272166999999999959e+01,6.800000000000000488e-02
1.272333000000000069e+01,5.500000000000000028e-02
1.272499999999999964e+01,6.099999999999999867e-02
1.272667000000000037e+01,6.400000000000000133e-02
1.272832999999999970e+01,5.800000000000000294e-02
1.273000000000000043e+01,4.599999999999999922e-02
1.273166999999999938e+01,5.199999999999999761e-02
1.273333000000000048e+01,6.099999999999999867e-02
1.273499999999999943e+01,5.399999999999999939e-02
1.273667000000000016e+01,4.399999999999999745e-02
1.273832999999999949e+01,5.199999999999999761e-02
1.274000000000000021e+01,6.300000000000000044e-02
1.274166999999999916e+01,5.999999999999999778e-02
1.274333000000000027e+01,4.800000000000000100e-02
1.274499999999999922e+01,5.399999999999999939e-02
1.274666999999999994e+01,6.300000000000000044e-02
1.274832999999999927e+01,5.600000000000000117e-02
1.275000000000000000e+01,4.599999999999999922e-02
1.275167000000000073e+01,5.399999999999999939e-02
1.275333000000000006e+01,6.500000000000000222e-02
1.275500000000000078e+01,6.099999999999999867e-02
1.275666999999999973e+01,4.900000000000000189e-02
1.275833000000000084e+01,5.399999999999999939e-02
1.275999999999999979e+01,6.500000000000000222e-02
1.276167000000000051e+01,6.199999999999999956e-02
1.276332999999999984e+01,4.499999999999999833e-02
1.276500000000000057e+01,4.900000000000000189e-02
1.276666999999999952e+01,6.099999999999999867e-02
1.276833000000000062e+01,5.999999999999999778e-02
1.276999999999999957e+01,4.800000000000000100e-02
1.277167000000000030e+01,5.299999999999999850e-02
1.277332999999999963e+01,6.500000000000000222e-02
1.277500000000000036e+01,6.099999999999999867e-02
1.277666999999999931e+01,4.399999999999999745e-02
1.277833000000000041e+01,4.700000000000000011e-02
1.277999999999999936e+01,5.800000000000000294e-02
1.278167000000000009e+01,5.600000000000000117e-02
1.278332999999999942e+01,4.499999999999999833e-02
1.278500000000000014e+01,5.199999999999999761e-02
1.278667000000000087e+01,6.600000000000000311e-02
1.278833000000000020e+01,6.400000000000000133e-02
1.278999999999999915e+01,5.299999999999999850e-02
1.279166999999999987e+01,5.700000000000000205e-02
1.279332999999999920e+01,6.600000000000000311e-02
1.279499999999999993e+01,6.300000000000000044e-02
1.279667000000000066e+01,4.900000000000000189e-02
1.279832999999999998e+01,5.099999999999999672e-02
1.280000000000000071e+01,6.300000000000000044e-02
1.280166999999999966e+01,6.400000000000000133e-02
1.280333000000000077e+01,5.199999999999999761e-02
1.280499999999999972e+01,5.199999999999999761e-02
1.280667000000000044e+01,6.400000000000000133e-02
1.280832999999999977e+01,6.400000000000000133e-02
1.281000000000000050e+01,5.399999999999999939e-02
1.281166999999999945e+01,5.399999999999999939e-02
1.281333000000000055e+01,6.500000000000000222e-02
1.281499999999999950e+01,6.600000000000000311e-02
1.281667000000000023e+01,5.299999999999999850e-02
1.281832999999999956e+01,5.600000000000000117e-02
1.282000000000000028e+01,6.900000000000000577e-02
1.282166999999999923e+01,7.199999999999999456e-02
1.282333000000000034e+01,6.099999999999999867e-02
1.282499999999999929e+01,6.099999999999999867e-02
1.282667000000000002e+01,7.099999999999999367e-02
1.282832999999999934e+01,6.800000000000000488e-02
1.283000000000000007e+01,5.299999999999999850e-02
1.283167000000000080e+01,5.199999999999999761e-02
1.283333000000000013e+01,6.300000000000000044e-02
1.283500000000000085e+01,6.700000000000000400e-02
1.283666999999999980e+01,5.500000000000000028e-02
1.283832999999999913e+01,5.500000000000000028e-02
1.283999999999999986e+01,6.700000000000000400e-02
1.284167000000000058e+01,7.099999999999999367e-02
1.284332999999999991e+01,5.700000000000000205e-02
1.284500000000000064e+01,5.399999999999999939e-02
1.284666999999999959e+01,6.600000000000000311e-02
1.284833000000000069e+01,7.099999999999999367e-02
1.284999999999999964e+01,5.999999999999999778e-02
1.285167000000000037e+01,5.600000000000000117e-02
1.285332999999999970e+01,7.000000000000000666e-02
1.285500000000000043e+01,7.099999999999999367e-02
1.285666999999999938e+01,5.899999999999999689e-02
1.285833000000000048e+01,5.299999999999999850e-02
1.285999999999999943e+01,6.600000000000000311e-02
1.286167000000000016e+01,6.900000000000000577e-02
1.286332999999999949e+01,5.999999999999999778e-02
1.286500000000000021e+01,5.500000000000000028e-02
1.286666999999999916e+01,6.500000000000000222e-02
1.286833000000000027e+01,6.900000000000000577e-02
1.286999999999999922e+01,5.899999999999999689e-02
1.287166999999999994e+01,4.900000000000000189e-02
1.287332999999999927e+01,5.999999999999999778e-02
1.287500000000000000e+01,6.800000000000000488e-02
1.287667000000000073e+01,5.999999999999999778e-02
1.287833000000000006e+01,5.299999999999999850e-02
1.288000000000000078e+01,6.400000000000000133e-02
1.288166999999999973e+01,6.900000000000000577e-02
1.288333000000000084e+01,5.999999999999999778e-02
1.288499999999999979e+01,5.000000000000000278e-02
1.288667000000000051e+01,5.899999999999999689e-02
1.288832999999999984e+01,6.500000000000000222e-02
1.289000000000000057e+01,5.500000000000000028e-02
1.289166999999999952e+01,4.499999999999999833e-02
1.289333000000000062e+01,5.700000000000000205e-02
1.289499999999999957e+01,5.899999999999999689e-02
1.289667000000000030e+01,5.099999999999999672e-02
1.289832999999999963e+01,4.000000000000000083e-02
1.290000000000000036e+01,5.000000000000000278e-02
1.290166999999999931e+01,5.700000000000000205e-02
1.290333000000000041e+01,5.000000000000000278e-02
1.290499999999999936e+01,4.299999999999999656e-02
1.290667000000000009e+01,5.999999999999999778e-02
1.290832999999999942e+01,6.600000000000000311e-02
1.291000000000000014e+01,5.800000000000000294e-02
1.291167000000000087e+01,4.900000000000000189e-02
1.291333000000000020e+01,5.899999999999999689e-02
1.291499999999999915e+01,6.600000000000000311e-02
1.291666999999999987e+01,5.600000000000000117e-02
1.291832999999999920e+01,4.100000000000000172e-02
1.291999999999999993e+01,5.199999999999999761e-02
1.292167000000000066e+01,5.999999999999999778e-02
1.292332999999999998e+01,5.500000000000000028e-02
1.292500000000000071e+01,4.399999999999999745e-02
1.292666999999999966e+01,5.500000000000000028e-02
1.292833000000000077e+01,6.400000000000000133e-02
1.292999999999999972e+01,5.600000000000000117e-02
1.293167000000000044e+01,4.100000000000000172e-02
1.293332999999999977e+01,5.299999999999999850e-02
1.293500000000000050e+01,6.300000000000000044e-02
1.293666999999999945e+01,5.899999999999999689e-02
1.293833000000000055e+01,4.800000000000000100e-02
1.293999999999999950e+01,5.800000000000000294e-02
1.294167000000000023e+01,6.300000000000000044e-02
1.294332999999999956e+01,5.899999999999999689e-02
1.294500000000000028e+01,4.599999999999999922e-02
1.294666999999999923e+01,5.500000000000000028e-02
1.294833000000000034e+01,6.300000000000000044e-02
1.294999999999999929e+01,5.800000000000000294e-02
1.295167000000000002e+01,4.499999999999999833e-02
1.295332999999999934e+01,5.600000000000000117e-02
1.295500000000000007e+01,6.600000000000000311e-02
1.295667000000000080e+01,5.899999999999999689e-02
1.295833000000000013e+01,4.800000000000000100e-02
1.296000000000000085e+01,5.800000000000000294e-02
1.296166999999999980e+01,6.700000000000000400e-02
1.296332999999999913e+01,6.800000000000000488e-02
1.296499999999999986e+01,5.700000000000000205e-02
1.296667000000000058e+01,7.000000000000000666e-02
1.296832999999999991e+01,7.900000000000000078e-02
1.297000000000000064e+01,7.900000000000000078e-02
1.297166999999999959e+01,6.199999999999999956e-02
1.297333000000000069e+01,6.700000000000000400e-02
1.297499999999999964e+01,7.499999999999999722e-02
1.297667000000000037e+01,6.700000000000000400e-02
1.297832999999999970e+01,5.199999999999999761e-02
1.298000000000000043e+01,5.899999999999999689e-02
1.298166999999999938e+01,6.700000000000000400e-02
1.298333000000000048e+01,6.400000000000000133e-02
1.298499999999999943e+01,4.900000000000000189e-02
1.298667000000000016e+01,5.500000000000000028e-02
1.298832999999999949e+01,6.600000000000000311e-02
1.299000000000000021e+01,6.300000000000000044e-02
1.299166999999999916e+01,4.399999999999999745e-02
1.299333000000000027e+01,4.900000000000000189e-02
1.299499999999999922e+01,6.300000000000000044e-02
1.299666999999999994e+01,6.400000000000000133e-02
1.299832999999999927e+01,5.000000000000000278e-02
1.300000000000000000e+01,5.700000000000000205e-02
1.300167000000000073e+01,6.400000000000000133e-02
1.300333000000000006e+01,6.099999999999999867e-02
1.300500000000000078e+01,4.599999999999999922e-02
1.300666999999999973e+01,5.000000000000000278e-02
1.300833000000000084e+01,6.400000000000000133e-02
1.300999999999999979e+01,6.500000000000000222e-02
1.301167000000000051e+01,5.299999999999999850e-02
1.301332999999999984e+01,5.500000000000000028e-02
1.301500000000000057e+01,6.400000000000000133e-02
1.301666999999999952e+01,6.300000000000000044e-02
1.301833000000000062e+01,5.000000000000000278e-02
1.301999999999999957e+01,5.099999999999999672e-02
1.302167000000000030e+01,6.300000000000000044e-02
1.302332999999999963e+01,6.500000000000000222e-02
1.302500000000000036e+01,5.000000000000000278e-02
1.302666999999999931e+01,5.500000000000000028e-02
1.302833000000000041e+01,6.700000000000000400e-02
1.302999999999999936e+01,7.000000000000000666e-02
1.303167000000000009e+01,5.800000000000000294e-02
1.303332999999999942e+01,5.700000000000000205e-02
1.303500000000000014e+01,6.800000000000000488e-02
1.303667000000000087e+01,6.900000000000000577e-02
1.303833000000000020e+01,5.600000000000000117e-02
1.303999999999999915e+01,5.299999999999999850e-02
1.304166999999999987e+01,6.600000000000000311e-02
1.304332999999999920e+01,6.700000000000000400e-02
1.304499999999999993e+01,5.399999999999999939e-02
1.304667000000000066e+01,5.399999999999999939e-02
1.304832999999999998e+01,7.000000000000000666e-02
1.305000000000000071e+01,7.399999999999999634e-02
1.305166999999999966e+01,6.300000000000000044e-02
1.305333000000000077e+01,5.899999999999999689e-02
1.305499999999999972e+01,7.399999999999999634e-02
1.305667000000000044e+01,7.599999999999999811e-02
1.305832999999999977e+01,6.199999999999999956e-02
1.306000000000000050e+01,5.899999999999999689e-02
1.306166999999999945e+01,7.499999999999999722e-02
1.306333000000000055e+01,7.699999999999999900e-02
1.306499999999999950e+01,6.400000000000000133e-02
1.306667000000000023e+01,5.700000000000000205e-02
1.306832999999999956e+01,6.900000000000000577e-02
1.307000000000000028e+01,7.000000000000000666e-02
1.307166999999999923e+01,6.099999999999999867e-02
1.307333000000000034e+01,5.399999999999999939e-02
1.307499999999999929e+01,6.900000000000000577e-02
1.307667000000000002e+01,7.099999999999999367e-02
1.307832999999999934e+01,5.800000000000000294e-02
1.308000000000000007e+01,5.099999999999999672e-02
1.308167000000000080e+01,6.300000000000000044e-02
1.308333000000000013e+01,6.500000000000000222e-02
1.308500000000000085e+01,5.299999999999999850e-02
1.308666999999999980e+01,4.499999999999999833e-02
1.308832999999999913e+01,5.999999999999999778e-02
1.308999999999999986e+01,6.199999999999999956e-02
1.309167000000000058e+01,5.299999999999999850e-02
1.309332999999999991e+01,4.399999999999999745e-02
1.309500000000000064e+01,5.500000000000000028e-02
1.309666999999999959e+01,6.099999999999999867e-02
1.309833000000000069e+01,5.199999999999999761e-02
1.309999999999999964e+01,4.200000000000000261e-02
1.310167000000000037e+01,5.899999999999999689e-02
1.310332999999999970e+01,6.400000000000000133e-02
1.310500000000000043e+01,5.800000000000000294e-02
1.310666999999999938e+01,4.800000000000000100e-02
1.310833000000000048e+01,6.099999999999999867e-02
1.310999999999999943e+01,6.600000000000000311e-02
1.311167000000000016e+01,5.700000000000000205e-02
1.311332999999999949e+01,4.599999999999999922e-02
1.311500000000000021e+01,5.700000000000000205e-02
1.311666999999999916e+01,6.199999999999999956e-02
1.311833000000000027e+01,5.500000000000000028e-02
1.311999999999999922e+01,4.599999999999999922e-02
1.312166999999999994e+01,6.199999999999999956e-02
1.312332999999999927e+01,6.700000000000000400e-02
1.312500000000000000e+01,5.899999999999999689e-02
1.312667000000000073e+01,4.800000000000000100e-02
1.312833000000000006e+01,5.899999999999999689e-02
1.313000000000000078e+01,6.500000000000000222e-02
1.313166999999999973e+01,6.199999999999999956e-02
1.313333000000000084e+01,5.000000000000000278e-02
1.313499999999999979e+01,6.500000000000000222e-02
1.313667000000000051e+01,7.099999999999999367e-02
1.313832999999999984e+01,6.300000000000000044e-02
1.314000000000000057e+01,5.299999999999999850e-02
1.314166999999999952e+01,6.700000000000000400e-02
1.314333000000000062e+01,7.299999999999999545e-02
1.314499999999999957e+01,6.400000000000000133e-02
1.314667000000000030e+01,5.299999999999999850e-02
1.314832999999999963e+01,6.700000000000000400e-02
1.315000000000000036e+01,7.399999999999999634e-02
1.315166999999999931e+01,6.500000000000000222e-02
1.315333000000000041e+01,5.199999999999999761e-02
1.315499999999999936e+01,6.600000000000000311e-02
1.315667000000000009e+01,7.499999999999999722e-02
1.315832999999999942e+01,7.000000000000000666e-02
1.316000000000000014e+01,5.500000000000000028e-02
1.316167000000000087e+01,6.500000000000000222e-02
1.316333000000000020e+01,7.499999999999999722e-02
1.316499999999999915e+01,7.199999999999999456e-02
1.316666999999999987e+01,5.299999999999999850e-02
1.316832999999999920e+01,6.500000000000000222e-02
1.316999999999999993e+01,7.399999999999999634e-02
1.317167000000000066e+01,7.000000000000000666e-02
1.317332999999999998e+01,5.899999999999999689e-02
1.317500000000000071e+01,6.700000000000000400e-02
1.317666999999999966e+01,7.499999999999999722e-02
1.317833000000000077e+01,6.800000000000000488e-02
1.317999999999999972e+01,5.099999999999999672e-02
1.318167000000000044e+01,5.999999999999999778e-02
1.318332999999999977e+01,6.700000000000000400e-02
1.318500000000000050e+01,6.199999999999999956e-02
1.318666999999999945e+01,4.900000000000000189e-02
1.318833000000000055e+01,5.299999999999999850e-02
1.318999999999999950e+01,6.300000000000000044e-02
1.319167000000000023e+01,6.099999999999999867e-02
1.319332999999999956e+01,5.000000000000000278e-02
1.319500000000000028e+01,5.600000000000000117e-02
1.319666999999999923e+01,6.800000000000000488e-02
1.319833000000000034e+01,6.800000000000000488e-02
1.319999999999999929e+01,5.299999999999999850e-02
1.320167000000000002e+01,5.800000000000000294e-02
1.320332999999999934e+01,6.800000000000000488e-02
1.320500000000000007e+01,6.800000000000000488e-02
1.320667000000000080e+01,6.099999999999999867e-02
1.320833000000000013e+01,6.500000000000000222e-02
1.321000000000000085e+01,7.900000000000000078e-02
1.321166999999999980e+01,8.000000000000000167e-02
1.321332999999999913e+01,6.900000000000000577e-02
1.321499999999999986e+01,7.499999999999999722e-02
1.321667000000000058e+01,8.799999999999999489e-02
1.321832999999999991e+01,8.400000000000000522e-02
1.322000000000000064e+01,7.000000000000000666e-02
1.322166999999999959e+01,7.000000000000000666e-02
1.322333000000000069e+01,8.200000000000000344e-02
1.322499999999999964e+01,8.400000000000000522e-02
1.322667000000000037e+01,7.399999999999999634e-02
1.322832999999999970e+01,7.299999999999999545e-02
1.323000000000000043e+01,8.300000000000000433e-02
1.323166999999999938e+01,7.900000000000000078e-02
1.323333000000000048e+01,6.500000000000000222e-02
1.323499999999999943e+01,6.199999999999999956e-02
1.323667000000000016e+01,7.499999999999999722e-02
1.323832999999999949e+01,7.799999999999999989e-02
1.324000000000000021e+01,6.700000000000000400e-02
1.324166999999999916e+01,6.500000000000000222e-02
1.324333000000000027e+01,7.900000000000000078e-02
1.324499999999999922e+01,8.100000000000000255e-02
1.324666999999999994e+01,6.900000000000000577e-02
1.324832999999999927e+01,6.400000000000000133e-02
1.325000000000000000e+01,7.299999999999999545e-02
1.325167000000000073e+01,7.499999999999999722e-02
1.325333000000000006e+01,6.600000000000000311e-02
1.325500000000000078e+01,6.199999999999999956e-02
1.325666999999999973e+01,7.299999999999999545e-02
1.325833000000000084e+01,7.299999999999999545e-02
1.325999999999999979e+01,5.999999999999999778e-02
1.326167000000000051e+01,5.700000000000000205e-02
1.326332999999999984e+01,7.299999999999999545e-02
1.326500000000000057e+01,7.699999999999999900e-02
1.326666999999999952e+01,6.500000000000000222e-02
1.326833000000000062e+01,6.300000000000000044e-02
1.326999999999999957e+01,7.900000000000000078e-02
1.327167000000000030e+01,8.000000000000000167e-02
1.327332999999999963e+01,7.000000000000000666e-02
1.327500000000000036e+01,6.300000000000000044e-02
1.327666999999999931e+01,7.499999999999999722e-02
1.327833000000000041e+01,7.599999999999999811e-02
1.327999999999999936e+01,6.600000000000000311e-02
1.328167000000000009e+01,5.899999999999999689e-02
1.328332999999999942e+01,7.699999999999999900e-02
1.328500000000000014e+01,7.799999999999999989e-02
1.328667000000000087e+01,6.700000000000000400e-02
1.328833000000000020e+01,5.899999999999999689e-02
1.328999999999999915e+01,7.599999999999999811e-02
1.329166999999999987e+01,7.799999999999999989e-02
1.329332999999999920e+01,6.800000000000000488e-02
1.329499999999999993e+01,5.999999999999999778e-02
1.329667000000000066e+01,7.299999999999999545e-02
1.329832999999999998e+01,7.299999999999999545e-02
1.330000000000000071e+01,6.600000000000000311e-02
1.330166999999999966e+01,5.899999999999999689e-02
1.330333000000000077e+01,7.499999999999999722e-02
1.330499999999999972e+01,8.100000000000000255e-02
1.330667000000000044e+01,7.199999999999999456e-02
1.330832999999999977e+01,6.600000000000000311e-02
1.331000000000000050e+01,8.000000000000000167e-02
1.331166999999999945e+01,8.400000000000000522e-02
1.331333000000000055e+01,7.199999999999999456e-02
1.331499999999999950e+01,6.099999999999999867e-02
1.331667000000000023e+01,7.599999999999999811e-02
1.331832999999999956e+01,8.200000000000000344e-02
1.332000000000000028e+01,7.499999999999999722e-02
1.332166999999999923e+01,6.500000000000000222e-02
1.332333000000000034e+01,7.699999999999999900e-02
1.332499999999999929e+01,8.300000000000000433e-02
1.332667000000000002e+01,7.599999999999999811e-02
1.332832999999999934e+01,6.400000000000000133e-02
1.333000000000000007e+01,7.499999999999999722e-02
1.333167000000000080e+01,8.300000000000000433e-02
1.333333000000000013e+01,7.699999999999999900e-02
1.333500000000000085e+01,6.199999999999999956e-02
1.333666999999999980e+01,7.399999999999999634e-02
1.333832999999999913e+01,8.000000000000000167e-02
1.333999999999999986e+01,7.099999999999999367e-02
1.334167000000000058e+01,5.700000000000000205e-02
1.334332999999999991e+01,6.800000000000000488e-02
1.334500000000000064e+01,7.299999999999999545e-02
1.334666999999999959e+01,6.500000000000000222e-02
1.334833000000000069e+01,5.600000000000000117e-02
1.334999999999999964e+01,6.700000000000000400e-02
1.335167000000000037e+01,7.099999999999999367e-02
1.335332999999999970e+01,6.400000000000000133e-02
1.335500000000000043e+01,5.099999999999999672e-02
1.335666999999999938e+01,5.999999999999999778e-02
1.335833000000000048e+01,6.500000000000000222e-02
1.335999999999999943e+01,5.700000000000000205e-02
1.336167000000000016e+01,4.599999999999999922e-02
1.336332999999999949e+01,5.800000000000000294e-02
1.336500000000000021e+01,6.800000000000000488e-02
1.336666999999999916e+01,6.300000000000000044e-02
1.336833000000000027e+01,5.099999999999999672e-02
1.336999999999999922e+01,5.999999999999999778e-02
1.337166999999999994e+01,7.299999999999999545e-02
1.337332999999999927e+01,6.900000000000000577e-02
1.337500000000000000e+01,5.700000000000000205e-02
1.337667000000000073e+01,6.600000000000000311e-02
1.337833000000000006e+01,7.699999999999999900e-02
1.338000000000000078e+01,7.099999999999999367e-02
1.338166999999999973e+01,5.500000000000000028e-02
1.338333000000000084e+01,6.500000000000000222e-02
1.338499999999999979e+01,7.399999999999999634e-02
1.338667000000000051e+01,7.099999999999999367e-02
1.338832999999999984e+01,5.600000000000000117e-02
1.339000000000000057e+01,5.999999999999999778e-02
1.339166999999999952e+01,7.199999999999999456e-02
1.339333000000000062e+01,6.900000000000000577e-02
1.339499999999999957e+01,5.399999999999999939e-02
1.339667000000000030e+01,5.800000000000000294e-02
1.339832999999999963e+01,6.800000000000000488e-02
1.340000000000000036e+01,6.300000000000000044e-02
1.340166999999999931e+01,5.099999999999999672e-02
1.340333000000000041e+01,5.800000000000000294e-02
1.340499999999999936e+01,7.399999999999999634e-02
1.340667000000000009e+01,7.399999999999999634e-02
1.340832999999999942e+01,6.099999999999999867e-02
1.341000000000000014e+01,6.800000000000000488e-02
1.341167000000000087e+01,8.200000000000000344e-02
1.341333000000000020e+01,8.000000000000000167e-02
1.341499999999999915e+01,6.900000000000000577e-02
1.341666999999999987e+01,7.199999999999999456e-02
1.341832999999999920e+01,8.699999999999999400e-02
1.341999999999999993e+01,8.599999999999999312e-02
1.342167000000000066e+01,7.099999999999999367e-02
1.342332999999999998e+01,6.800000000000000488e-02
1.342500000000000071e+01,7.900000000000000078e-02
1.342666999999999966e+01,7.499999999999999722e-02
1.342833000000000077e+01,5.999999999999999778e-02
1.342999999999999972e+01,5.999999999999999778e-02
1.343167000000000044e+01,7.199999999999999456e-02
1.343332999999999977e+01,7.299999999999999545e-02
1.343500000000000050e+01,6.099999999999999867e-02
1.343666999999999945e+01,6.199999999999999956e-02
1.343833000000000055e+01,7.499999999999999722e-02
1.343999999999999950e+01,7.199999999999999456e-02
1.344167000000000023e+01,5.899999999999999689e-02
1.344332999999999956e+01,5.999999999999999778e-02
1.344500000000000028e+01,7.299999999999999545e-02
1.344666999999999923e+01,7.299999999999999545e-02
1.344833000000000034e+01,6.199999999999999956e-02
1.344999999999999929e+01,5.899999999999999689e-02
1.345167000000000002e+01,7.199999999999999456e-02
1.345332999999999934e+01,7.099999999999999367e-02
1.345500000000000007e+01,5.999999999999999778e-02
1.345667000000000080e+01,5.500000000000000028e-02
1.345833000000000013e+01,7.000000000000000666e-02
1.346000000000000085e+01,7.299999999999999545e-02
1.346166999999999980e+01,6.300000000000000044e-02
1.346332999999999913e+01,6.199999999999999956e-02
1.346499999999999986e+01,7.399999999999999634e-02
1.346667000000000058e+01,7.099999999999999367e-02
1.346832999999999991e+01,5.899999999999999689e-02
1.347000000000000064e+01,5.800000000000000294e-02
1.347166999999999959e+01,7.099999999999999367e-02
1.347333000000000069e+01,7.000000000000000666e-02
1.347499999999999964e+01,5.700000000000000205e-02
1.347667000000000037e+01,5.299999999999999850e-02
1.347832999999999970e+01,6.700000000000000400e-02
1.348000000000000043e+01,6.800000000000000488e-02
1.348166999999999938e+01,5.500000000000000028e-02
1.348333000000000048e+01,5.299999999999999850e-02
1.348499999999999943e+01,6.700000000000000400e-02
1.348667000000000016e+01,7.099999999999999367e-02
1.348832999999999949e+01,5.899999999999999689e-02
1.349000000000000021e+01,5.399999999999999939e-02
1.349166999999999916e+01,6.600000000000000311e-02
1.349333000000000027e+01,6.900000000000000577e-02
1.349499999999999922e+01,6.099999999999999867e-02
1.349666999999999994e+01,5.700000000000000205e-02
1.349832999999999927e+01,6.900000000000000577e-02
1.350000000000000000e+01,7.199999999999999456e-02
1.350167000000000073e+01,5.800000000000000294e-02
1.350333000000000006e+01,4.900000000000000189e-02
1.350500000000000078e+01,5.999999999999999778e-02
1.350666999999999973e+01,6.600000000000000311e-02
1.350833000000000084e+01,5.700000000000000205e-02
1.350999999999999979e+01,5.000000000000000278e-02
1.351167000000000051e+01,6.500000000000000222e-02
1.351332999999999984e+01,7.299999999999999545e-02
1.351500000000000057e+01,6.700000000000000400e-02
1.351666999999999952e+01,6.099999999999999867e-02
1.351833000000000062e+01,7.099999999999999367e-02
1.351999999999999957e+01,7.699999999999999900e-02
1.352167000000000030e+01,6.900000000000000577e-02
1.352332999999999963e+01,5.999999999999999778e-02
1.352500000000000036e+01,7.399999999999999634e-02
1.352666999999999931e+01,8.500000000000000611e-02
1.352833000000000041e+01,7.699999999999999900e-02
1.352999999999999936e+01,6.900000000000000577e-02
1.353167000000000009e+01,7.699999999999999900e-02
1.353332999999999942e+01,8.300000000000000433e-02
1.353500000000000014e+01,7.799999999999999989e-02
1.353667000000000087e+01,6.700000000000000400e-02
1.353833000000000020e+01,7.699999999999999900e-02
1.353999999999999915e+01,8.000000000000000167e-02
1.354166999999999987e+01,7.099999999999999367e-02
1.354332999999999920e+01,6.400000000000000133e-02
1.354499999999999993e+01,7.399999999999999634e-02
1.354667000000000066e+01,8.300000000000000433e-02
1.354832999999999998e+01,7.399999999999999634e-02
1.355000000000000071e+01,6.600000000000000311e-02
1.355166999999999966e+01,7.699999999999999900e-02
1.355333000000000077e+01,8.200000000000000344e-02
1.355499999999999972e+01,7.499999999999999722e-02
1.355667000000000044e+01,6.500000000000000222e-02
1.355832999999999977e+01,7.199999999999999456e-02
1.356000000000000050e+01,8.100000000000000255e-02
1.356166999999999945e+01,7.399999999999999634e-02
1.356333000000000055e+01,6.300000000000000044e-02
1.356499999999999950e+01,7.299999999999999545e-02
1.356667000000000023e+01,8.200000000000000344e-02
1.356832999999999956e+01,7.699999999999999900e-02
1.357000000000000028e+01,6.400000000000000133e-02
1.357166999999999923e+01,7.099999999999999367e-02
1.357333000000000034e+01,7.900000000000000078e-02
1.357499999999999929e+01,7.499999999999999722e-02
1.357667000000000002e+01,6.300000000000000044e-02
1.357832999999999934e+01,7.000000000000000666e-02
1.358000000000000007e+01,7.799999999999999989e-02
1.358167000000000080e+01,7.199999999999999456e-02
1.358333000000000013e+01,5.899999999999999689e-02
1.358500000000000085e+01,6.900000000000000577e-02
1.358666999999999980e+01,8.000000000000000167e-02
1.358832999999999913e+01,7.399999999999999634e-02
1.358999999999999986e+01,5.999999999999999778e-02
1.359167000000000058e+01,6.500000000000000222e-02
1.359332999999999991e+01,7.699999999999999900e-02
1.359500000000000064e+01,7.199999999999999456e-02
1.359666999999999959e+01,5.800000000000000294e-02
1.359833000000000069e+01,6.600000000000000311e-02
1.359999999999999964e+01,7.599999999999999811e-02
1.360167000000000037e+01,7.299999999999999545e-02
1.360332999999999970e+01,5.800000000000000294e-02
1.360500000000000043e+01,6.600000000000000311e-02
1.360666999999999938e+01,7.299999999999999545e-02
1.360833000000000048e+01,6.800000000000000488e-02
1.360999999999999943e+01,5.600000000000000117e-02
1.361167000000000016e+01,6.300000000000000044e-02
1.361332999999999949e+01,7.399999999999999634e-02
1.361500000000000021e+01,7.399999999999999634e-02
1.361666999999999916e+01,6.099999999999999867e-02
1.361833000000000027e+01,6.600000000000000311e-02
1.361999999999999922e+01,7.699999999999999900e-02
1.362166999999999994e+01,7.799999999999999989e-02
1.362332999999999927e+01,6.500000000000000222e-02
1.362500000000000000e+01,6.900000000000000577e-02
1.362667000000000073e+01,7.799999999999999989e-02
1.362833000000000006e+01,7.499999999999999722e-02
1.363000000000000078e+01,6.400000000000000133e-02
1.363166999999999973e+01,7.000000000000000666e-02
1.363333000000000084e+01,7.900000000000000078e-02
1.363499999999999979e+01,7.599999999999999811e-02
1.363667000000000051e+01,6.199999999999999956e-02
1.363832999999999984e+01,6.500000000000000222e-02
1.364000000000000057e+01,7.699999999999999900e-02
1.364166999999999952e+01,7.699999999999999900e-02
1.364333000000000062e+01,6.400000000000000133e-02
1.364499999999999957e+01,6.800000000000000488e-02
1.364667000000000030e+01,7.699999999999999900e-02
1.364832999999999963e+01,7.699999999999999900e-02
1.365000000000000036e+01,6.600000000000000311e-02
1.365166999999999931e+01,7.000000000000000666e-02
1.365333000000000041e+01,8.200000000000000344e-02
1.365499999999999936e+01,7.799999999999999989e-02
1.365667000000000009e+01,6.500000000000000222e-02
1.365832999999999942e+01,6.800000000000000488e-02
1.366000000000000014e+01,7.699999999999999900e-02
1.366167000000000087e+01,8.000000000000000167e-02
1.366333000000000020e+01,6.700000000000000400e-02
1.366499999999999915e+01,6.600000000000000311e-02
1.366666999999999987e+01,7.799999999999999989e-02
1.366832999999999920e+01,8.100000000000000255e-02
1.366999999999999993e+01,7.399999999999999634e-02
1.367167000000000066e+01,7.499999999999999722e-02
1.367332999999999998e+01,8.699999999999999400e-02
1.367500000000000071e+01,8.799999999999999489e-02
1.367666999999999966e+01,7.699999999999999900e-02
1.367833000000000077e+01,7.599999999999999811e-02
1.367999999999999972e+01,8.500000000000000611e-02
1.368167000000000044e+01,8.599999999999999312e-02
1.368332999999999977e+01,7.499999999999999722e-02
1.368500000000000050e+01,7.799999999999999989e-02
1.368666999999999945e+01,9.400000000000000022e-02
1.368833000000000055e+01,9.900000000000000466e-02
1.368999999999999950e+01,8.899999999999999578e-02
1.369167000000000023e+01,8.899999999999999578e-02
1.369332999999999956e+01,1.049999999999999961e-01
1.369500000000000028e+01,1.100000000000000006e-01
1.369666999999999923e+01,9.700000000000000289e-02
1.369833000000000034e+01,9.400000000000000022e-02
1.369999999999999929e+01,1.069999999999999979e-01
1.370167000000000002e+01,1.110000000000000014e-01
1.370332999999999934e+01,1.010000000000000064e-01
1.370500000000000007e+01,9.600000000000000200e-02
1.370667000000000080e+01,1.069999999999999979e-01
1.370833000000000013e+01,1.079999999999999988e-01
1.371000000000000085e+01,9.900000000000000466e-02
1.371166999999999980e+01,9.500000000000000111e-02
1.371332999999999913e+01,1.079999999999999988e-01
1.371499999999999986e+01,1.150000000000000050e-01
1.371667000000000058e+01,1.059999999999999970e-01
1.371832999999999991e+01,9.800000000000000377e-02
1.372000000000000064e+01,1.089999999999999997e-01
1.372166999999999959e+01,1.120000000000000023e-01
1.372333000000000069e+01,1.019999999999999934e-01
1.372499999999999964e+01,9.900000000000000466e-02
1.372667000000000037e+01,1.140000000000000041e-01
1.372832999999999970e+01,1.209999999999999964e-01
1.373000000000000043e+01,1.100000000000000006e-01
1.373166999999999938e+01,1.019999999999999934e-01
1.373333000000000048e+01,1.160000000000000059e-01
1.373499999999999943e+01,1.209999999999999964e-01
1.373667000000000016e+01,1.140000000000000041e-01
1.373832999999999949e+01,1.069999999999999979e-01
1.374000000000000021e+01,1.160000000000000059e-01
1.374166999999999916e+01,1.199999999999999956e-01
1.374333000000000027e+01,1.120000000000000023e-01
1.374499999999999922e+01,1.049999999999999961e-01
1.374666999999999994e+01,1.189999999999999947e-01
1.374832999999999927e+01,1.260000000000000009e-01
1.375000000000000000e+01,1.199999999999999956e-01
1.375167000000000073e+01,1.100000000000000006e-01
1.375333000000000006e+01,1.260000000000000009e-01
1.375500000000000078e+01,1.350000000000000089e-01
1.375666999999999973e+01,1.290000000000000036e-01
1.375833000000000084e+01,1.209999999999999964e-01
1.375999999999999979e+01,1.360000000000000098e-01
1.376167000000000051e+01,1.439999999999999891e-01
1.376332999999999984e+01,1.370000000000000107e-01
1.376500000000000057e+01,1.260000000000000009e-01
1.376666999999999952e+01,1.360000000000000098e-01
1.376833000000000062e+01,1.459999999999999909e-01
1.376999999999999957e+01,1.419999999999999873e-01
1.377167000000000030e+01,1.320000000000000062e-01
1.377332999999999963e+01,1.459999999999999909e-01
1.377500000000000036e+01,1.549999999999999989e-01
1.377666999999999931e+01,1.509999999999999953e-01
1.377833000000000041e+01,1.419999999999999873e-01
1.377999999999999936e+01,1.559999999999999998e-01
1.378167000000000009e+01,1.650000000000000078e-01
1.378332999999999942e+01,1.650000000000000078e-01
1.378500000000000014e+01,1.519999999999999962e-01
1.378667000000000087e+01,1.610000000000000042e-01
1.378833000000000020e+01,1.710000000000000131e-01
1.378999999999999915e+01,1.670000000000000095e-01
1.379166999999999987e+01,1.539999999999999980e-01
1.379332999999999920e+01,1.650000000000000078e-01
1.379499999999999993e+01,1.749999999999999889e-01
1.379667000000000066e+01,1.690000000000000113e-01
1.379832999999999998e+01,1.559999999999999998e-01
1.380000000000000071e+01,1.670000000000000095e-01
1.380166999999999966e+01,1.799999999999999933e-01
1.380333000000000077e+01,1.779999999999999916e-01
1.380499999999999972e+01,1.650000000000000078e-01
1.380667000000000044e+01,1.729999999999999871e-01
1.380832999999999977e+01,1.839999999999999969e-01
1.381000000000000050e+01,1.829999999999999960e-01
1.381166999999999945e+01,1.710000000000000131e-01
1.381333000000000055e+01,1.839999999999999969e-01
1.381499999999999950e+01,1.940000000000000058e-01
1.381667000000000023e+01,1.930000000000000049e-01
1.381832999999999956e+01,1.839999999999999969e-01
1.382000000000000028e+01,1.950000000000000067e-01
1.382166999999999923e+01,2.039999999999999869e-01
1.382333000000000034e+01,2.020000000000000129e-01
1.382499999999999929e+01,1.869999999999999996e-01
1.382667000000000002e+01,1.960000000000000075e-01
1.382832999999999934e+01,2.099999999999999922e-01
1.383000000000000007e+01,2.099999999999999922e-01
1.383167000000000080e+01,1.990000000000000102e-01
1.383333000000000013e+01,2.109999999999999931e-01
1.383500000000000085e+01,2.230000000000000038e-01
1.383666999999999980e+01,2.200000000000000011e-01
1.383832999999999913e+01,2.039999999999999869e-01
1.383999999999999986e+01,2.119999999999999940e-01
1.384167000000000058e+01,2.240000000000000047e-01
1.384332999999999991e+01,2.230000000000000038e-01
1.384500000000000064e+01,2.089999999999999913e-01
1.384666999999999959e+01,2.200000000000000011e-01
1.384833000000000069e+01,2.310000000000000109e-01
1.384999999999999964e+01,2.290000000000000091e-01
1.385167000000000037e+01,2.169999999999999984e-01
1.385332999999999970e+01,2.220000000000000029e-01
1.385500000000000043e+01,2.330000000000000127e-01
1.385666999999999938e+01,2.330000000000000127e-01
1.385833000000000048e+01,2.200000000000000011e-01
1.385999999999999943e+01,2.250000000000000056e-01
1.386167000000000016e+01,2.419999999999999929e-01
1.386332999999999949e+01,2.429999999999999938e-01
1.386500000000000021e+01,2.270000000000000073e-01
1.386666999999999916e+01,2.310000000000000109e-01
1.386833000000000027e+01,2.439999999999999947e-01
1.386999999999999922e+01,2.459999999999999964e-01
1.387166999999999994e+01,2.340000000000000135e-01
1.387332999999999927e+01,2.349999999999999867e-01
1.387500000000000000e+01,2.479999999999999982e-01
1.387667000000000073e+01,2.510000000000000009e-01
1.387833000000000006e+01,2.389999999999999902e-01
1.388000000000000078e+01,2.399999999999999911e-01
1.388166999999999973e+01,2.550000000000000044e-01
1.388333000000000084e+01,2.600000000000000089e-01
1.388499999999999979e+01,2.489999999999999991e-01
1.388667000000000051e+01,2.479999999999999982e-01
1.388832999999999984e+01,2.620000000000000107e-01
1.389000000000000057e+01,2.640000000000000124e-01
1.389166999999999952e+01,2.520000000000000018e-01
1.389333000000000062e+01,2.520000000000000018e-01
1.389499999999999957e+01,2.660000000000000142e-01
1.389667000000000030e+01,2.690000000000000169e-01
1.389832999999999963e+01,2.570000000000000062e-01
1.390000000000000036e+01,2.530000000000000027e-01
1.390166999999999931e+01,2.630000000000000115e-01
1.390333000000000041e+01,2.600000000000000089e-01
1.390499999999999936e+01,2.520000000000000018e-01
1.390667000000000009e+01,2.489999999999999991e-01
1.390832999999999942e+01,2.610000000000000098e-01
1.391000000000000014e+01,2.660000000000000142e-01
1.391167000000000087e+01,2.580000000000000071e-01
1.391333000000000020e+01,2.540000000000000036e-01
1.391499999999999915e+01,2.670000000000000151e-01
1.391666999999999987e+01,2.680000000000000160e-01
1.391832999999999920e+01,2.550000000000000044e-01
1.391999999999999993e+01,2.449999999999999956e-01
1.392167000000000066e+01,2.580000000000000071e-01
1.392332999999999998e+01,2.580000000000000071e-01
1.392500000000000071e+01,2.479999999999999982e-01
1.392666999999999966e+01,2.449999999999999956e-01
1.392833000000000077e+01,2.640000000000000124e-01
1.392999999999999972e+01,2.740000000000000213e-01
1.393167000000000044e+01,2.670000000000000151e-01
1.393332999999999977e+01,2.600000000000000089e-01
1.393500000000000050e+01,2.730000000000000204e-01
1.393666999999999945e+01,2.750000000000000222e-01
1.393833000000000055e+01,2.620000000000000107e-01
1.393999999999999950e+01,2.520000000000000018e-01
1.394167000000000023e+01,2.640000000000000124e-01
1.394332999999999956e+01,2.700000000000000178e-01
1.394500000000000028e+01,2.640000000000000124e-01
1.394666999999999923e+01,2.570000000000000062e-01
1.394833000000000034e+01,2.710000000000000187e-01
1.394999999999999929e+01,2.770000000000000240e-01
1.395167000000000002e+01,2.700000000000000178e-01
1.395332999999999934e+01,2.570000000000000062e-01
1.395500000000000007e+01,2.690000000000000169e-01
1.395667000000000080e+01,2.720000000000000195e-01
1.395833000000000013e+01,2.640000000000000124e-01
1.396000000000000085e+01,2.530000000000000027e-01
1.396166999999999980e+01,2.620000000000000107e-01
1.396332999999999913e+01,2.650000000000000133e-01
1.396499999999999986e+01,2.540000000000000036e-01
1.396667000000000058e+01,2.419999999999999929e-01
1.396832999999999991e+01,2.510000000000000009e-01
1.397000000000000064e+01,2.570000000000000062e-01
1.397166999999999959e+01,2.510000000000000009e-01
1.397333000000000069e+01,2.399999999999999911e-01
1.397499999999999964e+01,2.510000000000000009e-01
1.397667000000000037e+01,2.550000000000000044e-01
1.397832999999999970e+01,2.479999999999999982e-01
1.398000000000000043e+01,2.349999999999999867e-01
1.398166999999999938e+01,2.489999999999999991e-01
1.398333000000000048e+01,2.570000000000000062e-01
1.398499999999999943e+01,2.500000000000000000e-01
1.398667000000000016e+01,2.369999999999999885e-01
1.398832999999999949e+01,2.520000000000000018e-01
1.399000000000000021e+01,2.610000000000000098e-01
1.399166999999999916e+01,2.570000000000000062e-01
1.399333000000000027e+01,2.459999999999999964e-01
1.399499999999999922e+01,2.560000000000000053e-01
1.399666999999999994e+01,2.600000000000000089e-01
1.399832999999999927e+01,2.510000000000000009e-01
1.400000000000000000e+01,2.310000000000000109e-01
1.400167000000000073e+01,2.419999999999999929e-01
1.400333000000000006e+01,2.489999999999999991e-01
1.400500000000000078e+01,2.399999999999999911e-01
1.400666999999999973e+01,2.270000000000000073e-01
1.400833000000000084e+01,2.359999999999999876e-01
1.400999999999999979e+01,2.439999999999999947e-01
1.401167000000000051e+01,2.359999999999999876e-01
1.401332999999999984e+01,2.210000000000000020e-01
1.401500000000000057e+01,2.330000000000000127e-01
1.401666999999999952e+01,2.399999999999999911e-01
1.401833000000000062e+01,2.330000000000000127e-01
1.401999999999999957e+01,2.149999999999999967e-01
1.402167000000000030e+01,2.220000000000000029e-01
1.402332999999999963e+01,2.320000000000000118e-01
1.402500000000000036e+01,2.290000000000000091e-01
1.402666999999999931e+01,2.139999999999999958e-01
1.402833000000000041e+01,2.169999999999999984e-01
1.402999999999999936e+01,2.240000000000000047e-01
1.403167000000000009e+01,2.179999999999999993e-01
1.403332999999999942e+01,2.020000000000000129e-01
1.403500000000000014e+01,2.099999999999999922e-01
1.403667000000000087e+01,2.200000000000000011e-01
1.403833000000000020e+01,2.169999999999999984e-01
1.403999999999999915e+01,1.980000000000000093e-01
1.404166999999999987e+01,2.010000000000000120e-01
1.404332999999999920e+01,2.109999999999999931e-01
1.404499999999999993e+01,2.089999999999999913e-01
1.404667000000000066e+01,1.970000000000000084e-01
1.404832999999999998e+01,2.010000000000000120e-01
1.405000000000000071e+01,2.109999999999999931e-01
1.405166999999999966e+01,2.059999999999999887e-01
1.405333000000000077e+01,1.880000000000000004e-01
1.405499999999999972e+01,1.920000000000000040e-01
1.405667000000000044e+01,2.010000000000000120e-01
1.405832999999999977e+01,1.960000000000000075e-01
1.406000000000000050e+01,1.799999999999999933e-01
1.406166999999999945e+01,1.789999999999999925e-01
1.406333000000000055e+01,1.890000000000000013e-01
1.406499999999999950e+01,1.900000000000000022e-01
1.406667000000000023e+01,1.779999999999999916e-01
1.406832999999999956e+01,1.789999999999999925e-01
1.407000000000000028e+01,1.900000000000000022e-01
1.407166999999999923e+01,1.890000000000000013e-01
1.407333000000000034e+01,1.769999999999999907e-01
1.407499999999999929e+01,1.779999999999999916e-01
1.407667000000000002e+01,1.910000000000000031e-01
1.407832999999999934e+01,1.900000000000000022e-01
1.408000000000000007e+01,1.729999999999999871e-01
1.408167000000000080e+01,1.700000000000000122e-01
1.408333000000000013e+01,1.829999999999999960e-01
1.408500000000000085e+01,1.839999999999999969e-01
1.408666999999999980e+01,1.700000000000000122e-01
1.408832999999999913e+01,1.650000000000000078e-01
1.408999999999999986e+01,1.779999999999999916e-01
1.409167000000000058e+01,1.799999999999999933e-01
1.409332999999999991e+01,1.660000000000000087e-01
1.409500000000000064e+01,1.610000000000000042e-01
1.409666999999999959e+01,1.719999999999999862e-01
1.409833000000000069e+01,1.690000000000000113e-01
1.409999999999999964e+01,1.570000000000000007e-01
1.410167000000000037e+01,1.559999999999999998e-01
1.410332999999999970e+01,1.719999999999999862e-01
1.410500000000000043e+01,1.759999999999999898e-01
1.410666999999999938e+01,1.650000000000000078e-01
1.410833000000000048e+01,1.580000000000000016e-01
1.410999999999999943e+01,1.710000000000000131e-01
1.411167000000000016e+01,1.690000000000000113e-01
1.411332999999999949e+01,1.549999999999999989e-01
1.411500000000000021e+01,1.479999999999999927e-01
1.411666999999999916e+01,1.630000000000000060e-01
1.411833000000000027e+01,1.650000000000000078e-01
1.411999999999999922e+01,1.539999999999999980e-01
1.412166999999999994e+01,1.449999999999999900e-01
1.412332999999999927e+01,1.570000000000000007e-01
1.412500000000000000e+01,1.610000000000000042e-01
1.412667000000000073e+01,1.519999999999999962e-01
1.412833000000000006e+01,1.439999999999999891e-01
1.413000000000000078e+01,1.590000000000000024e-01
1.413166999999999973e+01,1.610000000000000042e-01
1.413333000000000084e+01,1.469999999999999918e-01
1.413499999999999979e+01,1.380000000000000115e-01
1.413667000000000051e+01,1.499999999999999944e-01
1.413832999999999984e+01,1.509999999999999953e-01
1.414000000000000057e+01,1.390000000000000124e-01
1.414166999999999952e+01,1.320000000000000062e-01
1.414333000000000062e+01,1.439999999999999891e-01
1.414499999999999957e+01,1.449999999999999900e-01
1.414667000000000030e+01,1.340000000000000080e-01
1.414832999999999963e+01,1.290000000000000036e-01
1.415000000000000036e+01,1.419999999999999873e-01
1.415166999999999931e+01,1.449999999999999900e-01
1.415333000000000041e+01,1.360000000000000098e-01
1.415499999999999936e+01,1.260000000000000009e-01
1.415667000000000009e+01,1.390000000000000124e-01
1.415832999999999942e+01,1.429999999999999882e-01
1.416000000000000014e+01,1.340000000000000080e-01
1.416167000000000087e+01,1.290000000000000036e-01
1.416333000000000020e+01,1.409999999999999865e-01
1.416499999999999915e+01,1.429999999999999882e-01
1.416666999999999987e+01,1.340000000000000080e-01
1.416832999999999920e+01,1.209999999999999964e-01
1.416999999999999993e+01,1.330000000000000071e-01
1.417167000000000066e+01,1.380000000000000115e-01
1.417332999999999998e+01,1.290000000000000036e-01
1.417500000000000071e+01,1.179999999999999938e-01
1.417666999999999966e+01,1.300000000000000044e-01
1.417833000000000077e+01,1.330000000000000071e-01
1.417999999999999972e+01,1.229999999999999982e-01
1.418167000000000044e+01,1.130000000000000032e-01
1.418332999999999977e+01,1.270000000000000018e-01
1.418500000000000050e+01,1.330000000000000071e-01
1.418666999999999945e+01,1.270000000000000018e-01
1.418833000000000055e+01,1.110000000000000014e-01
1.418999999999999950e+01,1.179999999999999938e-01
1.419167000000000023e+01,1.250000000000000000e-01
1.419332999999999956e+01,1.189999999999999947e-01
1.419500000000000028e+01,1.079999999999999988e-01
1.419666999999999923e+01,1.229999999999999982e-01
1.419833000000000034e+01,1.300000000000000044e-01
1.419999999999999929e+01,1.229999999999999982e-01
1.420167000000000002e+01,1.110000000000000014e-01
1.420332999999999934e+01,1.219999999999999973e-01
1.420500000000000007e+01,1.300000000000000044e-01
1.420667000000000080e+01,1.239999999999999991e-01
1.420833000000000013e+01,1.110000000000000014e-01
1.421000000000000085e+01,1.199999999999999956e-01
1.421166999999999980e+01,1.280000000000000027e-01
1.421332999999999913e+01,1.229999999999999982e-01
1.421499999999999986e+01,1.120000000000000023e-01
1.421667000000000058e+01,1.209999999999999964e-01
1.421832999999999991e+01,1.320000000000000062e-01
1.422000000000000064e+01,1.280000000000000027e-01
1.422166999999999959e+01,1.179999999999999938e-01
1.422333000000000069e+01,1.260000000000000009e-01
1.422499999999999964e+01,1.350000000000000089e-01
1.422667000000000037e+01,1.310000000000000053e-01
1.422832999999999970e+01,1.199999999999999956e-01
1.423000000000000043e+01,1.280000000000000027e-01
1.423166999999999938e+01,1.390000000000000124e-01
1.423333000000000048e+01,1.370000000000000107e-01
1.423499999999999943e+01,1.250000000000000000e-01
1.423667000000000016e+01,1.290000000000000036e-01
1.423832999999999949e+01,1.380000000000000115e-01
1.424000000000000021e+01,1.310000000000000053e-01
1.424166999999999916e+01,1.179999999999999938e-01
1.424333000000000027e+01,1.250000000000000000e-01
1.424499999999999922e+01,1.360000000000000098e-01
1.424666999999999994e+01,1.350000000000000089e-01
1.424832999999999927e+01,1.250000000000000000e-01
1.425000000000000000e+01,1.320000000000000062e-01
1.425167000000000073e+01,1.419999999999999873e-01
1.425333000000000006e+01,1.390000000000000124e-01
1.425500000000000078e+01,1.270000000000000018e-01
1.425666999999999973e+01,1.310000000000000053e-01
1.425833000000000084e+01,1.449999999999999900e-01
1.425999999999999979e+01,1.459999999999999909e-01
1.426167000000000051e+01,1.370000000000000107e-01
1.426332999999999984e+01,1.409999999999999865e-01
1.426500000000000057e+01,1.580000000000000016e-01
1.426666999999999952e+01,1.570000000000000007e-01
1.426833000000000062e+01,1.439999999999999891e-01
1.426999999999999957e+01,1.469999999999999918e-01
1.427167000000000030e+01,1.630000000000000060e-01
1.427332999999999963e+01,1.610000000000000042e-01
1.427500000000000036e+01,1.519999999999999962e-01
1.427666999999999931e+01,1.570000000000000007e-01
1.427833000000000041e+01,1.729999999999999871e-01
1.427999999999999936e+01,1.759999999999999898e-01
1.428167000000000009e+01,1.650000000000000078e-01
1.428332999999999942e+01,1.680000000000000104e-01
1.428500000000000014e+01,1.859999999999999987e-01
1.428667000000000087e+01,1.920000000000000040e-01
1.428833000000000020e+01,1.819999999999999951e-01
1.428999999999999915e+01,1.849999999999999978e-01
1.429166999999999987e+01,2.010000000000000120e-01
1.429332999999999920e+01,2.000000000000000111e-01
1.429499999999999993e+01,1.920000000000000040e-01
1.429667000000000066e+01,1.980000000000000093e-01
1.429832999999999998e+01,2.139999999999999958e-01
1.430000000000000071e+01,2.190000000000000002e-01
1.430166999999999966e+01,2.149999999999999967e-01
1.430333000000000077e+01,2.210000000000000020e-01
1.430499999999999972e+01,2.399999999999999911e-01
1.430667000000000044e+01,2.479999999999999982e-01
1.430832999999999977e+01,2.419999999999999929e-01
1.431000000000000050e+01,2.459999999999999964e-01
1.431166999999999945e+01,2.660000000000000142e-01
1.431333000000000055e+01,2.730000000000000204e-01
1.431499999999999950e+01,2.680000000000000160e-01
1.431667000000000023e+01,2.720000000000000195e-01
1.431832999999999956e+01,2.919999999999999818e-01
1.432000000000000028e+01,3.079999999999999960e-01
1.432166999999999923e+01,3.059999999999999942e-01
1.432333000000000034e+01,3.089999999999999969e-01
1.432499999999999929e+01,3.320000000000000173e-01
1.432667000000000002e+01,3.439999999999999725e-01
1.432832999999999934e+01,3.439999999999999725e-01
1.433000000000000007e+01,3.469999999999999751e-01
1.433167000000000080e+01,3.709999999999999964e-01
1.433333000000000013e+01,3.820000000000000062e-01
1.433500000000000085e+01,3.820000000000000062e-01
1.433666999999999980e+01,3.870000000000000107e-01
1.433832999999999913e+01,4.149999999999999800e-01
1.433999999999999986e+01,4.339999999999999969e-01
1.434167000000000058e+01,4.420000000000000040e-01
1.434332999999999991e+01,4.510000000000000120e-01
1.434500000000000064e+01,4.749999999999999778e-01
1.434666999999999959e+01,4.919999999999999929e-01
1.434833000000000069e+01,4.959999999999999964e-01
1.434999999999999964e+01,5.030000000000000027e-01
1.435167000000000037e+01,5.320000000000000284e-01
1.435332999999999970e+01,5.480000000000000426e-01
1.435500000000000043e+01,5.580000000000000515e-01
1.435666999999999938e+01,5.639999999999999458e-01
1.435833000000000048e+01,5.949999999999999734e-01
1.435999999999999943e+01,6.189999999999999947e-01
1.436167000000000016e+01,6.340000000000000080e-01
1.436332999999999949e+01,6.440000000000000169e-01
1.436500000000000021e+01,6.770000000000000462e-01
1.436666999999999916e+01,7.059999999999999609e-01
1.436833000000000027e+01,7.209999999999999742e-01
1.436999999999999922e+01,7.349999999999999867e-01
1.437166999999999994e+01,7.710000000000000187e-01
1.437332999999999927e+01,8.020000000000000462e-01
1.437500000000000000e+01,8.229999999999999538e-01
1.437667000000000073e+01,8.399999999999999689e-01
1.437833000000000006e+01,8.830000000000000071e-01
1.438000000000000078e+01,9.200000000000000400e-01
1.438166999999999973e+01,9.439999999999999503e-01
1.438333000000000084e+01,9.639999999999999680e-01
1.438499999999999979e+01,1.006000000000000005e+00
1.438667000000000051e+01,1.048999999999999932e+00
1.438832999999999984e+01,1.080999999999999961e+00
1.439000000000000057e+01,1.104000000000000092e+00
1.439166999999999952e+01,1.151000000000000023e+00
1.439333000000000062e+01,1.197999999999999954e+00
1.439499999999999957e+01,1.231000000000000094e+00
1.439667000000000030e+01,1.260000000000000009e+00
1.439832999999999963e+01,1.310000000000000053e+00
1.440000000000000036e+01,1.360999999999999988e+00
1.440166999999999931e+01,1.399999999999999911e+00
1.440333000000000041e+01,1.433000000000000052e+00
1.440499999999999936e+01,1.489999999999999991e+00
1.440667000000000009e+01,1.546000000000000041e+00
1.440832999999999942e+01,1.592000000000000082e+00
1.441000000000000014e+01,1.631999999999999895e+00
1.441167000000000087e+01,1.689999999999999947e+00
1.441333000000000020e+01,1.752999999999999892e+00
1.441499999999999915e+01,1.806999999999999940e+00
1.441666999999999987e+01,1.854999999999999982e+00
1.441832999999999920e+01,1.921000000000000041e+00
1.441999999999999993e+01,1.993999999999999995e+00
1.442167000000000066e+01,2.056000000000000050e+00
1.442332999999999998e+01,2.108999999999999986e+00
1.442500000000000071e+01,2.182999999999999829e+00
1.442666999999999966e+01,2.266000000000000014e+00
1.442833000000000077e+01,2.337000000000000188e+00
1.442999999999999972e+01,2.399999999999999911e+00
1.443167000000000044e+01,2.483999999999999986e+00
1.443332999999999977e+01,2.575000000000000178e+00
1.443500000000000050e+01,2.656000000000000139e+00
1.443666999999999945e+01,2.729000000000000092e+00
1.443833000000000055e+01,2.817000000000000171e+00
1.443999999999999950e+01,2.916999999999999815e+00
1.444167000000000023e+01,3.011000000000000121e+00
1.444332999999999956e+01,3.092999999999999972e+00
1.444500000000000028e+01,3.193999999999999950e+00
1.444666999999999923e+01,3.306000000000000050e+00
1.444833000000000034e+01,3.408999999999999808e+00
1.444999999999999929e+01,3.503000000000000114e+00
1.445167000000000002e+01,3.611000000000000210e+00
1.445332999999999934e+01,3.737000000000000099e+00
1.445500000000000007e+01,3.849000000000000199e+00
1.445667000000000080e+01,3.952999999999999847e+00
1.445833000000000013e+01,4.070000000000000284e+00
1.446000000000000085e+01,4.203999999999999737e+00
1.446166999999999980e+01,4.331999999999999851e+00
1.446332999999999913e+01,4.448999999999999844e+00
1.446499999999999986e+01,4.578999999999999737e+00
1.446667000000000058e+01,4.724999999999999645e+00
1.446832999999999991e+01,4.865000000000000213e+00
1.447000000000000064e+01,4.993000000000000327e+00
1.447166999999999959e+01,5.137999999999999901e+00
1.447333000000000069e+01,5.301000000000000156e+00
1.447499999999999964e+01,5.455000000000000071e+00
1.447667000000000037e+01,5.596000000000000085e+00
1.447832999999999970e+01,5.753999999999999559e+00
1.448000000000000043e+01,5.929999999999999716e+00
1.448166999999999938e+01,6.097000000000000419e+00
1.448333000000000048e+01,6.256000000000000227e+00
1.448499999999999943e+01,6.429999999999999716e+00
1.448667000000000016e+01,6.623000000000000220e+00
1.448832999999999949e+01,6.807999999999999829e+00
1.449000000000000021e+01,6.988000000000000433e+00
1.449166999999999916e+01,7.177999999999999936e+00
1.449333000000000027e+01,7.386999999999999567e+00
1.449499999999999922e+01,7.584999999999999964e+00
1.449666999999999994e+01,7.775000000000000355e+00
1.449832999999999927e+01,7.980000000000000426e+00
1.450000000000000000e+01,8.205000000000000071e+00
1.450167000000000073e+01,8.422000000000000597e+00
1.450333000000000006e+01,8.631999999999999673e+00
1.450500000000000078e+01,8.851000000000000867e+00
1.450666999999999973e+01,9.092000000000000526e+00
1.450833000000000084e+01,9.326999999999999957e+00
1.450999999999999979e+01,9.551000000000000156e+00
1.451167000000000051e+01,9.784000000000000696e+00
1.451332999999999984e+01,1.004100000000000037e+01
1.451500000000000057e+01,1.029499999999999993e+01
1.451666999999999952e+01,1.053700000000000081e+01
1.451833000000000062e+01,1.078599999999999959e+01
1.451999999999999957e+01,1.106000000000000050e+01
1.452167000000000030e+01,1.133200000000000074e+01
1.452332999999999963e+01,1.159500000000000064e+01
1.452500000000000036e+01,1.186400000000000077e+01
1.452666999999999931e+01,1.215499999999999936e+01
1.452833000000000041e+01,1.244100000000000072e+01
1.452999999999999936e+01,1.271599999999999930e+01
1.453167000000000009e+01,1.300000000000000000e+01
1.453332999999999942e+01,1.330400000000000027e+01
1.453500000000000014e+01,1.360699999999999932e+01
1.453667000000000087e+01,1.390399999999999991e+01
1.453833000000000020e+01,1.420700000000000074e+01
1.453999999999999915e+01,1.452800000000000047e+01
1.454166999999999987e+01,1.484500000000000064e+01
1.454332999999999920e+01,1.515399999999999991e+01
1.454499999999999993e+01,1.546499999999999986e+01
1.454667000000000066e+01,1.580100000000000016e+01
1.454832999999999998e+01,1.613400000000000034e+01
1.455000000000000071e+01,1.645299999999999940e+01
1.455166999999999966e+01,1.677799999999999869e+01
1.455333000000000077e+01,1.712399999999999878e+01
1.455499999999999972e+01,1.747299999999999898e+01
1.455667000000000044e+01,1.781099999999999994e+01
1.455832999999999977e+01,1.814999999999999858e+01
1.456000000000000050e+01,1.851000000000000156e+01
1.456166999999999945e+01,1.887399999999999878e+01
1.456333000000000055e+01,1.922400000000000020e+01
1.456499999999999950e+01,1.957700000000000173e+01
1.456667000000000023e+01,1.994900000000000162e+01
1.456832999999999956e+01,2.032100000000000151e+01
1.457000000000000028e+01,2.068299999999999983e+01
1.457166999999999923e+01,2.103999999999999915e+01
1.457333000000000034e+01,2.141900000000000048e+01
1.457499999999999929e+01,2.179899999999999949e+01
1.457667000000000002e+01,2.216799999999999926e+01
1.457832999999999934e+01,2.253500000000000014e+01
1.458000000000000007e+01,2.292500000000000071e+01
1.458167000000000080e+01,2.331200000000000117e+01
1.458333000000000013e+01,2.368299999999999983e+01
1.458500000000000085e+01,2.405399999999999849e+01
1.458666999999999980e+01,2.444500000000000028e+01
1.458832999999999913e+01,2.483699999999999974e+01
1.458999999999999986e+01,2.521499999999999986e+01
1.459167000000000058e+01,2.558599999999999852e+01
1.459332999999999991e+01,2.597800000000000153e+01
1.459500000000000064e+01,2.637300000000000111e+01
1.459666999999999959e+01,2.675300000000000011e+01
1.459833000000000069e+01,2.712800000000000011e+01
1.459999999999999964e+01,2.751999999999999957e+01
1.460167000000000037e+01,2.791100000000000136e+01
1.460332999999999970e+01,2.828999999999999915e+01
1.460500000000000043e+01,2.866499999999999915e+01
1.460666999999999938e+01,2.905799999999999983e+01
1.460833000000000048e+01,2.944900000000000162e+01
1.460999999999999943e+01,2.982499999999999929e+01
1.461167000000000016e+01,3.019300000000000139e+01
1.461332999999999949e+01,3.057499999999999929e+01
1.461500000000000021e+01,3.096199999999999974e+01
1.461666999999999916e+01,3.132799999999999940e+01
1.461833000000000027e+01,3.168299999999999983e+01
1.461999999999999922e+01,3.206000000000000227e+01
1.462166999999999994e+01,3.243299999999999983e+01
1.462332999999999927e+01,3.279099999999999682e+01
1.462500000000000000e+01,3.313499999999999801e+01
1.462667000000000073e+01,3.349300000000000210e+01
1.462833000000000006e+01,3.385300000000000153e+01
1.463000000000000078e+01,3.419200000000000017e+01
1.463166999999999973e+01,3.452199999999999847e+01
1.463333000000000084e+01,3.486899999999999977e+01
1.463499999999999979e+01,3.521200000000000330e+01
1.463667000000000051e+01,3.553999999999999915e+01
1.463832999999999984e+01,3.585300000000000153e+01
1.464000000000000057e+01,3.617999999999999972e+01
1.464166999999999952e+01,3.650800000000000267e+01
1.464333000000000062e+01,3.681799999999999784e+01
1.464499999999999957e+01,3.710900000000000176e+01
1.464667000000000030e+01,3.741400000000000148e+01
1.464832999999999963e+01,3.771999999999999886e+01
1.465000000000000036e+01,3.800900000000000034e+01
1.465166999999999931e+01,3.828300000000000125e+01
1.465333000000000041e+01,3.856499999999999773e+01
1.465499999999999936e+01,3.884700000000000131e+01
1.465667000000000009e+01,3.911200000000000188e+01
1.465832999999999942e+01,3.935900000000000176e+01
1.466000000000000014e+01,3.961500000000000199e+01
1.466167000000000087e+01,3.987400000000000233e+01
1.466333000000000020e+01,4.010600000000000165e+01
1.466499999999999915e+01,4.031900000000000261e+01
1.466666999999999987e+01,4.054500000000000171e+01
1.466832999999999920e+01,4.077300000000000324e+01
1.466999999999999993e+01,4.098199999999999932e+01
1.467167000000000066e+01,4.117199999999999704e+01
1.467332999999999998e+01,4.136999999999999744e+01
1.467500000000000071e+01,4.156700000000000017e+01
1.467666999999999966e+01,4.174499999999999744e+01
1.467833000000000077e+01,4.190299999999999869e+01
1.467999999999999972e+01,4.206600000000000250e+01
1.468167000000000044e+01,4.223199999999999932e+01
1.468332999999999977e+01,4.237700000000000244e+01
1.468500000000000050e+01,4.250000000000000000e+01
1.468666999999999945e+01,4.263000000000000256e+01
1.468833000000000055e+01,4.276400000000000290e+01
1.468999999999999950e+01,4.287700000000000244e+01
1.469167000000000023e+01,4.296999999999999886e+01
1.469332999999999956e+01,4.306799999999999784e+01
1.469500000000000028e+01,4.316499999999999915e+01
1.469666999999999923e+01,4.324199999999999733e+01
1.469833000000000034e+01,4.330100000000000193e+01
1.469999999999999929e+01,4.336099999999999710e+01
1.470167000000000002e+01,4.342300000000000182e+01
1.470332999999999934e+01,4.347099999999999653e+01
1.470500000000000007e+01,4.349799999999999756e+01
1.470667000000000080e+01,4.352499999999999858e+01
1.470833000000000013e+01,4.355700000000000216e+01
1.471000000000000085e+01,4.356700000000000017e+01
1.471166999999999980e+01,4.355499999999999972e+01
1.471332999999999913e+01,4.354299999999999926e+01
1.471499999999999986e+01,4.354200000000000159e+01
1.471667000000000058e+01,4.352100000000000080e+01
1.471832999999999991e+01,4.347500000000000142e+01
1.472000000000000064e+01,4.342399999999999949e+01
1.472166999999999959e+01,4.338700000000000045e+01
1.472333000000000069e+01,4.333599999999999852e+01
1.472499999999999964e+01,4.326100000000000279e+01
1.472667000000000037e+01,4.318500000000000227e+01
1.472832999999999970e+01,4.312100000000000222e+01
1.473000000000000043e+01,4.303799999999999670e+01
1.473166999999999938e+01,4.293099999999999739e+01
1.473333000000000048e+01,4.281799999999999784e+01
1.473499999999999943e+01,4.271399999999999864e+01
1.473667000000000016e+01,4.259300000000000352e+01
1.473832999999999949e+01,4.245600000000000307e+01
1.474000000000000021e+01,4.231300000000000239e+01
1.474166999999999916e+01,4.218299999999999983e+01
1.474333000000000027e+01,4.203900000000000148e+01
1.474499999999999922e+01,4.187199999999999989e+01
1.474666999999999994e+01,4.169899999999999807e+01
1.474832999999999927e+01,4.154099999999999682e+01
1.475000000000000000e+01,4.137100000000000222e+01
1.475167000000000073e+01,4.118200000000000216e+01
1.475333000000000006e+01,4.098799999999999955e+01
1.475500000000000078e+01,4.080400000000000205e+01
1.475666999999999973e+01,4.060699999999999932e+01
1.475833000000000084e+01,4.039000000000000057e+01
1.475999999999999979e+01,4.016799999999999926e+01
1.476167000000000051e+01,3.996200000000000330e+01
1.476332999999999984e+01,3.974300000000000210e+01
1.476500000000000057e+01,3.950699999999999790e+01
1.476666999999999952e+01,3.926599999999999824e+01
1.476833000000000062e+01,3.903999999999999915e+01
1.476999999999999957e+01,3.879899999999999949e+01
1.477167000000000030e+01,3.854200000000000159e+01
1.477332999999999963e+01,3.828000000000000114e+01
1.477500000000000036e+01,3.803399999999999892e+01
1.477666999999999931e+01,3.778099999999999881e+01
1.477833000000000041e+01,3.750999999999999801e+01
1.477999999999999936e+01,3.722999999999999687e+01
1.478167000000000009e+01,3.696600000000000108e+01
1.478332999999999942e+01,3.669599999999999795e+01
1.478500000000000014e+01,3.640599999999999881e+01
1.478667000000000087e+01,3.610900000000000176e+01
1.478833000000000020e+01,3.583400000000000318e+01
1.478999999999999915e+01,3.555299999999999727e+01
1.479166999999999987e+01,3.525399999999999778e+01
1.479332999999999920e+01,3.494599999999999795e+01
1.479499999999999993e+01,3.465999999999999659e+01
1.479667000000000066e+01,3.436999999999999744e+01
1.479832999999999998e+01,3.406099999999999994e+01
1.480000000000000071e+01,3.374499999999999744e+01
1.480166999999999966e+01,3.345000000000000284e+01
1.480333000000000077e+01,3.314900000000000091e+01
1.480499999999999972e+01,3.283599999999999852e+01
1.480667000000000044e+01,3.251299999999999812e+01
1.480832999999999977e+01,3.220700000000000074e+01
1.481000000000000050e+01,3.189699999999999847e+01
1.481166999999999945e+01,3.157700000000000173e+01
1.481333000000000055e+01,3.125199999999999889e+01
1.481499999999999950e+01,3.094399999999999906e+01
1.481667000000000023e+01,3.063400000000000034e+01
1.481832999999999956e+01,3.031299999999999883e+01
1.482000000000000028e+01,2.998100000000000165e+01
1.482166999999999923e+01,2.967200000000000060e+01
1.482333000000000034e+01,2.936199999999999832e+01
1.482499999999999929e+01,2.903900000000000148e+01
1.482667000000000002e+01,2.870799999999999841e+01
1.482832999999999934e+01,2.839999999999999858e+01
1.483000000000000007e+01,2.808800000000000097e+01
1.483167000000000080e+01,2.776500000000000057e+01
1.483333000000000013e+01,2.743599999999999994e+01
1.483500000000000085e+01,2.713100000000000023e+01
1.483666999999999980e+01,2.682000000000000028e+01
1.483832999999999913e+01,2.650000000000000000e+01
1.483999999999999986e+01,2.617299999999999827e+01
1.484167000000000058e+01,2.586599999999999966e+01
1.484332999999999991e+01,2.556099999999999994e+01
1.484500000000000064e+01,2.524599999999999866e+01
1.484666999999999959e+01,2.492299999999999827e+01
1.484833000000000069e+01,2.462699999999999889e+01
1.484999999999999964e+01,2.433200000000000074e+01
1.485167000000000037e+01,2.402299999999999969e+01
1.485332999999999970e+01,2.370299999999999940e+01
1.485500000000000043e+01,2.340599999999999881e+01
1.485666999999999938e+01,2.311400000000000077e+01
1.485833000000000048e+01,2.281299999999999883e+01
1.485999999999999943e+01,2.250199999999999889e+01
1.486167000000000016e+01,2.221199999999999974e+01
1.486332999999999949e+01,2.192800000000000082e+01
1.486500000000000021e+01,2.163500000000000156e+01
1.486666999999999916e+01,2.133099999999999952e+01
1.486833000000000027e+01,2.104899999999999949e+01
1.486999999999999922e+01,2.077700000000000102e+01
1.487166999999999994e+01,2.049399999999999977e+01
1.487332999999999927e+01,2.020100000000000051e+01
1.487500000000000000e+01,1.992399999999999949e+01
1.487667000000000073e+01,1.965500000000000114e+01
1.487833000000000006e+01,1.937800000000000011e+01
1.488000000000000078e+01,1.908999999999999986e+01
1.488166999999999973e+01,1.882000000000000028e+01
1.488333000000000084e+01,1.856500000000000128e+01
1.488499999999999979e+01,1.830099999999999838e+01
1.488667000000000051e+01,1.802400000000000091e+01
1.488832999999999984e+01,1.776899999999999835e+01
1.489000000000000057e+01,1.752599999999999980e+01
1.489166999999999952e+01,1.727299999999999969e+01
1.489333000000000062e+01,1.701200000000000045e+01
1.489499999999999957e+01,1.676399999999999935e+01
1.489667000000000030e+01,1.652899999999999991e+01
1.489832999999999963e+01,1.628600000000000136e+01
1.490000000000000036e+01,1.603300000000000125e+01
1.490166999999999931e+01,1.579199999999999982e+01
1.490333000000000041e+01,1.556600000000000072e+01
1.490499999999999936e+01,1.533399999999999963e+01
1.490667000000000009e+01,1.509299999999999997e+01
1.490832999999999942e+01,1.486599999999999966e+01
1.491000000000000014e+01,1.465399999999999991e+01
1.491167000000000087e+01,1.443500000000000050e+01
1.491333000000000020e+01,1.420400000000000063e+01
1.491499999999999915e+01,1.398499999999999943e+01
1.491666999999999987e+01,1.378400000000000070e+01
1.491832999999999920e+01,1.357600000000000051e+01
1.491999999999999993e+01,1.335299999999999976e+01
1.492167000000000066e+01,1.314100000000000001e+01
1.492332999999999998e+01,1.295100000000000051e+01
1.492500000000000071e+01,1.275200000000000067e+01
1.492666999999999966e+01,1.254199999999999982e+01
1.492833000000000077e+01,1.234099999999999930e+01
1.492999999999999972e+01,1.216000000000000014e+01
1.493167000000000044e+01,1.197199999999999953e+01
1.493332999999999977e+01,1.177299999999999969e+01
1.493500000000000050e+01,1.158200000000000074e+01
1.493666999999999945e+01,1.141200000000000081e+01
1.493833000000000055e+01,1.123099999999999987e+01
1.493999999999999950e+01,1.103999999999999915e+01
1.494167000000000023e+01,1.085699999999999932e+01
1.494332999999999956e+01,1.069800000000000040e+01
1.494500000000000028e+01,1.053200000000000003e+01
1.494666999999999923e+01,1.035399999999999920e+01
1.494833000000000034e+01,1.018099999999999916e+01
1.494999999999999929e+01,1.003100000000000058e+01
1.495167000000000002e+01,9.871000000000000441e+00
1.495332999999999934e+01,9.701999999999999957e+00
1.495500000000000007e+01,9.535999999999999588e+00
1.495667000000000080e+01,9.397999999999999687e+00
1.495833000000000013e+01,9.253000000000000114e+00
1.496000000000000085e+01,9.096999999999999531e+00
1.496166999999999980e+01,8.942000000000000171e+00
1.496332999999999913e+01,8.808999999999999275e+00
1.496499999999999986e+01,8.669999999999999929e+00
1.496667000000000058e+01,8.519999999999999574e+00
1.496832999999999991e+01,8.371999999999999886e+00
1.497000000000000064e+01,8.250000000000000000e+00
1.497166999999999959e+01,8.124000000000000554e+00
1.497333000000000069e+01,7.985000000000000320e+00
1.497499999999999964e+01,7.846000000000000085e+00
1.497667000000000037e+01,7.732999999999999652e+00
1.497832999999999970e+01,7.610999999999999766e+00
1.498000000000000043e+01,7.479000000000000092e+00
1.498166999999999938e+01,7.344999999999999751e+00
1.498333000000000048e+01,7.238000000000000433e+00
1.498499999999999943e+01,7.121999999999999886e+00
1.498667000000000016e+01,6.996999999999999886e+00
1.498832999999999949e+01,6.873999999999999666e+00
1.499000000000000021e+01,6.772999999999999687e+00
1.499166999999999916e+01,6.668999999999999595e+00
1.499333000000000027e+01,6.556000000000000050e+00
1.499499999999999922e+01,6.440000000000000391e+00
1.499666999999999994e+01,6.349000000000000199e+00
1.499832999999999927e+01,6.253999999999999559e+00
1.500000000000000000e+01,6.147000000000000242e+00
1.500167000000000073e+01,6.038000000000000256e+00
1.500333000000000006e+01,5.953999999999999737e+00
1.500500000000000078e+01,5.868000000000000327e+00
1.500666999999999973e+01,5.769000000000000128e+00
1.500833000000000084e+01,5.660999999999999588e+00
1.500999999999999979e+01,5.578000000000000291e+00
1.501167000000000051e+01,5.491999999999999993e+00
1.501332999999999984e+01,5.397000000000000242e+00
1.501500000000000057e+01,5.296000000000000263e+00
1.501666999999999952e+01,5.222999999999999865e+00
1.501833000000000062e+01,5.147999999999999687e+00
1.501999999999999957e+01,5.062999999999999723e+00
1.502167000000000030e+01,4.969000000000000306e+00
1.502332999999999963e+01,4.900999999999999801e+00
1.502500000000000036e+01,4.830000000000000071e+00
1.502666999999999931e+01,4.751999999999999780e+00
1.502833000000000041e+01,4.665000000000000036e+00
1.502999999999999936e+01,4.602000000000000313e+00
1.503167000000000009e+01,4.535999999999999588e+00
1.503332999999999942e+01,4.461999999999999744e+00
1.503500000000000014e+01,4.376999999999999780e+00
1.503667000000000087e+01,4.317999999999999616e+00
1.503833000000000020e+01,4.259999999999999787e+00
1.503999999999999915e+01,4.190000000000000391e+00
1.504166999999999987e+01,4.112000000000000099e+00
1.504332999999999920e+01,4.057000000000000384e+00
1.504499999999999993e+01,4.003999999999999559e+00
1.504667000000000066e+01,3.939000000000000057e+00
1.504832999999999998e+01,3.867999999999999883e+00
1.505000000000000071e+01,3.818000000000000060e+00
1.505166999999999966e+01,3.769000000000000128e+00
1.505333000000000077e+01,3.709000000000000075e+00
1.505499999999999972e+01,3.641000000000000014e+00
1.505667000000000044e+01,3.593999999999999861e+00
1.505832999999999977e+01,3.552999999999999936e+00
1.506000000000000050e+01,3.496999999999999886e+00
1.506166999999999945e+01,3.431999999999999940e+00
1.506333000000000055e+01,3.386000000000000121e+00
1.506499999999999950e+01,3.345000000000000195e+00
1.506667000000000023e+01,3.291999999999999815e+00
1.506832999999999956e+01,3.229000000000000092e+00
1.507000000000000028e+01,3.186999999999999833e+00
1.507166999999999923e+01,3.153999999999999915e+00
1.507333000000000034e+01,3.108999999999999986e+00
1.507499999999999929e+01,3.053999999999999826e+00
1.507667000000000002e+01,3.013999999999999790e+00
1.507832999999999934e+01,2.983999999999999986e+00
1.508000000000000007e+01,2.939999999999999947e+00
1.508167000000000080e+01,2.886000000000000121e+00
1.508333000000000013e+01,2.846000000000000085e+00
1.508500000000000085e+01,2.818000000000000060e+00
1.508666999999999980e+01,2.778999999999999915e+00
1.508832999999999913e+01,2.729000000000000092e+00
1.508999999999999986e+01,2.693999999999999950e+00
1.509167000000000058e+01,2.673000000000000043e+00
1.509332999999999991e+01,2.637999999999999901e+00
1.509500000000000064e+01,2.587000000000000188e+00
1.509666999999999959e+01,2.552999999999999936e+00
1.509833000000000069e+01,2.533999999999999808e+00
1.509999999999999964e+01,2.499000000000000110e+00
1.510167000000000037e+01,2.454000000000000181e+00
1.510332999999999970e+01,2.422000000000000153e+00
1.510500000000000043e+01,2.399999999999999911e+00
1.510666999999999938e+01,2.370000000000000107e+00
1.510833000000000048e+01,2.326999999999999957e+00
1.510999999999999943e+01,2.294999999999999929e+00
1.511167000000000016e+01,2.281000000000000139e+00
1.511332999999999949e+01,2.254999999999999893e+00
1.511500000000000021e+01,2.214999999999999858e+00
1.511666999999999916e+01,2.184000000000000163e+00
1.511833000000000027e+01,2.169000000000000039e+00
1.511999999999999922e+01,2.142999999999999794e+00
1.512166999999999994e+01,2.108000000000000096e+00
1.512332999999999927e+01,2.077999999999999847e+00
1.512500000000000000e+01,2.067000000000000171e+00
1.512667000000000073e+01,2.041999999999999815e+00
1.512833000000000006e+01,2.008999999999999897e+00
1.513000000000000078e+01,1.987000000000000099e+00
1.513166999999999973e+01,1.981000000000000094e+00
1.513333000000000084e+01,1.955999999999999961e+00
1.513499999999999979e+01,1.921000000000000041e+00
1.513667000000000051e+01,1.893000000000000016e+00
1.513832999999999984e+01,1.883999999999999897e+00
1.514000000000000057e+01,1.860999999999999988e+00
1.514166999999999952e+01,1.832000000000000073e+00
1.514333000000000062e+01,1.806000000000000050e+00
1.514499999999999957e+01,1.800000000000000044e+00
1.514667000000000030e+01,1.784999999999999920e+00
1.514832999999999963e+01,1.752000000000000002e+00
1.515000000000000036e+01,1.727999999999999980e+00
1.515166999999999931e+01,1.725000000000000089e+00
1.515333000000000041e+01,1.709000000000000075e+00
1.515499999999999936e+01,1.681999999999999940e+00
1.515667000000000009e+01,1.655000000000000027e+00
1.515832999999999942e+01,1.651999999999999913e+00
1.516000000000000014e+01,1.639999999999999902e+00
1.516167000000000087e+01,1.614000000000000101e+00
1.516333000000000020e+01,1.584999999999999964e+00
1.516499999999999915e+01,1.582999999999999963e+00
1.516666999999999987e+01,1.572000000000000064e+00
1.516832999999999920e+01,1.548999999999999932e+00
1.516999999999999993e+01,1.526999999999999913e+00
1.517167000000000066e+01,1.526000000000000023e+00
1.517332999999999998e+01,1.514999999999999902e+00
1.517500000000000071e+01,1.489000000000000101e+00
1.517666999999999966e+01,1.461999999999999966e+00
1.517833000000000077e+01,1.463999999999999968e+00
1.517999999999999972e+01,1.455000000000000071e+00
1.518167000000000044e+01,1.435999999999999943e+00
1.518332999999999977e+01,1.411999999999999922e+00
1.518500000000000050e+01,1.413000000000000034e+00
1.518666999999999945e+01,1.405999999999999917e+00
1.518833000000000055e+01,1.385999999999999899e+00
1.518999999999999950e+01,1.364000000000000101e+00
1.519167000000000023e+01,1.366000000000000103e+00
1.519332999999999956e+01,1.360999999999999988e+00
1.519500000000000028e+01,1.342000000000000082e+00
1.519666999999999923e+01,1.318999999999999950e+00
1.519833000000000034e+01,1.320000000000000062e+00
1.519999999999999929e+01,1.316999999999999948e+00
1.520167000000000002e+01,1.300000000000000044e+00
1.520332999999999934e+01,1.278999999999999915e+00
1.520500000000000007e+01,1.278999999999999915e+00
1.520667000000000080e+01,1.274999999999999911e+00
1.520833000000000013e+01,1.256999999999999895e+00
1.521000000000000085e+01,1.233999999999999986e+00
1.521166999999999980e+01,1.235000000000000098e+00
1.521332999999999913e+01,1.233000000000000096e+00
1.521499999999999986e+01,1.217999999999999972e+00
1.521667000000000058e+01,1.197999999999999954e+00
1.521832999999999991e+01,1.199000000000000066e+00
1.522000000000000064e+01,1.195999999999999952e+00
1.522166999999999959e+01,1.181000000000000050e+00
1.522333000000000069e+01,1.157999999999999918e+00
1.522499999999999964e+01,1.155999999999999917e+00
1.522667000000000037e+01,1.157000000000000028e+00
1.522832999999999970e+01,1.147999999999999909e+00
1.523000000000000043e+01,1.127999999999999892e+00
1.523166999999999938e+01,1.125999999999999890e+00
1.523333000000000048e+01,1.125999999999999890e+00
1.523499999999999943e+01,1.114999999999999991e+00
1.523667000000000016e+01,1.098000000000000087e+00
1.523832999999999949e+01,1.098000000000000087e+00
1.524000000000000021e+01,1.098000000000000087e+00
1.524166999999999916e+01,1.086000000000000076e+00
1.524333000000000027e+01,1.068000000000000060e+00
1.524499999999999922e+01,1.066999999999999948e+00
1.524666999999999994e+01,1.068999999999999950e+00
1.524832999999999927e+01,1.054999999999999938e+00
1.525000000000000000e+01,1.034000000000000030e+00
1.525167000000000073e+01,1.034000000000000030e+00
1.525333000000000006e+01,1.036999999999999922e+00
1.525500000000000078e+01,1.026000000000000023e+00
1.525666999999999973e+01,1.008000000000000007e+00
1.525833000000000084e+01,1.008000000000000007e+00
1.525999999999999979e+01,1.010999999999999899e+00
1.526167000000000051e+01,1.000999999999999890e+00
1.526332999999999984e+01,9.849999999999999867e-01
1.526500000000000057e+01,9.849999999999999867e-01
1.526666999999999952e+01,9.919999999999999929e-01
1.526833000000000062e+01,9.809999999999999831e-01
1.526999999999999957e+01,9.619999999999999662e-01
1.527167000000000030e+01,9.589999999999999636e-01
1.527332999999999963e+01,9.629999999999999671e-01
1.527500000000000036e+01,9.549999999999999600e-01
1.527666999999999931e+01,9.379999999999999449e-01
1.527833000000000041e+01,9.389999999999999458e-01
1.527999999999999936e+01,9.479999999999999538e-01
1.528167000000000009e+01,9.429999999999999494e-01
1.528332999999999942e+01,9.260000000000000453e-01
1.528500000000000014e+01,9.240000000000000435e-01
1.528667000000000087e+01,9.330000000000000515e-01
1.528833000000000020e+01,9.280000000000000471e-01
1.528999999999999915e+01,9.120000000000000329e-01
1.529166999999999987e+01,9.090000000000000302e-01
1.529332999999999920e+01,9.160000000000000364e-01
1.529499999999999993e+01,9.080000000000000293e-01
1.529667000000000066e+01,8.920000000000000151e-01
1.529832999999999998e+01,8.880000000000000115e-01
1.530000000000000071e+01,8.970000000000000195e-01
1.530166999999999966e+01,8.930000000000000160e-01
1.530333000000000077e+01,8.750000000000000000e-01
1.530499999999999972e+01,8.689999999999999947e-01
1.530667000000000044e+01,8.800000000000000044e-01
1.530832999999999977e+01,8.770000000000000018e-01
1.531000000000000050e+01,8.599999999999999867e-01
1.531166999999999945e+01,8.559999999999999831e-01
1.531333000000000055e+01,8.619999999999999885e-01
1.531499999999999950e+01,8.559999999999999831e-01
1.531667000000000023e+01,8.379999999999999671e-01
1.531832999999999956e+01,8.329999999999999627e-01
1.532000000000000028e+01,8.419999999999999707e-01
1.532166999999999923e+01,8.389999999999999680e-01
1.532333000000000034e+01,8.239999999999999547e-01
1.532499999999999929e+01,8.189999999999999503e-01
1.532667000000000002e+01,8.289999999999999591e-01
1.532832999999999934e+01,8.279999999999999583e-01
1.533000000000000007e+01,8.120000000000000551e-01
1.533167000000000080e+01,8.030000000000000471e-01
1.533333000000000013e+01,8.110000000000000542e-01
1.533500000000000085e+01,8.090000000000000524e-01
1.533666999999999980e+01,7.950000000000000400e-01
1.533832999999999913e+01,7.860000000000000320e-01
1.533999999999999986e+01,7.970000000000000417e-01
1.534167000000000058e+01,7.970000000000000417e-01
1.534332999999999991e+01,7.800000000000000266e-01
1.534500000000000064e+01,7.720000000000000195e-01
1.534666999999999959e+01,7.840000000000000302e-01
1.534833000000000069e+01,7.850000000000000311e-01
1.534999999999999964e+01,7.710000000000000187e-01
1.535167000000000037e+01,7.620000000000000107e-01
1.535332999999999970e+01,7.740000000000000213e-01
1.535500000000000043e+01,7.740000000000000213e-01
1.535666999999999938e+01,7.580000000000000071e-01
1.535833000000000048e+01,7.500000000000000000e-01
1.535999999999999943e+01,7.630000000000000115e-01
1.536167000000000016e+01,7.620000000000000107e-01
1.536332999999999949e+01,7.520000000000000018e-01
1.536500000000000021e+01,7.419999999999999929e-01
1.536666999999999916e+01,7.510000000000000009e-01
1.536833000000000027e+01,7.500000000000000000e-01
1.536999999999999922e+01,7.379999999999999893e-01
1.537166999999999994e+01,7.299999999999999822e-01
1.537332999999999927e+01,7.399999999999999911e-01
1.537500000000000000e+01,7.389999999999999902e-01
1.537667000000000073e+01,7.239999999999999769e-01
1.537833000000000006e+01,7.129999999999999671e-01
1.538000000000000078e+01,7.239999999999999769e-01
1.538166999999999973e+01,7.249999999999999778e-01
1.538333000000000084e+01,7.139999999999999680e-01
1.538499999999999979e+01,7.029999999999999583e-01
1.538667000000000051e+01,7.119999999999999662e-01
1.538832999999999984e+01,7.129999999999999671e-01
1.539000000000000057e+01,7.009999999999999565e-01
1.539166999999999952e+01,6.909999999999999476e-01
1.539333000000000062e+01,7.039999999999999591e-01
1.539499999999999957e+01,7.119999999999999662e-01
1.539667000000000030e+01,7.019999999999999574e-01
1.539832999999999963e+01,6.889999999999999458e-01
1.540000000000000036e+01,7.009999999999999565e-01
1.540166999999999931e+01,7.059999999999999609e-01
1.540333000000000041e+01,6.969999999999999529e-01
1.540499999999999936e+01,6.860000000000000542e-01
1.540667000000000009e+01,6.899999999999999467e-01
1.540832999999999942e+01,6.929999999999999494e-01
1.541000000000000014e+01,6.830000000000000515e-01
1.541167000000000087e+01,6.720000000000000417e-01
1.541333000000000020e+01,6.830000000000000515e-01
1.541499999999999915e+01,6.870000000000000551e-01
1.541666999999999987e+01,6.790000000000000480e-01
1.541832999999999920e+01,6.660000000000000364e-01
1.541999999999999993e+01,6.680000000000000382e-01
1.542167000000000066e+01,6.700000000000000400e-01
1.542332999999999998e+01,6.620000000000000329e-01
1.542500000000000071e+01,6.510000000000000231e-01
1.542666999999999966e+01,6.580000000000000293e-01
1.542833000000000077e+01,6.610000000000000320e-01
1.542999999999999972e+01,6.550000000000000266e-01
1.543167000000000044e+01,6.430000000000000160e-01
1.543332999999999977e+01,6.480000000000000204e-01
1.543500000000000050e+01,6.540000000000000258e-01
1.543666999999999945e+01,6.460000000000000187e-01
1.543833000000000055e+01,6.290000000000000036e-01
1.543999999999999950e+01,6.330000000000000071e-01
1.544167000000000023e+01,6.350000000000000089e-01
1.544332999999999956e+01,6.219999999999999973e-01
1.544500000000000028e+01,6.059999999999999831e-01
1.544666999999999923e+01,6.139999999999999902e-01
1.544833000000000034e+01,6.260000000000000009e-01
1.544999999999999929e+01,6.219999999999999973e-01
1.545167000000000002e+01,6.059999999999999831e-01
1.545332999999999934e+01,6.089999999999999858e-01
1.545500000000000007e+01,6.149999999999999911e-01
1.545667000000000080e+01,6.099999999999999867e-01
1.545833000000000013e+01,5.959999999999999742e-01
1.546000000000000085e+01,6.009999999999999787e-01
1.546166999999999980e+01,6.109999999999999876e-01
1.546332999999999913e+01,6.049999999999999822e-01
1.546499999999999986e+01,5.899999999999999689e-01
1.546667000000000058e+01,5.959999999999999742e-01
1.546832999999999991e+01,6.039999999999999813e-01
1.547000000000000064e+01,6.009999999999999787e-01
1.547166999999999959e+01,5.889999999999999680e-01
1.547333000000000069e+01,5.929999999999999716e-01
1.547499999999999964e+01,5.979999999999999760e-01
1.547667000000000037e+01,5.919999999999999707e-01
1.547832999999999970e+01,5.769999999999999574e-01
1.548000000000000043e+01,5.819999999999999618e-01
1.548166999999999938e+01,5.929999999999999716e-01
1.548333000000000048e+01,5.889999999999999680e-01
1.548499999999999943e+01,5.749999999999999556e-01
1.548667000000000016e+01,5.799999999999999600e-01
1.548832999999999949e+01,5.899999999999999689e-01
1.549000000000000021e+01,5.869999999999999662e-01
1.549166999999999916e+01,5.689999999999999503e-01
1.549333000000000027e+01,5.729999999999999538e-01
1.549499999999999922e+01,5.869999999999999662e-01
1.549666999999999994e+01,5.859999999999999654e-01
1.549832999999999927e+01,5.679999999999999494e-01
1.550000000000000000e+01,5.719999999999999529e-01
1.550167000000000073e+01,5.789999999999999591e-01
1.550333000000000006e+01,5.719999999999999529e-01
1.550500000000000078e+01,5.560000000000000497e-01
1.550666999999999973e+01,5.560000000000000497e-01
1.550833000000000084e+01,5.649999999999999467e-01
1.550999999999999979e+01,5.600000000000000533e-01
1.551167000000000051e+01,5.470000000000000417e-01
1.551332999999999984e+01,5.460000000000000409e-01
1.551500000000000057e+01,5.530000000000000471e-01
1.551666999999999952e+01,5.480000000000000426e-01
1.551833000000000062e+01,5.330000000000000293e-01
1.551999999999999957e+01,5.340000000000000302e-01
1.552167000000000030e+01,5.450000000000000400e-01
1.552332999999999963e+01,5.460000000000000409e-01
1.552500000000000036e+01,5.320000000000000284e-01
1.552666999999999931e+01,5.320000000000000284e-01
1.552833000000000041e+01,5.480000000000000426e-01
1.552999999999999936e+01,5.460000000000000409e-01
1.553167000000000009e+01,5.330000000000000293e-01
1.553332999999999942e+01,5.320000000000000284e-01
1.553500000000000014e+01,5.400000000000000355e-01
1.553667000000000087e+01,5.380000000000000338e-01
1.553833000000000020e+01,5.200000000000000178e-01
1.553999999999999915e+01,5.160000000000000142e-01
1.554166999999999987e+01,5.270000000000000240e-01
1.554332999999999920e+01,5.270000000000000240e-01
1.554499999999999993e+01,5.140000000000000124e-01
1.554667000000000066e+01,5.130000000000000115e-01
1.554832999999999998e+01,5.260000000000000231e-01
1.555000000000000071e+01,5.270000000000000240e-01
1.555166999999999966e+01,5.100000000000000089e-01
1.555333000000000077e+01,5.040000000000000036e-01
1.555499999999999972e+01,5.130000000000000115e-01
1.555667000000000044e+01,5.150000000000000133e-01
1.555832999999999977e+01,5.070000000000000062e-01
1.556000000000000050e+01,5.060000000000000053e-01
1.556166999999999945e+01,5.180000000000000160e-01
1.556333000000000055e+01,5.220000000000000195e-01
1.556499999999999950e+01,5.100000000000000089e-01
1.556667000000000023e+01,5.030000000000000027e-01
1.556832999999999956e+01,5.110000000000000098e-01
1.557000000000000028e+01,5.100000000000000089e-01
1.557166999999999923e+01,4.959999999999999964e-01
1.557333000000000034e+01,4.909999999999999920e-01
1.557499999999999929e+01,5.040000000000000036e-01
1.557667000000000002e+01,5.070000000000000062e-01
1.557832999999999934e+01,4.949999999999999956e-01
1.558000000000000007e+01,4.869999999999999885e-01
1.558167000000000080e+01,4.979999999999999982e-01
1.558333000000000013e+01,4.989999999999999991e-01
1.558500000000000085e+01,4.849999999999999867e-01
1.558666999999999980e+01,4.759999999999999787e-01
1.558832999999999913e+01,4.849999999999999867e-01
1.558999999999999986e+01,4.919999999999999929e-01
1.559167000000000058e+01,4.829999999999999849e-01
1.559332999999999991e+01,4.739999999999999769e-01
1.559500000000000064e+01,4.849999999999999867e-01
1.559666999999999959e+01,4.849999999999999867e-01
1.559833000000000069e+01,4.739999999999999769e-01
1.559999999999999964e+01,4.650000000000000244e-01
1.560167000000000037e+01,4.759999999999999787e-01
1.560332999999999970e+01,4.809999999999999831e-01
1.560500000000000043e+01,4.699999999999999734e-01
1.560666999999999938e+01,4.570000000000000173e-01
1.560833000000000048e+01,4.660000000000000253e-01
1.560999999999999943e+01,4.670000000000000262e-01
1.561167000000000016e+01,4.560000000000000164e-01
1.561332999999999949e+01,4.430000000000000049e-01
1.561500000000000021e+01,4.540000000000000147e-01
1.561666999999999916e+01,4.590000000000000191e-01
1.561833000000000027e+01,4.520000000000000129e-01
1.561999999999999922e+01,4.410000000000000031e-01
1.562166999999999994e+01,4.510000000000000120e-01
1.562332999999999927e+01,4.550000000000000155e-01
1.562500000000000000e+01,4.470000000000000084e-01
1.562667000000000073e+01,4.349999999999999978e-01
1.562833000000000006e+01,4.460000000000000075e-01
1.563000000000000078e+01,4.520000000000000129e-01
1.563166999999999973e+01,4.440000000000000058e-01
1.563333000000000084e+01,4.329999999999999960e-01
1.563499999999999979e+01,4.430000000000000049e-01
1.563667000000000051e+01,4.470000000000000084e-01
1.563832999999999984e+01,4.390000000000000013e-01
1.564000000000000057e+01,4.259999999999999898e-01
1.564166999999999952e+01,4.349999999999999978e-01
1.564333000000000062e+01,4.440000000000000058e-01
1.564499999999999957e+01,4.359999999999999987e-01
1.564667000000000030e+01,4.249999999999999889e-01
1.564832999999999963e+01,4.349999999999999978e-01
1.565000000000000036e+01,4.410000000000000031e-01
1.565166999999999931e+01,4.319999999999999951e-01
1.565333000000000041e+01,4.189999999999999836e-01
1.565499999999999936e+01,4.299999999999999933e-01
1.565667000000000009e+01,4.369999999999999996e-01
1.565832999999999942e+01,4.309999999999999942e-01
1.566000000000000014e+01,4.179999999999999827e-01
1.566167000000000087e+01,4.279999999999999916e-01
1.566333000000000020e+01,4.359999999999999987e-01
1.566499999999999915e+01,4.309999999999999942e-01
1.566666999999999987e+01,4.169999999999999818e-01
1.566832999999999920e+01,4.259999999999999898e-01
1.566999999999999993e+01,4.369999999999999996e-01
1.567167000000000066e+01,4.289999999999999925e-01
1.567332999999999998e+01,4.159999999999999809e-01
1.567500000000000071e+01,4.239999999999999880e-01
1.567666999999999966e+01,4.299999999999999933e-01
1.567833000000000077e+01,4.219999999999999862e-01
1.567999999999999972e+01,4.040000000000000258e-01
1.568167000000000044e+01,4.089999999999999747e-01
1.568332999999999977e+01,4.159999999999999809e-01
1.568500000000000050e+01,4.129999999999999782e-01
1.568666999999999945e+01,3.960000000000000187e-01
1.568833000000000055e+01,4.010000000000000231e-01
1.568999999999999950e+01,4.079999999999999738e-01
1.569167000000000023e+01,4.060000000000000275e-01
1.569332999999999956e+01,3.930000000000000160e-01
1.569500000000000028e+01,4.000000000000000222e-01
1.569666999999999923e+01,4.099999999999999756e-01
1.569833000000000034e+01,4.079999999999999738e-01
1.569999999999999929e+01,3.910000000000000142e-01
1.570167000000000002e+01,4.000000000000000222e-01
1.570332999999999934e+01,4.099999999999999756e-01
1.570500000000000007e+01,4.099999999999999756e-01
1.570667000000000080e+01,3.940000000000000169e-01
1.570833000000000013e+01,4.010000000000000231e-01
1.571000000000000085e+01,4.119999999999999774e-01
1.571166999999999980e+01,4.069999999999999729e-01
1.571332999999999913e+01,3.920000000000000151e-01
1.571499999999999986e+01,3.960000000000000187e-01
1.571667000000000058e+01,4.050000000000000266e-01
1.571832999999999991e+01,4.010000000000000231e-01
1.572000000000000064e+01,3.830000000000000071e-01
1.572166999999999959e+01,3.870000000000000107e-01
1.572333000000000069e+01,3.940000000000000169e-01
1.572499999999999964e+01,3.920000000000000151e-01
1.572667000000000037e+01,3.770000000000000018e-01
1.572832999999999970e+01,3.790000000000000036e-01
1.573000000000000043e+01,3.900000000000000133e-01
1.573166999999999938e+01,3.900000000000000133e-01
1.573333000000000048e+01,3.790000000000000036e-01
1.573499999999999943e+01,3.820000000000000062e-01
1.573667000000000016e+01,3.880000000000000115e-01
1.573832999999999949e+01,3.850000000000000089e-01
1.574000000000000021e+01,3.719999999999999973e-01
1.574166999999999916e+01,3.709999999999999964e-01
1.574333000000000027e+01,3.830000000000000071e-01
1.574499999999999922e+01,3.840000000000000080e-01
1.574666999999999994e+01,3.699999999999999956e-01
1.574832999999999927e+01,3.669999999999999929e-01
1.575000000000000000e+01,3.790000000000000036e-01
1.575167000000000073e+01,3.780000000000000027e-01
1.575333000000000006e+01,3.659999999999999920e-01
1.575500000000000078e+01,3.649999999999999911e-01
1.575666999999999973e+01,3.790000000000000036e-01
1.575833000000000084e+01,3.800000000000000044e-01
1.575999999999999979e+01,3.679999999999999938e-01
1.576167000000000051e+01,3.659999999999999920e-01
1.576332999999999984e+01,3.810000000000000053e-01
1.576500000000000057e+01,3.820000000000000062e-01
1.576666999999999952e+01,3.699999999999999956e-01
1.576833000000000062e+01,3.669999999999999929e-01
1.576999999999999957e+01,3.750000000000000000e-01
1.577167000000000030e+01,3.719999999999999973e-01
1.577332999999999963e+01,3.599999999999999867e-01
1.577500000000000036e+01,3.509999999999999787e-01
1.577666999999999931e+01,3.619999999999999885e-01
1.577833000000000041e+01,3.639999999999999902e-01
1.577999999999999936e+01,3.529999999999999805e-01
1.578167000000000009e+01,3.509999999999999787e-01
1.578332999999999942e+01,3.639999999999999902e-01
1.578500000000000014e+01,3.639999999999999902e-01
1.578667000000000087e+01,3.499999999999999778e-01
1.578833000000000020e+01,3.459999999999999742e-01
1.578999999999999915e+01,3.589999999999999858e-01
1.579166999999999987e+01,3.579999999999999849e-01
1.579332999999999920e+01,3.469999999999999751e-01
1.579499999999999993e+01,3.400000000000000244e-01
1.579667000000000066e+01,3.519999999999999796e-01
1.579832999999999998e+01,3.539999999999999813e-01
1.580000000000000071e+01,3.420000000000000262e-01
1.580166999999999966e+01,3.360000000000000209e-01
1.580333000000000077e+01,3.479999999999999760e-01
1.580499999999999972e+01,3.479999999999999760e-01
1.580667000000000044e+01,3.370000000000000218e-01
1.580832999999999977e+01,3.270000000000000129e-01
1.581000000000000050e+01,3.410000000000000253e-01
1.581166999999999945e+01,3.469999999999999751e-01
1.581333000000000055e+01,3.380000000000000226e-01
1.581499999999999950e+01,3.280000000000000138e-01
1.581667000000000023e+01,3.390000000000000235e-01
1.581832999999999956e+01,3.400000000000000244e-01
1.582000000000000028e+01,3.300000000000000155e-01
1.582166999999999923e+01,3.180000000000000049e-01
1.582333000000000034e+01,3.290000000000000147e-01
1.582499999999999929e+01,3.310000000000000164e-01
1.582667000000000002e+01,3.190000000000000058e-01
1.582832999999999934e+01,3.089999999999999969e-01
1.583000000000000007e+01,3.220000000000000084e-01
1.583167000000000080e+01,3.300000000000000155e-01
1.583333000000000013e+01,3.250000000000000111e-01
1.583500000000000085e+01,3.109999999999999987e-01
1.583666999999999980e+01,3.260000000000000120e-01
1.583832999999999913e+01,3.290000000000000147e-01
1.583999999999999986e+01,3.170000000000000040e-01
1.584167000000000058e+01,3.029999999999999916e-01
1.584332999999999991e+01,3.099999999999999978e-01
1.584500000000000064e+01,3.140000000000000013e-01
1.584666999999999959e+01,3.059999999999999942e-01
1.584833000000000069e+01,2.939999999999999836e-01
1.584999999999999964e+01,3.079999999999999960e-01
1.585167000000000037e+01,3.170000000000000040e-01
1.585332999999999970e+01,3.099999999999999978e-01
1.585500000000000043e+01,2.979999999999999871e-01
1.585666999999999938e+01,3.109999999999999987e-01
1.585833000000000048e+01,3.170000000000000040e-01
1.585999999999999943e+01,3.119999999999999996e-01
1.586167000000000016e+01,2.999999999999999889e-01
1.586332999999999949e+01,3.119999999999999996e-01
1.586500000000000021e+01,3.200000000000000067e-01
1.586666999999999916e+01,3.150000000000000022e-01
1.586833000000000027e+01,3.029999999999999916e-01
1.586999999999999922e+01,3.130000000000000004e-01
1.587166999999999994e+01,3.170000000000000040e-01
1.587332999999999927e+01,3.099999999999999978e-01
1.587500000000000000e+01,2.969999999999999862e-01
1.587667000000000073e+01,3.079999999999999960e-01
1.587833000000000006e+01,3.150000000000000022e-01
1.588000000000000078e+01,3.099999999999999978e-01
1.588166999999999973e+01,2.979999999999999871e-01
1.588333000000000084e+01,3.069999999999999951e-01
1.588499999999999979e+01,3.150000000000000022e-01
1.588667000000000051e+01,3.099999999999999978e-01
1.588832999999999984e+01,2.979999999999999871e-01
1.589000000000000057e+01,3.069999999999999951e-01
1.589166999999999952e+01,3.119999999999999996e-01
1.589333000000000062e+01,3.039999999999999925e-01
1.589499999999999957e+01,2.919999999999999818e-01
1.589667000000000030e+01,2.999999999999999889e-01
1.589832999999999963e+01,3.089999999999999969e-01
1.590000000000000036e+01,3.069999999999999951e-01
1.590166999999999931e+01,2.919999999999999818e-01
1.590333000000000041e+01,2.939999999999999836e-01
1.590499999999999936e+01,3.029999999999999916e-01
1.590667000000000009e+01,2.999999999999999889e-01
1.590832999999999942e+01,2.869999999999999774e-01
1.591000000000000014e+01,2.919999999999999818e-01
1.591167000000000087e+01,3.039999999999999925e-01
1.591333000000000020e+01,2.989999999999999880e-01
1.591499999999999915e+01,2.829999999999999738e-01
1.591666999999999987e+01,2.879999999999999782e-01
1.591832999999999920e+01,3.019999999999999907e-01
1.591999999999999993e+01,2.959999999999999853e-01
1.592167000000000066e+01,2.800000000000000266e-01
1.592332999999999998e+01,2.839999999999999747e-01
1.592500000000000071e+01,2.979999999999999871e-01
1.592666999999999966e+01,2.969999999999999862e-01
1.592833000000000077e+01,2.790000000000000258e-01
1.592999999999999972e+01,2.800000000000000266e-01
1.593167000000000044e+01,2.939999999999999836e-01
1.593332999999999977e+01,2.889999999999999791e-01
1.593500000000000050e+01,2.760000000000000231e-01
1.593666999999999945e+01,2.780000000000000249e-01
1.593833000000000055e+01,2.899999999999999800e-01
1.593999999999999950e+01,2.879999999999999782e-01
1.594167000000000023e+01,2.770000000000000240e-01
1.594332999999999956e+01,2.780000000000000249e-01
1.594500000000000028e+01,2.899999999999999800e-01
1.594666999999999923e+01,2.869999999999999774e-01
1.594833000000000034e+01,2.710000000000000187e-01
1.594999999999999929e+01,2.690000000000000169e-01
1.595167000000000002e+01,2.810000000000000275e-01
1.595332999999999934e+01,2.790000000000000258e-01
1.595500000000000007e+01,2.670000000000000151e-01
1.595667000000000080e+01,2.660000000000000142e-01
1.595833000000000013e+01,2.810000000000000275e-01
1.596000000000000085e+01,2.819999999999999729e-01
1.596166999999999980e+01,2.660000000000000142e-01
1.596332999999999913e+01,2.630000000000000115e-01
1.596499999999999986e+01,2.800000000000000266e-01
1.596667000000000058e+01,2.800000000000000266e-01
1.596832999999999991e+01,2.710000000000000187e-01
1.597000000000000064e+01,2.670000000000000151e-01
1.597166999999999959e+01,2.800000000000000266e-01
1.597333000000000069e+01,2.819999999999999729e-01
1.597499999999999964e+01,2.670000000000000151e-01
1.597667000000000037e+01,2.620000000000000107e-01
1.597832999999999970e+01,2.770000000000000240e-01
1.598000000000000043e+01,2.790000000000000258e-01
1.598166999999999938e+01,2.650000000000000133e-01
1.598333000000000048e+01,2.580000000000000071e-01
1.598499999999999943e+01,2.690000000000000169e-01
1.598667000000000016e+01,2.730000000000000204e-01
1.598832999999999949e+01,2.630000000000000115e-01
1.599000000000000021e+01,2.560000000000000053e-01
1.599166999999999916e+01,2.710000000000000187e-01
1.599333000000000027e+01,2.720000000000000195e-01
1.599499999999999922e+01,2.610000000000000098e-01
1.599666999999999994e+01,2.570000000000000062e-01
1.599832999999999927e+01,2.710000000000000187e-01
1.600000000000000000e+01,2.760000000000000231e-01
1.600167000000000073e+01,2.700000000000000178e-01
1.600332999999999828e+01,2.630000000000000115e-01
1.600499999999999901e+01,2.780000000000000249e-01
1.600666999999999973e+01,2.849999999999999756e-01
1.600833000000000084e+01,2.770000000000000240e-01
1.601000000000000156e+01,2.620000000000000107e-01
1.601166999999999874e+01,2.740000000000000213e-01
1.601332999999999984e+01,2.760000000000000231e-01
1.601500000000000057e+01,2.640000000000000124e-01
1.601667000000000129e+01,2.540000000000000036e-01
1.601832999999999885e+01,2.690000000000000169e-01
1.601999999999999957e+01,2.730000000000000204e-01
1.602167000000000030e+01,2.600000000000000089e-01
1.602333000000000141e+01,2.469999999999999973e-01
1.602499999999999858e+01,2.630000000000000115e-01
1.602666999999999931e+01,2.700000000000000178e-01
1.602833000000000041e+01,2.610000000000000098e-01
1.603000000000000114e+01,2.500000000000000000e-01
1.603166999999999831e+01,2.570000000000000062e-01
1.603332999999999942e+01,2.600000000000000089e-01
1.603500000000000014e+01,2.520000000000000018e-01
1.603667000000000087e+01,2.429999999999999938e-01
1.603832999999999842e+01,2.580000000000000071e-01
1.603999999999999915e+01,2.640000000000000124e-01
1.604166999999999987e+01,2.550000000000000044e-01
1.604333000000000098e+01,2.439999999999999947e-01
1.604500000000000171e+01,2.560000000000000053e-01
1.604666999999999888e+01,2.600000000000000089e-01
1.604832999999999998e+01,2.510000000000000009e-01
1.605000000000000071e+01,2.379999999999999893e-01
1.605167000000000144e+01,2.510000000000000009e-01
1.605332999999999899e+01,2.550000000000000044e-01
1.605499999999999972e+01,2.449999999999999956e-01
1.605667000000000044e+01,2.330000000000000127e-01
1.605833000000000155e+01,2.449999999999999956e-01
1.605999999999999872e+01,2.510000000000000009e-01
1.606166999999999945e+01,2.429999999999999938e-01
1.606333000000000055e+01,2.300000000000000100e-01
1.606500000000000128e+01,2.399999999999999911e-01
1.606666999999999845e+01,2.489999999999999991e-01
1.606832999999999956e+01,2.439999999999999947e-01
1.607000000000000028e+01,2.320000000000000118e-01
1.607167000000000101e+01,2.419999999999999929e-01
1.607332999999999856e+01,2.530000000000000027e-01
1.607499999999999929e+01,2.469999999999999973e-01
1.607667000000000002e+01,2.330000000000000127e-01
1.607833000000000112e+01,2.439999999999999947e-01
1.607999999999999829e+01,2.540000000000000036e-01
1.608166999999999902e+01,2.500000000000000000e-01
1.608333000000000013e+01,2.389999999999999902e-01
1.608500000000000085e+01,2.500000000000000000e-01
1.608667000000000158e+01,2.590000000000000080e-01
1.608832999999999913e+01,2.560000000000000053e-01
1.608999999999999986e+01,2.419999999999999929e-01
1.609167000000000058e+01,2.469999999999999973e-01
1.609333000000000169e+01,2.570000000000000062e-01
1.609499999999999886e+01,2.510000000000000009e-01
1.609666999999999959e+01,2.369999999999999885e-01
1.609833000000000069e+01,2.419999999999999929e-01
1.610000000000000142e+01,2.530000000000000027e-01
1.610166999999999859e+01,2.500000000000000000e-01
1.610332999999999970e+01,2.369999999999999885e-01
1.610500000000000043e+01,2.409999999999999920e-01
1.610667000000000115e+01,2.510000000000000009e-01
1.610832999999999871e+01,2.429999999999999938e-01
1.610999999999999943e+01,2.290000000000000091e-01
1.611167000000000016e+01,2.349999999999999867e-01
1.611333000000000126e+01,2.479999999999999982e-01
1.611499999999999844e+01,2.439999999999999947e-01
1.611666999999999916e+01,2.270000000000000073e-01
1.611833000000000027e+01,2.280000000000000082e-01
1.612000000000000099e+01,2.340000000000000135e-01
1.612167000000000172e+01,2.290000000000000091e-01
1.612332999999999927e+01,2.169999999999999984e-01
1.612500000000000000e+01,2.190000000000000002e-01
1.612667000000000073e+01,2.290000000000000091e-01
1.612832999999999828e+01,2.220000000000000029e-01
1.612999999999999901e+01,2.089999999999999913e-01
1.613166999999999973e+01,2.109999999999999931e-01
1.613333000000000084e+01,2.280000000000000082e-01
1.613500000000000156e+01,2.300000000000000100e-01
1.613666999999999874e+01,2.210000000000000020e-01
1.613832999999999984e+01,2.240000000000000047e-01
1.614000000000000057e+01,2.359999999999999876e-01
1.614167000000000129e+01,2.359999999999999876e-01
1.614332999999999885e+01,2.250000000000000056e-01
1.614499999999999957e+01,2.250000000000000056e-01
1.614667000000000030e+01,2.399999999999999911e-01
1.614833000000000141e+01,2.389999999999999902e-01
1.614999999999999858e+01,2.230000000000000038e-01
1.615166999999999931e+01,2.210000000000000020e-01
1.615333000000000041e+01,2.330000000000000127e-01
1.615500000000000114e+01,2.359999999999999876e-01
1.615666999999999831e+01,2.270000000000000073e-01
1.615832999999999942e+01,2.280000000000000082e-01
1.616000000000000014e+01,2.399999999999999911e-01
1.616167000000000087e+01,2.359999999999999876e-01
1.616332999999999842e+01,2.210000000000000020e-01
1.616499999999999915e+01,2.200000000000000011e-01
1.616666999999999987e+01,2.310000000000000109e-01
1.616833000000000098e+01,2.270000000000000073e-01
1.617000000000000171e+01,2.159999999999999976e-01
1.617166999999999888e+01,2.159999999999999976e-01
1.617332999999999998e+01,2.280000000000000082e-01
1.617500000000000071e+01,2.250000000000000056e-01
1.617667000000000144e+01,2.129999999999999949e-01
1.617832999999999899e+01,2.099999999999999922e-01
1.617999999999999972e+01,2.260000000000000064e-01
1.618167000000000044e+01,2.270000000000000073e-01
1.618333000000000155e+01,2.179999999999999993e-01
1.618499999999999872e+01,2.159999999999999976e-01
1.618666999999999945e+01,2.320000000000000118e-01
1.618833000000000055e+01,2.340000000000000135e-01
1.619000000000000128e+01,2.200000000000000011e-01
1.619166999999999845e+01,2.169999999999999984e-01
1.619332999999999956e+01,2.310000000000000109e-01
1.619500000000000028e+01,2.330000000000000127e-01
1.619667000000000101e+01,2.210000000000000020e-01
1.619832999999999856e+01,2.190000000000000002e-01
1.619999999999999929e+01,2.330000000000000127e-01
1.620167000000000002e+01,2.310000000000000109e-01
1.620333000000000112e+01,2.149999999999999967e-01
1.620499999999999829e+01,2.069999999999999896e-01
1.620666999999999902e+01,2.190000000000000002e-01
1.620833000000000013e+01,2.220000000000000029e-01
1.621000000000000085e+01,2.109999999999999931e-01
1.621167000000000158e+01,2.069999999999999896e-01
1.621332999999999913e+01,2.200000000000000011e-01
1.621499999999999986e+01,2.220000000000000029e-01
1.621667000000000058e+01,2.129999999999999949e-01
1.621833000000000169e+01,2.059999999999999887e-01
1.621999999999999886e+01,2.190000000000000002e-01
1.622166999999999959e+01,2.220000000000000029e-01
1.622333000000000069e+01,2.089999999999999913e-01
1.622500000000000142e+01,2.039999999999999869e-01
1.622666999999999859e+01,2.200000000000000011e-01
1.622832999999999970e+01,2.270000000000000073e-01
1.623000000000000043e+01,2.159999999999999976e-01
1.623167000000000115e+01,2.069999999999999896e-01
1.623332999999999871e+01,2.200000000000000011e-01
1.623499999999999943e+01,2.230000000000000038e-01
1.623667000000000016e+01,2.129999999999999949e-01
1.623833000000000126e+01,2.030000000000000138e-01
1.623999999999999844e+01,2.149999999999999967e-01
1.624166999999999916e+01,2.179999999999999993e-01
1.624333000000000027e+01,2.099999999999999922e-01
1.624500000000000099e+01,2.039999999999999869e-01
1.624667000000000172e+01,2.169999999999999984e-01
1.624832999999999927e+01,2.220000000000000029e-01
1.625000000000000000e+01,2.119999999999999940e-01
1.625167000000000073e+01,2.030000000000000138e-01
1.625332999999999828e+01,2.129999999999999949e-01
1.625499999999999901e+01,2.179999999999999993e-01
1.625666999999999973e+01,2.109999999999999931e-01
1.625833000000000084e+01,2.000000000000000111e-01
1.626000000000000156e+01,2.099999999999999922e-01
1.626166999999999874e+01,2.169999999999999984e-01
1.626332999999999984e+01,2.119999999999999940e-01
1.626500000000000057e+01,1.990000000000000102e-01
1.626667000000000129e+01,2.099999999999999922e-01
1.626832999999999885e+01,2.169999999999999984e-01
1.626999999999999957e+01,2.089999999999999913e-01
1.627167000000000030e+01,1.970000000000000084e-01
1.627333000000000141e+01,2.049999999999999878e-01
1.627499999999999858e+01,2.119999999999999940e-01
1.627666999999999931e+01,2.059999999999999887e-01
1.627833000000000041e+01,1.950000000000000067e-01
1.628000000000000114e+01,2.059999999999999887e-01
1.628166999999999831e+01,2.129999999999999949e-01
1.628332999999999942e+01,2.059999999999999887e-01
1.628500000000000014e+01,1.940000000000000058e-01
1.628667000000000087e+01,2.000000000000000111e-01
1.628832999999999842e+01,2.039999999999999869e-01
1.628999999999999915e+01,1.990000000000000102e-01
1.629166999999999987e+01,1.859999999999999987e-01
1.629333000000000098e+01,1.950000000000000067e-01
1.629500000000000171e+01,2.049999999999999878e-01
1.629666999999999888e+01,2.000000000000000111e-01
1.629832999999999998e+01,1.829999999999999960e-01
1.630000000000000071e+01,1.910000000000000031e-01
1.630167000000000144e+01,2.049999999999999878e-01
1.630332999999999899e+01,2.049999999999999878e-01
1.630499999999999972e+01,1.930000000000000049e-01
1.630667000000000044e+01,2.000000000000000111e-01
1.630833000000000155e+01,2.089999999999999913e-01
1.630999999999999872e+01,2.039999999999999869e-01
1.631166999999999945e+01,1.920000000000000040e-01
1.631333000000000055e+01,1.990000000000000102e-01
1.631500000000000128e+01,2.069999999999999896e-01
1.631666999999999845e+01,2.000000000000000111e-01
1.631832999999999956e+01,1.869999999999999996e-01
1.632000000000000028e+01,1.960000000000000075e-01
1.632167000000000101e+01,2.059999999999999887e-01
1.632332999999999856e+01,2.039999999999999869e-01
1.632499999999999929e+01,1.930000000000000049e-01
1.632667000000000002e+01,1.930000000000000049e-01
1.632833000000000112e+01,2.020000000000000129e-01
1.632999999999999829e+01,1.950000000000000067e-01
1.633166999999999902e+01,1.799999999999999933e-01
1.633333000000000013e+01,1.839999999999999969e-01
1.633500000000000085e+01,1.950000000000000067e-01
1.633667000000000158e+01,1.930000000000000049e-01
1.633832999999999913e+01,1.819999999999999951e-01
1.633999999999999986e+01,1.859999999999999987e-01
1.634167000000000058e+01,1.960000000000000075e-01
1.634333000000000169e+01,1.980000000000000093e-01
1.634499999999999886e+01,1.859999999999999987e-01
1.634666999999999959e+01,1.930000000000000049e-01
1.634833000000000069e+01,2.039999999999999869e-01
1.635000000000000142e+01,2.030000000000000138e-01
1.635166999999999859e+01,1.900000000000000022e-01
1.635332999999999970e+01,1.930000000000000049e-01
1.635500000000000043e+01,2.059999999999999887e-01
1.635667000000000115e+01,2.030000000000000138e-01
1.635832999999999871e+01,1.900000000000000022e-01
1.635999999999999943e+01,1.960000000000000075e-01
1.636167000000000016e+01,2.039999999999999869e-01
1.636333000000000126e+01,2.020000000000000129e-01
1.636499999999999844e+01,1.890000000000000013e-01
1.636666999999999916e+01,1.910000000000000031e-01
1.636833000000000027e+01,2.020000000000000129e-01
1.637000000000000099e+01,2.010000000000000120e-01
1.637167000000000172e+01,1.900000000000000022e-01
1.637332999999999927e+01,1.950000000000000067e-01
1.637500000000000000e+01,2.030000000000000138e-01
1.637667000000000073e+01,2.000000000000000111e-01
1.637832999999999828e+01,1.869999999999999996e-01
1.637999999999999901e+01,1.880000000000000004e-01
1.638166999999999973e+01,2.000000000000000111e-01
1.638333000000000084e+01,2.030000000000000138e-01
1.638500000000000156e+01,1.890000000000000013e-01
1.638666999999999874e+01,1.869999999999999996e-01
1.638832999999999984e+01,1.970000000000000084e-01
1.639000000000000057e+01,1.990000000000000102e-01
1.639167000000000129e+01,1.869999999999999996e-01
1.639332999999999885e+01,1.869999999999999996e-01
1.639499999999999957e+01,1.980000000000000093e-01
1.639667000000000030e+01,1.980000000000000093e-01
1.639833000000000141e+01,1.869999999999999996e-01
1.639999999999999858e+01,1.859999999999999987e-01
1.640166999999999931e+01,1.980000000000000093e-01
1.640333000000000041e+01,1.980000000000000093e-01
1.640500000000000114e+01,1.849999999999999978e-01
1.640666999999999831e+01,1.849999999999999978e-01
1.640832999999999942e+01,1.980000000000000093e-01
1.641000000000000014e+01,1.990000000000000102e-01
1.641167000000000087e+01,1.880000000000000004e-01
1.641332999999999842e+01,1.869999999999999996e-01
1.641499999999999915e+01,2.020000000000000129e-01
1.641666999999999987e+01,2.049999999999999878e-01
1.641833000000000098e+01,1.940000000000000058e-01
1.642000000000000171e+01,1.859999999999999987e-01
1.642166999999999888e+01,1.930000000000000049e-01
1.642332999999999998e+01,1.930000000000000049e-01
1.642500000000000071e+01,1.809999999999999942e-01
1.642667000000000144e+01,1.749999999999999889e-01
1.642832999999999899e+01,1.890000000000000013e-01
1.642999999999999972e+01,1.930000000000000049e-01
1.643167000000000044e+01,1.809999999999999942e-01
1.643333000000000155e+01,1.729999999999999871e-01
1.643499999999999872e+01,1.849999999999999978e-01
1.643666999999999945e+01,1.880000000000000004e-01
1.643833000000000055e+01,1.759999999999999898e-01
1.644000000000000128e+01,1.719999999999999862e-01
1.644166999999999845e+01,1.869999999999999996e-01
1.644332999999999956e+01,1.910000000000000031e-01
1.644500000000000028e+01,1.819999999999999951e-01
1.644667000000000101e+01,1.729999999999999871e-01
1.644832999999999856e+01,1.819999999999999951e-01
1.644999999999999929e+01,1.849999999999999978e-01
1.645167000000000002e+01,1.769999999999999907e-01
1.645333000000000112e+01,1.670000000000000095e-01
1.645499999999999829e+01,1.799999999999999933e-01
1.645666999999999902e+01,1.880000000000000004e-01
1.645833000000000013e+01,1.819999999999999951e-01
1.646000000000000085e+01,1.739999999999999880e-01
1.646167000000000158e+01,1.829999999999999960e-01
1.646332999999999913e+01,1.859999999999999987e-01
1.646499999999999986e+01,1.739999999999999880e-01
1.646667000000000058e+01,1.580000000000000016e-01
1.646833000000000169e+01,1.690000000000000113e-01
1.646999999999999886e+01,1.789999999999999925e-01
1.647166999999999959e+01,1.729999999999999871e-01
1.647333000000000069e+01,1.630000000000000060e-01
1.647500000000000142e+01,1.769999999999999907e-01
1.647666999999999859e+01,1.849999999999999978e-01
1.647832999999999970e+01,1.779999999999999916e-01
1.648000000000000043e+01,1.650000000000000078e-01
1.648167000000000115e+01,1.749999999999999889e-01
1.648332999999999871e+01,1.819999999999999951e-01
1.648499999999999943e+01,1.759999999999999898e-01
1.648667000000000016e+01,1.640000000000000069e-01
1.648833000000000126e+01,1.769999999999999907e-01
1.648999999999999844e+01,1.839999999999999969e-01
1.649166999999999916e+01,1.769999999999999907e-01
1.649333000000000027e+01,1.640000000000000069e-01
1.649500000000000099e+01,1.759999999999999898e-01
1.649667000000000172e+01,1.869999999999999996e-01
1.649832999999999927e+01,1.799999999999999933e-01
1.650000000000000000e+01,1.660000000000000087e-01
1.650167000000000073e+01,1.719999999999999862e-01
1.650332999999999828e+01,1.819999999999999951e-01
1.650499999999999901e+01,1.779999999999999916e-01
1.650666999999999973e+01,1.660000000000000087e-01
1.650833000000000084e+01,1.769999999999999907e-01
1.651000000000000156e+01,1.839999999999999969e-01
1.651166999999999874e+01,1.759999999999999898e-01
1.651332999999999984e+01,1.620000000000000051e-01
1.651500000000000057e+01,1.710000000000000131e-01
1.651667000000000129e+01,1.779999999999999916e-01
1.651832999999999885e+01,1.759999999999999898e-01
1.651999999999999957e+01,1.660000000000000087e-01
1.652167000000000030e+01,1.769999999999999907e-01
1.652333000000000141e+01,1.880000000000000004e-01
1.652499999999999858e+01,1.869999999999999996e-01
1.652666999999999931e+01,1.729999999999999871e-01
1.652833000000000041e+01,1.809999999999999942e-01
1.653000000000000114e+01,1.890000000000000013e-01
1.653166999999999831e+01,1.839999999999999969e-01
1.653332999999999942e+01,1.690000000000000113e-01
1.653500000000000014e+01,1.789999999999999925e-01
1.653667000000000087e+01,1.880000000000000004e-01
1.653832999999999842e+01,1.819999999999999951e-01
1.653999999999999915e+01,1.710000000000000131e-01
1.654166999999999987e+01,1.789999999999999925e-01
1.654333000000000098e+01,1.859999999999999987e-01
1.654500000000000171e+01,1.799999999999999933e-01
1.654666999999999888e+01,1.640000000000000069e-01
1.654832999999999998e+01,1.710000000000000131e-01
1.655000000000000071e+01,1.779999999999999916e-01
1.655167000000000144e+01,1.739999999999999880e-01
1.655332999999999899e+01,1.600000000000000033e-01
1.655499999999999972e+01,1.690000000000000113e-01
1.655667000000000044e+01,1.799999999999999933e-01
1.655833000000000155e+01,1.799999999999999933e-01
1.655999999999999872e+01,1.640000000000000069e-01
1.656166999999999945e+01,1.700000000000000122e-01
1.656333000000000055e+01,1.809999999999999942e-01
1.656500000000000128e+01,1.779999999999999916e-01
1.656666999999999845e+01,1.640000000000000069e-01
1.656832999999999956e+01,1.680000000000000104e-01
1.657000000000000028e+01,1.799999999999999933e-01
1.657167000000000101e+01,1.789999999999999925e-01
1.657332999999999856e+01,1.670000000000000095e-01
1.657499999999999929e+01,1.700000000000000122e-01
1.657667000000000002e+01,1.829999999999999960e-01
1.657833000000000112e+01,1.819999999999999951e-01
1.657999999999999829e+01,1.660000000000000087e-01
1.658166999999999902e+01,1.680000000000000104e-01
1.658333000000000013e+01,1.779999999999999916e-01
1.658500000000000085e+01,1.769999999999999907e-01
1.658667000000000158e+01,1.660000000000000087e-01
1.658832999999999913e+01,1.700000000000000122e-01
1.658999999999999986e+01,1.839999999999999969e-01
1.659167000000000058e+01,1.829999999999999960e-01
1.659333000000000169e+01,1.700000000000000122e-01
1.659499999999999886e+01,1.660000000000000087e-01
1.659666999999999959e+01,1.779999999999999916e-01
1.659833000000000069e+01,1.759999999999999898e-01
1.660000000000000142e+01,1.630000000000000060e-01
1.660166999999999859e+01,1.640000000000000069e-01
1.660332999999999970e+01,1.779999999999999916e-01
1.660500000000000043e+01,1.779999999999999916e-01
1.660667000000000115e+01,1.620000000000000051e-01
1.660832999999999871e+01,1.580000000000000016e-01
1.660999999999999943e+01,1.710000000000000131e-01
1.661167000000000016e+01,1.749999999999999889e-01
1.661333000000000126e+01,1.640000000000000069e-01
1.661499999999999844e+01,1.620000000000000051e-01
1.661666999999999916e+01,1.719999999999999862e-01
1.661833000000000027e+01,1.749999999999999889e-01
1.662000000000000099e+01,1.590000000000000024e-01
1.662167000000000172e+01,1.519999999999999962e-01
1.662332999999999927e+01,1.680000000000000104e-01
1.662500000000000000e+01,1.749999999999999889e-01
1.662667000000000073e+01,1.660000000000000087e-01
1.662832999999999828e+01,1.620000000000000051e-01
1.662999999999999901e+01,1.729999999999999871e-01
1.663166999999999973e+01,1.739999999999999880e-01
1.663333000000000084e+01,1.630000000000000060e-01
1.663500000000000156e+01,1.600000000000000033e-01
1.663666999999999874e+01,1.729999999999999871e-01
1.663832999999999984e+01,1.749999999999999889e-01
1.664000000000000057e+01,1.630000000000000060e-01
1.664167000000000129e+01,1.549999999999999989e-01
1.664332999999999885e+01,1.690000000000000113e-01
1.664499999999999957e+01,1.700000000000000122e-01
1.664667000000000030e+01,1.580000000000000016e-01
1.664833000000000141e+01,1.509999999999999953e-01
1.664999999999999858e+01,1.660000000000000087e-01
1.665166999999999931e+01,1.719999999999999862e-01
1.665333000000000041e+01,1.640000000000000069e-01
1.665500000000000114e+01,1.600000000000000033e-01
1.665666999999999831e+01,1.710000000000000131e-01
1.665832999999999942e+01,1.759999999999999898e-01
1.666000000000000014e+01,1.680000000000000104e-01
1.666167000000000087e+01,1.610000000000000042e-01
1.666332999999999842e+01,1.789999999999999925e-01
1.666499999999999915e+01,1.839999999999999969e-01
1.666666999999999987e+01,1.729999999999999871e-01
1.666833000000000098e+01,1.640000000000000069e-01
1.667000000000000171e+01,1.789999999999999925e-01
1.667166999999999888e+01,1.799999999999999933e-01
1.667332999999999998e+01,1.719999999999999862e-01
1.667500000000000071e+01,1.640000000000000069e-01
1.667667000000000144e+01,1.809999999999999942e-01
1.667832999999999899e+01,1.859999999999999987e-01
1.667999999999999972e+01,1.759999999999999898e-01
1.668167000000000044e+01,1.630000000000000060e-01
1.668333000000000155e+01,1.729999999999999871e-01
1.668499999999999872e+01,1.789999999999999925e-01
1.668666999999999945e+01,1.700000000000000122e-01
1.668833000000000055e+01,1.590000000000000024e-01
1.669000000000000128e+01,1.719999999999999862e-01
1.669166999999999845e+01,1.799999999999999933e-01
1.669332999999999956e+01,1.729999999999999871e-01
1.669500000000000028e+01,1.580000000000000016e-01
1.669667000000000101e+01,1.670000000000000095e-01
1.669832999999999856e+01,1.719999999999999862e-01
1.669999999999999929e+01,1.630000000000000060e-01
1.670167000000000002e+01,1.509999999999999953e-01
1.670333000000000112e+01,1.630000000000000060e-01
1.670499999999999829e+01,1.710000000000000131e-01
1.670666999999999902e+01,1.680000000000000104e-01
1.670833000000000013e+01,1.580000000000000016e-01
1.671000000000000085e+01,1.670000000000000095e-01
1.671167000000000158e+01,1.700000000000000122e-01
1.671332999999999913e+01,1.620000000000000051e-01
1.671499999999999986e+01,1.489999999999999936e-01
1.671667000000000058e+01,1.620000000000000051e-01
1.671833000000000169e+01,1.680000000000000104e-01
1.671999999999999886e+01,1.650000000000000078e-01
1.672166999999999959e+01,1.509999999999999953e-01
1.672333000000000069e+01,1.630000000000000060e-01
1.672500000000000142e+01,1.690000000000000113e-01
1.672666999999999859e+01,1.630000000000000060e-01
1.672832999999999970e+01,1.519999999999999962e-01
1.673000000000000043e+01,1.640000000000000069e-01
1.673167000000000115e+01,1.739999999999999880e-01
1.673332999999999871e+01,1.690000000000000113e-01
1.673499999999999943e+01,1.559999999999999998e-01
1.673667000000000016e+01,1.650000000000000078e-01
1.673833000000000126e+01,1.710000000000000131e-01
1.673999999999999844e+01,1.670000000000000095e-01
1.674166999999999916e+01,1.539999999999999980e-01
1.674333000000000027e+01,1.620000000000000051e-01
1.674500000000000099e+01,1.739999999999999880e-01
1.674667000000000172e+01,1.710000000000000131e-01
1.674832999999999927e+01,1.559999999999999998e-01
1.675000000000000000e+01,1.630000000000000060e-01
1.675167000000000073e+01,1.729999999999999871e-01
1.675332999999999828e+01,1.700000000000000122e-01
1.675499999999999901e+01,1.570000000000000007e-01
1.675666999999999973e+01,1.630000000000000060e-01
1.675833000000000084e+01,1.719999999999999862e-01
1.676000000000000156e+01,1.680000000000000104e-01
1.676166999999999874e+01,1.549999999999999989e-01
1.676332999999999984e+01,1.600000000000000033e-01
1.676500000000000057e+01,1.710000000000000131e-01
1.676667000000000129e+01,1.680000000000000104e-01
1.676832999999999885e+01,1.549999999999999989e-01
1.676999999999999957e+01,1.580000000000000016e-01
1.677167000000000030e+01,1.680000000000000104e-01
1.677333000000000141e+01,1.690000000000000113e-01
1.677499999999999858e+01,1.519999999999999962e-01
1.677666999999999931e+01,1.539999999999999980e-01
1.677833000000000041e+01,1.650000000000000078e-01
1.678000000000000114e+01,1.660000000000000087e-01
1.678166999999999831e+01,1.529999999999999971e-01
1.678332999999999942e+01,1.549999999999999989e-01
1.678500000000000014e+01,1.680000000000000104e-01
1.678667000000000087e+01,1.640000000000000069e-01
1.678832999999999842e+01,1.519999999999999962e-01
1.678999999999999915e+01,1.539999999999999980e-01
1.679166999999999987e+01,1.690000000000000113e-01
1.679333000000000098e+01,1.710000000000000131e-01
1.679500000000000171e+01,1.570000000000000007e-01
1.679666999999999888e+01,1.539999999999999980e-01
1.679832999999999998e+01,1.710000000000000131e-01
1.680000000000000071e+01,1.700000000000000122e-01
1.680167000000000144e+01,1.539999999999999980e-01
1.680332999999999899e+01,1.539999999999999980e-01
1.680499999999999972e+01,1.660000000000000087e-01
1.680667000000000044e+01,1.650000000000000078e-01
1.680833000000000155e+01,1.529999999999999971e-01
1.680999999999999872e+01,1.519999999999999962e-01
1.681166999999999945e+01,1.670000000000000095e-01
1.681333000000000055e+01,1.700000000000000122e-01
1.681500000000000128e+01,1.600000000000000033e-01
1.681666999999999845e+01,1.529999999999999971e-01
1.681832999999999956e+01,1.660000000000000087e-01
1.682000000000000028e+01,1.670000000000000095e-01
1.682167000000000101e+01,1.549999999999999989e-01
1.682332999999999856e+01,1.499999999999999944e-01
1.682499999999999929e+01,1.620000000000000051e-01
1.682667000000000002e+01,1.630000000000000060e-01
1.682833000000000112e+01,1.539999999999999980e-01
1.682999999999999829e+01,1.529999999999999971e-01
1.683166999999999902e+01,1.690000000000000113e-01
1.683333000000000013e+01,1.739999999999999880e-01
1.683500000000000085e+01,1.660000000000000087e-01
1.683667000000000158e+01,1.590000000000000024e-01
1.683832999999999913e+01,1.660000000000000087e-01
1.683999999999999986e+01,1.670000000000000095e-01
1.684167000000000058e+01,1.529999999999999971e-01
1.684333000000000169e+01,1.449999999999999900e-01
1.684499999999999886e+01,1.600000000000000033e-01
1.684666999999999959e+01,1.640000000000000069e-01
1.684833000000000069e+01,1.549999999999999989e-01
1.685000000000000142e+01,1.499999999999999944e-01
1.685166999999999859e+01,1.630000000000000060e-01
1.685332999999999970e+01,1.630000000000000060e-01
1.685500000000000043e+01,1.519999999999999962e-01
1.685667000000000115e+01,1.419999999999999873e-01
1.685832999999999871e+01,1.559999999999999998e-01
1.685999999999999943e+01,1.590000000000000024e-01
1.686167000000000016e+01,1.459999999999999909e-01
1.686333000000000126e+01,1.380000000000000115e-01
1.686499999999999844e+01,1.539999999999999980e-01
1.686666999999999916e+01,1.610000000000000042e-01
1.686833000000000027e+01,1.499999999999999944e-01
1.687000000000000099e+01,1.400000000000000133e-01
1.687167000000000172e+01,1.519999999999999962e-01
1.687332999999999927e+01,1.549999999999999989e-01
1.687500000000000000e+01,1.489999999999999936e-01
1.687667000000000073e+01,1.409999999999999865e-01
1.687832999999999828e+01,1.559999999999999998e-01
1.687999999999999901e+01,1.580000000000000016e-01
1.688166999999999973e+01,1.509999999999999953e-01
1.688333000000000084e+01,1.390000000000000124e-01
1.688500000000000156e+01,1.509999999999999953e-01
1.688666999999999874e+01,1.539999999999999980e-01
1.688832999999999984e+01,1.479999999999999927e-01
1.689000000000000057e+01,1.370000000000000107e-01
1.689167000000000129e+01,1.509999999999999953e-01
1.689332999999999885e+01,1.559999999999999998e-01
1.689499999999999957e+01,1.469999999999999918e-01
1.689667000000000030e+01,1.360000000000000098e-01
1.689833000000000141e+01,1.489999999999999936e-01
1.689999999999999858e+01,1.559999999999999998e-01
1.690166999999999931e+01,1.459999999999999909e-01
1.690333000000000041e+01,1.300000000000000044e-01
1.690500000000000114e+01,1.459999999999999909e-01
1.690666999999999831e+01,1.580000000000000016e-01
1.690832999999999942e+01,1.509999999999999953e-01
1.691000000000000014e+01,1.390000000000000124e-01
1.691167000000000087e+01,1.499999999999999944e-01
1.691332999999999842e+01,1.549999999999999989e-01
1.691499999999999915e+01,1.479999999999999927e-01
1.691666999999999987e+01,1.360000000000000098e-01
1.691833000000000098e+01,1.489999999999999936e-01
1.692000000000000171e+01,1.570000000000000007e-01
1.692166999999999888e+01,1.509999999999999953e-01
1.692332999999999998e+01,1.400000000000000133e-01
1.692500000000000071e+01,1.519999999999999962e-01
1.692667000000000144e+01,1.610000000000000042e-01
1.692832999999999899e+01,1.570000000000000007e-01
1.692999999999999972e+01,1.409999999999999865e-01
1.693167000000000044e+01,1.499999999999999944e-01
1.693333000000000155e+01,1.600000000000000033e-01
1.693499999999999872e+01,1.570000000000000007e-01
1.693666999999999945e+01,1.439999999999999891e-01
1.693833000000000055e+01,1.499999999999999944e-01
1.694000000000000128e+01,1.580000000000000016e-01
1.694166999999999845e+01,1.559999999999999998e-01
1.694332999999999956e+01,1.439999999999999891e-01
1.694500000000000028e+01,1.489999999999999936e-01
1.694667000000000101e+01,1.620000000000000051e-01
1.694832999999999856e+01,1.590000000000000024e-01
1.694999999999999929e+01,1.509999999999999953e-01
1.695167000000000002e+01,1.570000000000000007e-01
1.695333000000000112e+01,1.680000000000000104e-01
1.695499999999999829e+01,1.630000000000000060e-01
1.695666999999999902e+01,1.499999999999999944e-01
1.695833000000000013e+01,1.559999999999999998e-01
1.696000000000000085e+01,1.680000000000000104e-01
1.696167000000000158e+01,1.640000000000000069e-01
1.696332999999999913e+01,1.509999999999999953e-01
1.696499999999999986e+01,1.570000000000000007e-01
1.696667000000000058e+01,1.680000000000000104e-01
1.696833000000000169e+01,1.620000000000000051e-01
1.696999999999999886e+01,1.479999999999999927e-01
1.697166999999999959e+01,1.499999999999999944e-01
1.697333000000000069e+01,1.640000000000000069e-01
1.697500000000000142e+01,1.610000000000000042e-01
1.697666999999999859e+01,1.469999999999999918e-01
1.697832999999999970e+01,1.479999999999999927e-01
1.698000000000000043e+01,1.590000000000000024e-01
1.698167000000000115e+01,1.539999999999999980e-01
1.698332999999999871e+01,1.400000000000000133e-01
1.698499999999999943e+01,1.380000000000000115e-01
1.698667000000000016e+01,1.499999999999999944e-01
1.698833000000000126e+01,1.499999999999999944e-01
1.698999999999999844e+01,1.409999999999999865e-01
1.699166999999999916e+01,1.419999999999999873e-01
1.699333000000000027e+01,1.529999999999999971e-01
1.699500000000000099e+01,1.509999999999999953e-01
1.699667000000000172e+01,1.390000000000000124e-01
1.699832999999999927e+01,1.360000000000000098e-01
1.700000000000000000e+01,1.479999999999999927e-01
1.700167000000000073e+01,1.479999999999999927e-01
1.700332999999999828e+01,1.380000000000000115e-01
1.700499999999999901e+01,1.409999999999999865e-01
1.700666999999999973e+01,1.519999999999999962e-01
1.700833000000000084e+01,1.509999999999999953e-01
1.701000000000000156e+01,1.400000000000000133e-01
1.701166999999999874e+01,1.370000000000000107e-01
1.701332999999999984e+01,1.459999999999999909e-01
1.701500000000000057e+01,1.449999999999999900e-01
1.701667000000000129e+01,1.340000000000000080e-01
1.701832999999999885e+01,1.320000000000000062e-01
1.701999999999999957e+01,1.469999999999999918e-01
1.702167000000000030e+01,1.509999999999999953e-01
1.702333000000000141e+01,1.400000000000000133e-01
1.702499999999999858e+01,1.370000000000000107e-01
1.702666999999999931e+01,1.509999999999999953e-01
1.702833000000000041e+01,1.529999999999999971e-01
1.703000000000000114e+01,1.419999999999999873e-01
1.703166999999999831e+01,1.380000000000000115e-01
1.703332999999999942e+01,1.489999999999999936e-01
1.703500000000000014e+01,1.499999999999999944e-01
1.703667000000000087e+01,1.429999999999999882e-01
1.703832999999999842e+01,1.419999999999999873e-01
1.703999999999999915e+01,1.570000000000000007e-01
1.704166999999999987e+01,1.590000000000000024e-01
1.704333000000000098e+01,1.449999999999999900e-01
1.704500000000000171e+01,1.380000000000000115e-01
1.704666999999999888e+01,1.519999999999999962e-01
1.704832999999999998e+01,1.539999999999999980e-01
1.705000000000000071e+01,1.429999999999999882e-01
1.705167000000000144e+01,1.380000000000000115e-01
1.705332999999999899e+01,1.529999999999999971e-01
1.705499999999999972e+01,1.549999999999999989e-01
1.705667000000000044e+01,1.409999999999999865e-01
1.705833000000000155e+01,1.380000000000000115e-01
1.705999999999999872e+01,1.459999999999999909e-01
1.706166999999999945e+01,1.469999999999999918e-01
1.706333000000000055e+01,1.380000000000000115e-01
1.706500000000000128e+01,1.330000000000000071e-01
1.706666999999999845e+01,1.439999999999999891e-01
1.706832999999999956e+01,1.459999999999999909e-01
1.707000000000000028e+01,1.360000000000000098e-01
1.707167000000000101e+01,1.320000000000000062e-01
1.707332999999999856e+01,1.489999999999999936e-01
1.707499999999999929e+01,1.529999999999999971e-01
1.707667000000000002e+01,1.439999999999999891e-01
1.707833000000000112e+01,1.380000000000000115e-01
1.707999999999999829e+01,1.479999999999999927e-01
1.708166999999999902e+01,1.509999999999999953e-01
1.708333000000000013e+01,1.419999999999999873e-01
1.708500000000000085e+01,1.350000000000000089e-01
1.708667000000000158e+01,1.479999999999999927e-01
1.708832999999999913e+01,1.509999999999999953e-01
1.708999999999999986e+01,1.429999999999999882e-01
1.709167000000000058e+01,1.340000000000000080e-01
1.709333000000000169e+01,1.439999999999999891e-01
1.709499999999999886e+01,1.469999999999999918e-01
1.709666999999999959e+01,1.400000000000000133e-01
1.709833000000000069e+01,1.320000000000000062e-01
1.710000000000000142e+01,1.449999999999999900e-01
1.710166999999999859e+01,1.549999999999999989e-01
1.710332999999999970e+01,1.509999999999999953e-01
1.710500000000000043e+01,1.400000000000000133e-01
1.710667000000000115e+01,1.479999999999999927e-01
1.710832999999999871e+01,1.509999999999999953e-01
1.710999999999999943e+01,1.429999999999999882e-01
1.711167000000000016e+01,1.340000000000000080e-01
1.711333000000000126e+01,1.439999999999999891e-01
1.711499999999999844e+01,1.479999999999999927e-01
1.711666999999999916e+01,1.409999999999999865e-01
1.711833000000000027e+01,1.320000000000000062e-01
1.712000000000000099e+01,1.429999999999999882e-01
1.712167000000000172e+01,1.469999999999999918e-01
1.712332999999999927e+01,1.409999999999999865e-01
1.712500000000000000e+01,1.320000000000000062e-01
1.712667000000000073e+01,1.439999999999999891e-01
1.712832999999999828e+01,1.509999999999999953e-01
1.712999999999999901e+01,1.449999999999999900e-01
1.713166999999999973e+01,1.360000000000000098e-01
1.713333000000000084e+01,1.439999999999999891e-01
1.713500000000000156e+01,1.489999999999999936e-01
1.713666999999999874e+01,1.419999999999999873e-01
1.713832999999999984e+01,1.320000000000000062e-01
1.714000000000000057e+01,1.419999999999999873e-01
1.714167000000000129e+01,1.519999999999999962e-01
1.714332999999999885e+01,1.419999999999999873e-01
1.714499999999999957e+01,1.310000000000000053e-01
1.714667000000000030e+01,1.380000000000000115e-01
1.714833000000000141e+01,1.479999999999999927e-01
1.714999999999999858e+01,1.419999999999999873e-01
1.715166999999999931e+01,1.300000000000000044e-01
1.715333000000000041e+01,1.380000000000000115e-01
1.715500000000000114e+01,1.479999999999999927e-01
1.715666999999999831e+01,1.449999999999999900e-01
1.715832999999999942e+01,1.350000000000000089e-01
1.716000000000000014e+01,1.429999999999999882e-01
1.716167000000000087e+01,1.509999999999999953e-01
1.716332999999999842e+01,1.489999999999999936e-01
1.716499999999999915e+01,1.390000000000000124e-01
1.716666999999999987e+01,1.459999999999999909e-01
1.716833000000000098e+01,1.559999999999999998e-01
1.717000000000000171e+01,1.529999999999999971e-01
1.717166999999999888e+01,1.380000000000000115e-01
1.717332999999999998e+01,1.429999999999999882e-01
1.717500000000000071e+01,1.529999999999999971e-01
1.717667000000000144e+01,1.489999999999999936e-01
1.717832999999999899e+01,1.360000000000000098e-01
1.717999999999999972e+01,1.400000000000000133e-01
1.718167000000000044e+01,1.489999999999999936e-01
1.718333000000000155e+01,1.479999999999999927e-01
1.718499999999999872e+01,1.380000000000000115e-01
1.718666999999999945e+01,1.429999999999999882e-01
1.718833000000000055e+01,1.529999999999999971e-01
1.719000000000000128e+01,1.529999999999999971e-01
1.719166999999999845e+01,1.409999999999999865e-01
1.719332999999999956e+01,1.459999999999999909e-01
1.719500000000000028e+01,1.509999999999999953e-01
1.719667000000000101e+01,1.479999999999999927e-01
1.719832999999999856e+01,1.360000000000000098e-01
1.719999999999999929e+01,1.400000000000000133e-01
1.720167000000000002e+01,1.499999999999999944e-01
1.720333000000000112e+01,1.489999999999999936e-01
1.720499999999999829e+01,1.370000000000000107e-01
1.720666999999999902e+01,1.380000000000000115e-01
1.720833000000000013e+01,1.479999999999999927e-01
1.721000000000000085e+01,1.439999999999999891e-01
1.721167000000000158e+01,1.350000000000000089e-01
1.721332999999999913e+01,1.400000000000000133e-01
1.721499999999999986e+01,1.519999999999999962e-01
1.721667000000000058e+01,1.499999999999999944e-01
1.721833000000000169e+01,1.360000000000000098e-01
1.721999999999999886e+01,1.370000000000000107e-01
1.722166999999999959e+01,1.509999999999999953e-01
1.722333000000000069e+01,1.499999999999999944e-01
1.722500000000000142e+01,1.380000000000000115e-01
1.722666999999999859e+01,1.400000000000000133e-01
1.722832999999999970e+01,1.489999999999999936e-01
1.723000000000000043e+01,1.509999999999999953e-01
1.723167000000000115e+01,1.380000000000000115e-01
1.723332999999999871e+01,1.390000000000000124e-01
1.723499999999999943e+01,1.489999999999999936e-01
1.723667000000000016e+01,1.469999999999999918e-01
1.723833000000000126e+01,1.340000000000000080e-01
1.723999999999999844e+01,1.350000000000000089e-01
1.724166999999999916e+01,1.469999999999999918e-01
1.724333000000000027e+01,1.479999999999999927e-01
1.724500000000000099e+01,1.310000000000000053e-01
1.724667000000000172e+01,1.290000000000000036e-01
1.724832999999999927e+01,1.419999999999999873e-01
1.725000000000000000e+01,1.400000000000000133e-01
1.725167000000000073e+01,1.280000000000000027e-01
1.725332999999999828e+01,1.270000000000000018e-01
1.725499999999999901e+01,1.409999999999999865e-01
1.725666999999999973e+01,1.439999999999999891e-01
1.725833000000000084e+01,1.310000000000000053e-01
1.726000000000000156e+01,1.270000000000000018e-01
1.726166999999999874e+01,1.400000000000000133e-01
1.726332999999999984e+01,1.449999999999999900e-01
1.726500000000000057e+01,1.360000000000000098e-01
1.726667000000000129e+01,1.310000000000000053e-01
1.726832999999999885e+01,1.429999999999999882e-01
1.726999999999999957e+01,1.459999999999999909e-01
1.727167000000000030e+01,1.370000000000000107e-01
1.727333000000000141e+01,1.310000000000000053e-01
1.727499999999999858e+01,1.449999999999999900e-01
1.727666999999999931e+01,1.489999999999999936e-01
1.727833000000000041e+01,1.360000000000000098e-01
1.728000000000000114e+01,1.280000000000000027e-01
1.728166999999999831e+01,1.380000000000000115e-01
1.728332999999999942e+01,1.409999999999999865e-01
1.728500000000000014e+01,1.280000000000000027e-01
1.728667000000000087e+01,1.199999999999999956e-01
1.728832999999999842e+01,1.350000000000000089e-01
1.728999999999999915e+01,1.429999999999999882e-01
1.729166999999999987e+01,1.350000000000000089e-01
1.729333000000000098e+01,1.300000000000000044e-01
1.729500000000000171e+01,1.419999999999999873e-01
1.729666999999999888e+01,1.479999999999999927e-01
1.729832999999999998e+01,1.380000000000000115e-01
1.730000000000000071e+01,1.290000000000000036e-01
1.730167000000000144e+01,1.439999999999999891e-01
1.730332999999999899e+01,1.499999999999999944e-01
1.730499999999999972e+01,1.419999999999999873e-01
1.730667000000000044e+01,1.340000000000000080e-01
1.730833000000000155e+01,1.449999999999999900e-01
1.730999999999999872e+01,1.539999999999999980e-01
1.731166999999999945e+01,1.419999999999999873e-01
1.731333000000000055e+01,1.310000000000000053e-01
1.731500000000000128e+01,1.390000000000000124e-01
1.731666999999999845e+01,1.449999999999999900e-01
1.731832999999999956e+01,1.439999999999999891e-01
1.732000000000000028e+01,1.360000000000000098e-01
1.732167000000000101e+01,1.469999999999999918e-01
1.732332999999999856e+01,1.549999999999999989e-01
1.732499999999999929e+01,1.479999999999999927e-01
1.732667000000000002e+01,1.370000000000000107e-01
1.732833000000000112e+01,1.469999999999999918e-01
1.732999999999999829e+01,1.499999999999999944e-01
1.733166999999999902e+01,1.429999999999999882e-01
1.733333000000000013e+01,1.300000000000000044e-01
1.733500000000000085e+01,1.380000000000000115e-01
1.733667000000000158e+01,1.479999999999999927e-01
1.733832999999999913e+01,1.419999999999999873e-01
1.733999999999999986e+01,1.300000000000000044e-01
1.734167000000000058e+01,1.400000000000000133e-01
1.734333000000000169e+01,1.459999999999999909e-01
1.734499999999999886e+01,1.419999999999999873e-01
1.734666999999999959e+01,1.310000000000000053e-01
1.734833000000000069e+01,1.429999999999999882e-01
1.735000000000000142e+01,1.509999999999999953e-01
1.735166999999999859e+01,1.439999999999999891e-01
1.735332999999999970e+01,1.320000000000000062e-01
1.735500000000000043e+01,1.409999999999999865e-01
1.735667000000000115e+01,1.469999999999999918e-01
1.735832999999999871e+01,1.429999999999999882e-01
1.735999999999999943e+01,1.300000000000000044e-01
1.736167000000000016e+01,1.429999999999999882e-01
1.736333000000000126e+01,1.549999999999999989e-01
1.736499999999999844e+01,1.489999999999999936e-01
1.736666999999999916e+01,1.330000000000000071e-01
1.736833000000000027e+01,1.400000000000000133e-01
1.737000000000000099e+01,1.499999999999999944e-01
1.737167000000000172e+01,1.449999999999999900e-01
1.737332999999999927e+01,1.320000000000000062e-01
1.737500000000000000e+01,1.419999999999999873e-01
1.737667000000000073e+01,1.479999999999999927e-01
1.737832999999999828e+01,1.439999999999999891e-01
1.737999999999999901e+01,1.320000000000000062e-01
1.738166999999999973e+01,1.409999999999999865e-01
1.738333000000000084e+01,1.449999999999999900e-01
1.738500000000000156e+01,1.400000000000000133e-01
1.738666999999999874e+01,1.250000000000000000e-01
1.738832999999999984e+01,1.310000000000000053e-01
1.739000000000000057e+01,1.390000000000000124e-01
1.739167000000000129e+01,1.370000000000000107e-01
1.739332999999999885e+01,1.250000000000000000e-01
1.739499999999999957e+01,1.290000000000000036e-01
1.739667000000000030e+01,1.400000000000000133e-01
1.739833000000000141e+01,1.370000000000000107e-01
1.739999999999999858e+01,1.209999999999999964e-01
1.740166999999999931e+01,1.280000000000000027e-01
1.740333000000000041e+01,1.370000000000000107e-01
1.740500000000000114e+01,1.360000000000000098e-01
1.740666999999999831e+01,1.239999999999999991e-01
1.740832999999999942e+01,1.330000000000000071e-01
1.741000000000000014e+01,1.439999999999999891e-01
1.741167000000000087e+01,1.429999999999999882e-01
1.741332999999999842e+01,1.290000000000000036e-01
1.741499999999999915e+01,1.360000000000000098e-01
1.741666999999999987e+01,1.459999999999999909e-01
1.741833000000000098e+01,1.429999999999999882e-01
1.742000000000000171e+01,1.280000000000000027e-01
1.742166999999999888e+01,1.300000000000000044e-01
1.742332999999999998e+01,1.439999999999999891e-01
1.742500000000000071e+01,1.469999999999999918e-01
1.742667000000000144e+01,1.300000000000000044e-01
1.742832999999999899e+01,1.310000000000000053e-01
1.742999999999999972e+01,1.429999999999999882e-01
1.743167000000000044e+01,1.469999999999999918e-01
1.743333000000000155e+01,1.330000000000000071e-01
1.743499999999999872e+01,1.330000000000000071e-01
1.743666999999999945e+01,1.429999999999999882e-01
1.743833000000000055e+01,1.419999999999999873e-01
1.744000000000000128e+01,1.270000000000000018e-01
1.744166999999999845e+01,1.270000000000000018e-01
1.744332999999999956e+01,1.409999999999999865e-01
1.744500000000000028e+01,1.419999999999999873e-01
1.744667000000000101e+01,1.270000000000000018e-01
1.744832999999999856e+01,1.250000000000000000e-01
1.744999999999999929e+01,1.380000000000000115e-01
1.745167000000000002e+01,1.390000000000000124e-01
1.745333000000000112e+01,1.290000000000000036e-01
1.745499999999999829e+01,1.280000000000000027e-01
1.745666999999999902e+01,1.400000000000000133e-01
1.745833000000000013e+01,1.400000000000000133e-01
1.746000000000000085e+01,1.300000000000000044e-01
1.746167000000000158e+01,1.270000000000000018e-01
1.746332999999999913e+01,1.400000000000000133e-01
1.746499999999999986e+01,1.429999999999999882e-01
1.746667000000000058e+01,1.330000000000000071e-01
1.746833000000000169e+01,1.260000000000000009e-01
1.746999999999999886e+01,1.400000000000000133e-01
1.747166999999999959e+01,1.429999999999999882e-01
1.747333000000000069e+01,1.330000000000000071e-01
1.747500000000000142e+01,1.280000000000000027e-01
1.747666999999999859e+01,1.409999999999999865e-01
1.747832999999999970e+01,1.419999999999999873e-01
1.748000000000000043e+01,1.250000000000000000e-01
1.748167000000000115e+01,1.179999999999999938e-01
1.748332999999999871e+01,1.290000000000000036e-01
1.748499999999999943e+01,1.300000000000000044e-01
1.748667000000000016e+01,1.199999999999999956e-01
1.748833000000000126e+01,1.110000000000000014e-01
1.748999999999999844e+01,1.270000000000000018e-01
1.749166999999999916e+01,1.330000000000000071e-01
1.749333000000000027e+01,1.229999999999999982e-01
1.749500000000000099e+01,1.160000000000000059e-01
1.749667000000000172e+01,1.300000000000000044e-01
1.749832999999999927e+01,1.340000000000000080e-01
1.750000000000000000e+01,1.239999999999999991e-01
1.750167000000000073e+01,1.199999999999999956e-01
1.750332999999999828e+01,1.360000000000000098e-01
1.750499999999999901e+01,1.419999999999999873e-01
1.750666999999999973e+01,1.300000000000000044e-01
1.750833000000000084e+01,1.170000000000000068e-01
1.751000000000000156e+01,1.310000000000000053e-01
1.751166999999999874e+01,1.380000000000000115e-01
1.751332999999999984e+01,1.320000000000000062e-01
1.751500000000000057e+01,1.219999999999999973e-01
1.751667000000000129e+01,1.340000000000000080e-01
1.751832999999999885e+01,1.370000000000000107e-01
1.751999999999999957e+01,1.280000000000000027e-01
1.752167000000000030e+01,1.189999999999999947e-01
1.752333000000000141e+01,1.350000000000000089e-01
1.752499999999999858e+01,1.439999999999999891e-01
1.752666999999999931e+01,1.350000000000000089e-01
1.752833000000000041e+01,1.209999999999999964e-01
1.753000000000000114e+01,1.350000000000000089e-01
1.753166999999999831e+01,1.390000000000000124e-01
1.753332999999999942e+01,1.330000000000000071e-01
1.753500000000000014e+01,1.219999999999999973e-01
1.753667000000000087e+01,1.350000000000000089e-01
1.753832999999999842e+01,1.390000000000000124e-01
1.753999999999999915e+01,1.310000000000000053e-01
1.754166999999999987e+01,1.179999999999999938e-01
1.754333000000000098e+01,1.310000000000000053e-01
1.754500000000000171e+01,1.360000000000000098e-01
1.754666999999999888e+01,1.300000000000000044e-01
1.754832999999999998e+01,1.189999999999999947e-01
1.755000000000000071e+01,1.330000000000000071e-01
1.755167000000000144e+01,1.380000000000000115e-01
1.755332999999999899e+01,1.340000000000000080e-01
1.755499999999999972e+01,1.199999999999999956e-01
1.755667000000000044e+01,1.280000000000000027e-01
1.755833000000000155e+01,1.340000000000000080e-01
1.755999999999999872e+01,1.310000000000000053e-01
1.756166999999999945e+01,1.179999999999999938e-01
1.756333000000000055e+01,1.290000000000000036e-01
1.756500000000000128e+01,1.340000000000000080e-01
1.756666999999999845e+01,1.280000000000000027e-01
1.756832999999999956e+01,1.179999999999999938e-01
1.757000000000000028e+01,1.270000000000000018e-01
1.757167000000000101e+01,1.360000000000000098e-01
1.757332999999999856e+01,1.330000000000000071e-01
1.757499999999999929e+01,1.199999999999999956e-01
1.757667000000000002e+01,1.300000000000000044e-01
1.757833000000000112e+01,1.390000000000000124e-01
1.757999999999999829e+01,1.330000000000000071e-01
1.758166999999999902e+01,1.199999999999999956e-01
1.758333000000000013e+01,1.280000000000000027e-01
1.758500000000000085e+01,1.320000000000000062e-01
1.758667000000000158e+01,1.250000000000000000e-01
1.758832999999999913e+01,1.100000000000000006e-01
1.758999999999999986e+01,1.189999999999999947e-01
1.759167000000000058e+01,1.290000000000000036e-01
1.759333000000000169e+01,1.270000000000000018e-01
1.759499999999999886e+01,1.160000000000000059e-01
1.759666999999999959e+01,1.250000000000000000e-01
1.759833000000000069e+01,1.360000000000000098e-01
1.760000000000000142e+01,1.340000000000000080e-01
1.760166999999999859e+01,1.209999999999999964e-01
1.760332999999999970e+01,1.270000000000000018e-01
1.760500000000000043e+01,1.340000000000000080e-01
1.760667000000000115e+01,1.320000000000000062e-01
1.760832999999999871e+01,1.189999999999999947e-01
1.760999999999999943e+01,1.239999999999999991e-01
1.761167000000000016e+01,1.340000000000000080e-01
1.761333000000000126e+01,1.320000000000000062e-01
1.761499999999999844e+01,1.199999999999999956e-01
1.761666999999999916e+01,1.209999999999999964e-01
1.761833000000000027e+01,1.330000000000000071e-01
1.762000000000000099e+01,1.340000000000000080e-01
1.762167000000000172e+01,1.219999999999999973e-01
1.762332999999999927e+01,1.229999999999999982e-01
1.762500000000000000e+01,1.340000000000000080e-01
1.762667000000000073e+01,1.320000000000000062e-01
1.762832999999999828e+01,1.199999999999999956e-01
1.762999999999999901e+01,1.239999999999999991e-01
1.763166999999999973e+01,1.330000000000000071e-01
1.763333000000000084e+01,1.310000000000000053e-01
1.763500000000000156e+01,1.140000000000000041e-01
1.763666999999999874e+01,1.140000000000000041e-01
1.763832999999999984e+01,1.250000000000000000e-01
1.764000000000000057e+01,1.260000000000000009e-01
1.764167000000000129e+01,1.160000000000000059e-01
1.764332999999999885e+01,1.160000000000000059e-01
1.764499999999999957e+01,1.320000000000000062e-01
1.764667000000000030e+01,1.300000000000000044e-01
1.764833000000000141e+01,1.179999999999999938e-01
1.764999999999999858e+01,1.160000000000000059e-01
1.765166999999999931e+01,1.290000000000000036e-01
1.765333000000000041e+01,1.320000000000000062e-01
1.765500000000000114e+01,1.209999999999999964e-01
1.765666999999999831e+01,1.209999999999999964e-01
1.765832999999999942e+01,1.340000000000000080e-01
1.766000000000000014e+01,1.330000000000000071e-01
1.766167000000000087e+01,1.219999999999999973e-01
1.766332999999999842e+01,1.160000000000000059e-01
1.766499999999999915e+01,1.300000000000000044e-01
1.766666999999999987e+01,1.300000000000000044e-01
1.766833000000000098e+01,1.179999999999999938e-01
1.767000000000000171e+01,1.160000000000000059e-01
1.767166999999999888e+01,1.280000000000000027e-01
1.767332999999999998e+01,1.280000000000000027e-01
1.767500000000000071e+01,1.160000000000000059e-01
1.767667000000000144e+01,1.110000000000000014e-01
1.767832999999999899e+01,1.239999999999999991e-01
1.767999999999999972e+01,1.209999999999999964e-01
1.768167000000000044e+01,1.100000000000000006e-01
1.768333000000000155e+01,1.079999999999999988e-01
1.768499999999999872e+01,1.239999999999999991e-01
1.768666999999999945e+01,1.239999999999999991e-01
1.768833000000000055e+01,1.150000000000000050e-01
1.769000000000000128e+01,1.110000000000000014e-01
1.769166999999999845e+01,1.250000000000000000e-01
1.769332999999999956e+01,1.260000000000000009e-01
1.769500000000000028e+01,1.140000000000000041e-01
1.769667000000000101e+01,1.069999999999999979e-01
1.769832999999999856e+01,1.219999999999999973e-01
1.769999999999999929e+01,1.270000000000000018e-01
1.770167000000000002e+01,1.160000000000000059e-01
1.770333000000000112e+01,1.100000000000000006e-01
1.770499999999999829e+01,1.260000000000000009e-01
1.770666999999999902e+01,1.330000000000000071e-01
1.770833000000000013e+01,1.239999999999999991e-01
1.771000000000000085e+01,1.130000000000000032e-01
1.771167000000000158e+01,1.239999999999999991e-01
1.771332999999999913e+01,1.270000000000000018e-01
1.771499999999999986e+01,1.189999999999999947e-01
1.771667000000000058e+01,1.100000000000000006e-01
1.771833000000000169e+01,1.260000000000000009e-01
1.771999999999999886e+01,1.280000000000000027e-01
1.772166999999999959e+01,1.199999999999999956e-01
1.772333000000000069e+01,1.130000000000000032e-01
1.772500000000000142e+01,1.260000000000000009e-01
1.772666999999999859e+01,1.280000000000000027e-01
1.772832999999999970e+01,1.189999999999999947e-01
1.773000000000000043e+01,1.110000000000000014e-01
1.773167000000000115e+01,1.219999999999999973e-01
1.773332999999999871e+01,1.250000000000000000e-01
1.773499999999999943e+01,1.170000000000000068e-01
1.773667000000000016e+01,1.059999999999999970e-01
1.773833000000000126e+01,1.199999999999999956e-01
1.773999999999999844e+01,1.229999999999999982e-01
1.774166999999999916e+01,1.189999999999999947e-01
1.774333000000000027e+01,1.110000000000000014e-01
1.774500000000000099e+01,1.229999999999999982e-01
1.774667000000000172e+01,1.290000000000000036e-01
1.774832999999999927e+01,1.170000000000000068e-01
1.775000000000000000e+01,1.039999999999999952e-01
1.775167000000000073e+01,1.150000000000000050e-01
1.775332999999999828e+01,1.260000000000000009e-01
1.775499999999999901e+01,1.219999999999999973e-01
1.775666999999999973e+01,1.110000000000000014e-01
1.775833000000000084e+01,1.189999999999999947e-01
1.776000000000000156e+01,1.219999999999999973e-01
1.776166999999999874e+01,1.170000000000000068e-01
1.776332999999999984e+01,1.059999999999999970e-01
1.776500000000000057e+01,1.170000000000000068e-01
1.776667000000000129e+01,1.260000000000000009e-01
1.776832999999999885e+01,1.199999999999999956e-01
1.776999999999999957e+01,1.069999999999999979e-01
1.777167000000000030e+01,1.179999999999999938e-01
1.777333000000000141e+01,1.260000000000000009e-01
1.777499999999999858e+01,1.239999999999999991e-01
1.777666999999999931e+01,1.120000000000000023e-01
1.777833000000000041e+01,1.229999999999999982e-01
1.778000000000000114e+01,1.350000000000000089e-01
1.778166999999999831e+01,1.280000000000000027e-01
1.778332999999999942e+01,1.160000000000000059e-01
1.778500000000000014e+01,1.239999999999999991e-01
1.778667000000000087e+01,1.300000000000000044e-01
1.778832999999999842e+01,1.239999999999999991e-01
1.778999999999999915e+01,1.110000000000000014e-01
1.779166999999999987e+01,1.160000000000000059e-01
1.779333000000000098e+01,1.270000000000000018e-01
1.779500000000000171e+01,1.229999999999999982e-01
1.779666999999999888e+01,1.079999999999999988e-01
1.779832999999999998e+01,1.120000000000000023e-01
1.780000000000000071e+01,1.229999999999999982e-01
1.780167000000000144e+01,1.170000000000000068e-01
1.780332999999999899e+01,1.039999999999999952e-01
1.780499999999999972e+01,1.069999999999999979e-01
1.780667000000000044e+01,1.189999999999999947e-01
1.780833000000000155e+01,1.179999999999999938e-01
1.780999999999999872e+01,1.089999999999999997e-01
1.781166999999999945e+01,1.160000000000000059e-01
1.781333000000000055e+01,1.260000000000000009e-01
1.781500000000000128e+01,1.189999999999999947e-01
1.781666999999999845e+01,1.039999999999999952e-01
1.781832999999999956e+01,1.079999999999999988e-01
1.782000000000000028e+01,1.199999999999999956e-01
1.782167000000000101e+01,1.189999999999999947e-01
1.782332999999999856e+01,1.069999999999999979e-01
1.782499999999999929e+01,1.079999999999999988e-01
1.782667000000000002e+01,1.250000000000000000e-01
1.782833000000000112e+01,1.270000000000000018e-01
1.782999999999999829e+01,1.140000000000000041e-01
1.783166999999999902e+01,1.130000000000000032e-01
1.783333000000000013e+01,1.250000000000000000e-01
1.783500000000000085e+01,1.209999999999999964e-01
1.783667000000000158e+01,1.089999999999999997e-01
1.783832999999999913e+01,1.140000000000000041e-01
1.783999999999999986e+01,1.250000000000000000e-01
1.784167000000000058e+01,1.209999999999999964e-01
1.784333000000000169e+01,1.079999999999999988e-01
1.784499999999999886e+01,1.089999999999999997e-01
1.784666999999999959e+01,1.229999999999999982e-01
1.784833000000000069e+01,1.229999999999999982e-01
1.785000000000000142e+01,1.079999999999999988e-01
1.785166999999999859e+01,1.079999999999999988e-01
1.785332999999999970e+01,1.239999999999999991e-01
1.785500000000000043e+01,1.229999999999999982e-01
1.785667000000000115e+01,1.130000000000000032e-01
1.785832999999999871e+01,1.100000000000000006e-01
1.785999999999999943e+01,1.209999999999999964e-01
1.786167000000000016e+01,1.199999999999999956e-01
1.786333000000000126e+01,1.079999999999999988e-01
1.786499999999999844e+01,1.049999999999999961e-01
1.786666999999999916e+01,1.170000000000000068e-01
1.786833000000000027e+01,1.150000000000000050e-01
1.787000000000000099e+01,1.039999999999999952e-01
1.787167000000000172e+01,1.029999999999999943e-01
1.787332999999999927e+01,1.130000000000000032e-01
1.787500000000000000e+01,1.130000000000000032e-01
1.787667000000000073e+01,1.000000000000000056e-01
1.787832999999999828e+01,9.800000000000000377e-02
1.787999999999999901e+01,1.089999999999999997e-01
1.788166999999999973e+01,1.069999999999999979e-01
1.788333000000000084e+01,9.600000000000000200e-02
1.788500000000000156e+01,9.500000000000000111e-02
1.788666999999999874e+01,1.089999999999999997e-01
1.788832999999999984e+01,1.100000000000000006e-01
1.789000000000000057e+01,9.800000000000000377e-02
1.789167000000000129e+01,9.500000000000000111e-02
1.789332999999999885e+01,1.089999999999999997e-01
1.789499999999999957e+01,1.160000000000000059e-01
1.789667000000000030e+01,1.069999999999999979e-01
1.789833000000000141e+01,1.039999999999999952e-01
1.789999999999999858e+01,1.160000000000000059e-01
1.790166999999999931e+01,1.199999999999999956e-01
1.790333000000000041e+01,1.089999999999999997e-01
1.790500000000000114e+01,1.059999999999999970e-01
1.790666999999999831e+01,1.189999999999999947e-01
1.790832999999999942e+01,1.189999999999999947e-01
1.791000000000000014e+01,1.049999999999999961e-01
1.791167000000000087e+01,9.800000000000000377e-02
1.791332999999999842e+01,1.160000000000000059e-01
1.791499999999999915e+01,1.209999999999999964e-01
1.791666999999999987e+01,1.079999999999999988e-01
1.791833000000000098e+01,1.029999999999999943e-01
1.792000000000000171e+01,1.170000000000000068e-01
1.792166999999999888e+01,1.209999999999999964e-01
1.792332999999999998e+01,1.110000000000000014e-01
1.792500000000000071e+01,1.029999999999999943e-01
1.792667000000000144e+01,1.120000000000000023e-01
1.792832999999999899e+01,1.199999999999999956e-01
1.792999999999999972e+01,1.130000000000000032e-01
1.793167000000000044e+01,1.069999999999999979e-01
1.793333000000000155e+01,1.179999999999999938e-01
1.793499999999999872e+01,1.189999999999999947e-01
1.793666999999999945e+01,1.110000000000000014e-01
1.793833000000000055e+01,1.039999999999999952e-01
1.794000000000000128e+01,1.150000000000000050e-01
1.794166999999999845e+01,1.199999999999999956e-01
1.794332999999999956e+01,1.100000000000000006e-01
1.794500000000000028e+01,1.000000000000000056e-01
1.794667000000000101e+01,1.130000000000000032e-01
1.794832999999999856e+01,1.199999999999999956e-01
1.794999999999999929e+01,1.120000000000000023e-01
1.795167000000000002e+01,1.039999999999999952e-01
1.795333000000000112e+01,1.150000000000000050e-01
1.795499999999999829e+01,1.209999999999999964e-01
1.795666999999999902e+01,1.130000000000000032e-01
1.795833000000000013e+01,1.069999999999999979e-01
1.796000000000000085e+01,1.150000000000000050e-01
1.796167000000000158e+01,1.229999999999999982e-01
1.796332999999999913e+01,1.150000000000000050e-01
1.796499999999999986e+01,1.029999999999999943e-01
1.796667000000000058e+01,1.140000000000000041e-01
1.796833000000000169e+01,1.199999999999999956e-01
1.796999999999999886e+01,1.100000000000000006e-01
1.797166999999999959e+01,1.010000000000000064e-01
1.797333000000000069e+01,1.110000000000000014e-01
1.797500000000000142e+01,1.170000000000000068e-01
1.797666999999999859e+01,1.110000000000000014e-01
1.797832999999999970e+01,1.029999999999999943e-01
1.798000000000000043e+01,1.110000000000000014e-01
1.798167000000000115e+01,1.209999999999999964e-01
1.798332999999999871e+01,1.179999999999999938e-01
1.798499999999999943e+01,1.079999999999999988e-01
1.798667000000000016e+01,1.150000000000000050e-01
1.798833000000000126e+01,1.219999999999999973e-01
1.798999999999999844e+01,1.130000000000000032e-01
1.799166999999999916e+01,1.010000000000000064e-01
1.799333000000000027e+01,1.100000000000000006e-01
1.799500000000000099e+01,1.179999999999999938e-01
1.799667000000000172e+01,1.130000000000000032e-01
1.799832999999999927e+01,9.700000000000000289e-02
1.800000000000000000e+01,1.019999999999999934e-01
1.800167000000000073e+01,1.079999999999999988e-01
1.800332999999999828e+01,1.029999999999999943e-01
1.800499999999999901e+01,8.999999999999999667e-02
1.800666999999999973e+01,9.800000000000000377e-02
1.800833000000000084e+01,1.089999999999999997e-01
1.801000000000000156e+01,1.079999999999999988e-01
1.801166999999999874e+01,9.400000000000000022e-02
1.801332999999999984e+01,1.019999999999999934e-01
1.801500000000000057e+01,1.120000000000000023e-01
1.801667000000000129e+01,1.089999999999999997e-01
1.801832999999999885e+01,9.400000000000000022e-02
1.801999999999999957e+01,1.000000000000000056e-01
1.802167000000000030e+01,1.120000000000000023e-01
1.802333000000000141e+01,1.079999999999999988e-01
1.802499999999999858e+01,9.500000000000000111e-02
1.802666999999999931e+01,1.029999999999999943e-01
1.802833000000000041e+01,1.120000000000000023e-01
1.803000000000000114e+01,1.100000000000000006e-01
1.803166999999999831e+01,9.900000000000000466e-02
1.803332999999999942e+01,1.049999999999999961e-01
1.803500000000000014e+01,1.120000000000000023e-01
1.803667000000000087e+01,1.110000000000000014e-01
1.803832999999999842e+01,9.700000000000000289e-02
1.803999999999999915e+01,1.029999999999999943e-01
1.804166999999999987e+01,1.170000000000000068e-01
1.804333000000000098e+01,1.170000000000000068e-01
1.804500000000000171e+01,1.059999999999999970e-01
1.804666999999999888e+01,1.089999999999999997e-01
1.804832999999999998e+01,1.140000000000000041e-01
1.805000000000000071e+01,1.079999999999999988e-01
1.805167000000000144e+01,9.400000000000000022e-02
1.805332999999999899e+01,1.000000000000000056e-01
1.805499999999999972e+01,1.100000000000000006e-01
1.805667000000000044e+01,1.089999999999999997e-01
1.805833000000000155e+01,9.600000000000000200e-02
1.805999999999999872e+01,9.900000000000000466e-02
1.806166999999999945e+01,1.110000000000000014e-01
1.806333000000000055e+01,1.110000000000000014e-01
1.806500000000000128e+01,9.800000000000000377e-02
1.806666999999999845e+01,9.700000000000000289e-02
1.806832999999999956e+01,1.079999999999999988e-01
1.807000000000000028e+01,1.120000000000000023e-01
1.807167000000000101e+01,9.600000000000000200e-02
1.807332999999999856e+01,9.800000000000000377e-02
1.807499999999999929e+01,1.089999999999999997e-01
1.807667000000000002e+01,1.100000000000000006e-01
1.807833000000000112e+01,9.900000000000000466e-02
1.807999999999999829e+01,9.800000000000000377e-02
1.808166999999999902e+01,1.069999999999999979e-01
1.808333000000000013e+01,1.079999999999999988e-01
1.808500000000000085e+01,1.000000000000000056e-01
1.808667000000000158e+01,1.010000000000000064e-01
1.808832999999999913e+01,1.100000000000000006e-01
1.808999999999999986e+01,1.100000000000000006e-01
1.809167000000000058e+01,9.600000000000000200e-02
1.809333000000000169e+01,9.299999999999999933e-02
1.809499999999999886e+01,1.069999999999999979e-01
1.809666999999999959e+01,1.110000000000000014e-01
1.809833000000000069e+01,9.800000000000000377e-02
1.810000000000000142e+01,9.900000000000000466e-02
1.810166999999999859e+01,1.110000000000000014e-01
1.810332999999999970e+01,1.140000000000000041e-01
1.810500000000000043e+01,1.000000000000000056e-01
1.810667000000000115e+01,9.600000000000000200e-02
1.810832999999999871e+01,1.100000000000000006e-01
1.810999999999999943e+01,1.150000000000000050e-01
1.811167000000000016e+01,1.089999999999999997e-01
1.811333000000000126e+01,1.089999999999999997e-01
1.811499999999999844e+01,1.229999999999999982e-01
1.811666999999999916e+01,1.229999999999999982e-01
1.811833000000000027e+01,1.120000000000000023e-01
1.812000000000000099e+01,1.049999999999999961e-01
1.812167000000000172e+01,1.120000000000000023e-01
1.812332999999999927e+01,1.140000000000000041e-01
1.812500000000000000e+01,1.019999999999999934e-01
1.812667000000000073e+01,9.900000000000000466e-02
1.812832999999999828e+01,1.100000000000000006e-01
1.812999999999999901e+01,1.150000000000000050e-01
1.813166999999999973e+01,1.049999999999999961e-01
1.813333000000000084e+01,9.700000000000000289e-02
1.813500000000000156e+01,1.100000000000000006e-01
1.813666999999999874e+01,1.160000000000000059e-01
1.813832999999999984e+01,1.059999999999999970e-01
1.814000000000000057e+01,9.900000000000000466e-02
1.814167000000000129e+01,1.140000000000000041e-01
1.814332999999999885e+01,1.150000000000000050e-01
1.814499999999999957e+01,1.039999999999999952e-01
1.814667000000000030e+01,9.700000000000000289e-02
1.814833000000000141e+01,1.100000000000000006e-01
1.814999999999999858e+01,1.160000000000000059e-01
1.815166999999999931e+01,1.089999999999999997e-01
1.815333000000000041e+01,1.000000000000000056e-01
1.815500000000000114e+01,1.100000000000000006e-01
1.815666999999999831e+01,1.150000000000000050e-01
1.815832999999999942e+01,1.079999999999999988e-01
1.816000000000000014e+01,1.010000000000000064e-01
1.816167000000000087e+01,1.100000000000000006e-01
1.816332999999999842e+01,1.110000000000000014e-01
1.816499999999999915e+01,9.900000000000000466e-02
1.816666999999999987e+01,8.599999999999999312e-02
1.816833000000000098e+01,9.900000000000000466e-02
1.817000000000000171e+01,1.079999999999999988e-01
1.817166999999999888e+01,1.019999999999999934e-01
1.817332999999999998e+01,8.899999999999999578e-02
1.817500000000000071e+01,9.900000000000000466e-02
1.817667000000000144e+01,1.010000000000000064e-01
1.817832999999999899e+01,9.099999999999999756e-02
1.817999999999999972e+01,8.000000000000000167e-02
1.818167000000000044e+01,9.500000000000000111e-02
1.818333000000000155e+01,1.049999999999999961e-01
1.818499999999999872e+01,1.000000000000000056e-01
1.818666999999999945e+01,8.899999999999999578e-02
1.818833000000000055e+01,1.019999999999999934e-01
1.819000000000000128e+01,1.079999999999999988e-01
1.819166999999999845e+01,1.039999999999999952e-01
1.819332999999999956e+01,8.999999999999999667e-02
1.819500000000000028e+01,1.029999999999999943e-01
1.819667000000000101e+01,1.100000000000000006e-01
1.819832999999999856e+01,1.069999999999999979e-01
1.819999999999999929e+01,9.700000000000000289e-02
1.820167000000000002e+01,1.059999999999999970e-01
1.820333000000000112e+01,1.120000000000000023e-01
1.820499999999999829e+01,1.089999999999999997e-01
1.820666999999999902e+01,9.500000000000000111e-02
1.820833000000000013e+01,1.029999999999999943e-01
1.821000000000000085e+01,1.110000000000000014e-01
1.821167000000000158e+01,1.059999999999999970e-01
1.821332999999999913e+01,9.500000000000000111e-02
1.821499999999999986e+01,1.059999999999999970e-01
1.821667000000000058e+01,1.170000000000000068e-01
1.821833000000000169e+01,1.100000000000000006e-01
1.821999999999999886e+01,9.600000000000000200e-02
1.822166999999999959e+01,1.069999999999999979e-01
1.822333000000000069e+01,1.160000000000000059e-01
1.822500000000000142e+01,1.150000000000000050e-01
1.822666999999999859e+01,1.010000000000000064e-01
1.822832999999999970e+01,1.140000000000000041e-01
1.823000000000000043e+01,1.209999999999999964e-01
1.823167000000000115e+01,1.170000000000000068e-01
1.823332999999999871e+01,1.010000000000000064e-01
1.823499999999999943e+01,1.079999999999999988e-01
1.823667000000000016e+01,1.189999999999999947e-01
1.823833000000000126e+01,1.170000000000000068e-01
1.823999999999999844e+01,1.029999999999999943e-01
1.824166999999999916e+01,1.059999999999999970e-01
1.824333000000000027e+01,1.170000000000000068e-01
1.824500000000000099e+01,1.160000000000000059e-01
1.824667000000000172e+01,1.010000000000000064e-01
1.824832999999999927e+01,1.089999999999999997e-01
1.825000000000000000e+01,1.170000000000000068e-01
1.825167000000000073e+01,1.110000000000000014e-01
1.825332999999999828e+01,9.600000000000000200e-02
1.825499999999999901e+01,1.019999999999999934e-01
1.825666999999999973e+01,1.140000000000000041e-01
1.825833000000000084e+01,1.110000000000000014e-01
1.826000000000000156e+01,9.400000000000000022e-02
1.826166999999999874e+01,1.000000000000000056e-01
1.826332999999999984e+01,1.150000000000000050e-01
1.826500000000000057e+01,1.150000000000000050e-01
1.826667000000000129e+01,9.700000000000000289e-02
1.826832999999999885e+01,1.010000000000000064e-01
1.826999999999999957e+01,1.120000000000000023e-01
1.827167000000000030e+01,1.110000000000000014e-01
1.827333000000000141e+01,9.900000000000000466e-02
1.827499999999999858e+01,1.010000000000000064e-01
1.827666999999999931e+01,1.100000000000000006e-01
1.827833000000000041e+01,1.089999999999999997e-01
1.828000000000000114e+01,9.500000000000000111e-02
1.828166999999999831e+01,9.700000000000000289e-02
1.828332999999999942e+01,1.100000000000000006e-01
1.828500000000000014e+01,1.140000000000000041e-01
1.828667000000000087e+01,1.019999999999999934e-01
1.828832999999999842e+01,1.039999999999999952e-01
1.828999999999999915e+01,1.170000000000000068e-01
1.829166999999999987e+01,1.150000000000000050e-01
1.829333000000000098e+01,1.029999999999999943e-01
1.829500000000000171e+01,1.049999999999999961e-01
1.829666999999999888e+01,1.179999999999999938e-01
1.829832999999999998e+01,1.160000000000000059e-01
1.830000000000000071e+01,9.900000000000000466e-02
1.830167000000000144e+01,9.800000000000000377e-02
1.830332999999999899e+01,1.120000000000000023e-01
1.830499999999999972e+01,1.120000000000000023e-01
1.830667000000000044e+01,1.000000000000000056e-01
1.830833000000000155e+01,9.900000000000000466e-02
1.830999999999999872e+01,1.150000000000000050e-01
1.831166999999999945e+01,1.189999999999999947e-01
1.831333000000000055e+01,1.089999999999999997e-01
1.831500000000000128e+01,1.049999999999999961e-01
1.831666999999999845e+01,1.160000000000000059e-01
1.831832999999999956e+01,1.170000000000000068e-01
1.832000000000000028e+01,1.049999999999999961e-01
1.832167000000000101e+01,9.900000000000000466e-02
1.832332999999999856e+01,1.120000000000000023e-01
1.832499999999999929e+01,1.160000000000000059e-01
1.832667000000000002e+01,1.059999999999999970e-01
1.832833000000000112e+01,9.900000000000000466e-02
1.832999999999999829e+01,1.120000000000000023e-01
1.833166999999999902e+01,1.120000000000000023e-01
1.833333000000000013e+01,9.800000000000000377e-02
1.833500000000000085e+01,8.999999999999999667e-02
1.833667000000000158e+01,1.039999999999999952e-01
1.833832999999999913e+01,1.100000000000000006e-01
1.833999999999999986e+01,1.000000000000000056e-01
1.834167000000000058e+01,9.500000000000000111e-02
1.834333000000000169e+01,1.089999999999999997e-01
1.834499999999999886e+01,1.110000000000000014e-01
1.834666999999999959e+01,1.029999999999999943e-01
1.834833000000000069e+01,9.900000000000000466e-02
1.835000000000000142e+01,1.120000000000000023e-01
1.835166999999999859e+01,1.160000000000000059e-01
1.835332999999999970e+01,1.049999999999999961e-01
1.835500000000000043e+01,9.700000000000000289e-02
1.835667000000000115e+01,1.130000000000000032e-01
1.835832999999999871e+01,1.170000000000000068e-01
1.835999999999999943e+01,1.049999999999999961e-01
1.836167000000000016e+01,9.800000000000000377e-02
1.836333000000000126e+01,1.100000000000000006e-01
1.836499999999999844e+01,1.140000000000000041e-01
1.836666999999999916e+01,1.049999999999999961e-01
1.836833000000000027e+01,9.299999999999999933e-02
1.837000000000000099e+01,1.089999999999999997e-01
1.837167000000000172e+01,1.170000000000000068e-01
1.837332999999999927e+01,1.079999999999999988e-01
1.837500000000000000e+01,9.500000000000000111e-02
1.837667000000000073e+01,1.089999999999999997e-01
1.837832999999999828e+01,1.189999999999999947e-01
1.837999999999999901e+01,1.110000000000000014e-01
1.838166999999999973e+01,1.000000000000000056e-01
1.838333000000000084e+01,1.140000000000000041e-01
1.838500000000000156e+01,1.209999999999999964e-01
1.838666999999999874e+01,1.179999999999999938e-01
1.838832999999999984e+01,1.069999999999999979e-01
1.839000000000000057e+01,1.199999999999999956e-01
1.839167000000000129e+01,1.260000000000000009e-01
1.839332999999999885e+01,1.179999999999999938e-01
1.839499999999999957e+01,1.069999999999999979e-01
1.839667000000000030e+01,1.199999999999999956e-01
1.839833000000000141e+01,1.260000000000000009e-01
1.839999999999999858e+01,1.229999999999999982e-01
1.840166999999999931e+01,1.110000000000000014e-01
1.840333000000000041e+01,1.219999999999999973e-01
1.840500000000000114e+01,1.239999999999999991e-01
1.840666999999999831e+01,1.120000000000000023e-01
1.840832999999999942e+01,9.700000000000000289e-02
1.841000000000000014e+01,1.089999999999999997e-01
1.841167000000000087e+01,1.179999999999999938e-01
1.841332999999999842e+01,1.179999999999999938e-01
1.841499999999999915e+01,1.079999999999999988e-01
1.841666999999999987e+01,1.189999999999999947e-01
1.841833000000000098e+01,1.239999999999999991e-01
1.842000000000000171e+01,1.209999999999999964e-01
1.842166999999999888e+01,1.049999999999999961e-01
1.842332999999999998e+01,1.150000000000000050e-01
1.842500000000000071e+01,1.239999999999999991e-01
1.842667000000000144e+01,1.199999999999999956e-01
1.842832999999999899e+01,1.059999999999999970e-01
1.842999999999999972e+01,1.179999999999999938e-01
1.843167000000000044e+01,1.250000000000000000e-01
1.843333000000000155e+01,1.209999999999999964e-01
1.843499999999999872e+01,1.059999999999999970e-01
1.843666999999999945e+01,1.199999999999999956e-01
1.843833000000000055e+01,1.330000000000000071e-01
1.844000000000000128e+01,1.280000000000000027e-01
1.844166999999999845e+01,1.120000000000000023e-01
1.844332999999999956e+01,1.189999999999999947e-01
1.844500000000000028e+01,1.280000000000000027e-01
1.844667000000000101e+01,1.229999999999999982e-01
1.844832999999999856e+01,1.079999999999999988e-01
1.844999999999999929e+01,1.160000000000000059e-01
1.845167000000000002e+01,1.280000000000000027e-01
1.845333000000000112e+01,1.270000000000000018e-01
1.845499999999999829e+01,1.120000000000000023e-01
1.845666999999999902e+01,1.160000000000000059e-01
1.845833000000000013e+01,1.250000000000000000e-01
1.846000000000000085e+01,1.179999999999999938e-01
1.846167000000000158e+01,1.049999999999999961e-01
1.846332999999999913e+01,1.130000000000000032e-01
1.846499999999999986e+01,1.260000000000000009e-01
1.846667000000000058e+01,1.250000000000000000e-01
1.846833000000000169e+01,1.120000000000000023e-01
1.846999999999999886e+01,1.160000000000000059e-01
1.847166999999999959e+01,1.250000000000000000e-01
1.847333000000000069e+01,1.219999999999999973e-01
1.847500000000000142e+01,1.049999999999999961e-01
1.847666999999999859e+01,1.069999999999999979e-01
1.847832999999999970e+01,1.179999999999999938e-01
1.848000000000000043e+01,1.150000000000000050e-01
1.848167000000000115e+01,1.039999999999999952e-01
1.848332999999999871e+01,1.059999999999999970e-01
1.848499999999999943e+01,1.170000000000000068e-01
1.848667000000000016e+01,1.160000000000000059e-01
1.848833000000000126e+01,1.069999999999999979e-01
1.848999999999999844e+01,1.079999999999999988e-01
1.849166999999999916e+01,1.189999999999999947e-01
1.849333000000000027e+01,1.179999999999999938e-01
1.849500000000000099e+01,1.059999999999999970e-01
1.849667000000000172e+01,1.039999999999999952e-01
1.849832999999999927e+01,1.179999999999999938e-01
1.850000000000000000e+01,1.219999999999999973e-01
1.850167000000000073e+01,1.110000000000000014e-01
1.850332999999999828e+01,1.089999999999999997e-01
1.850499999999999901e+01,1.229999999999999982e-01
1.850666999999999973e+01,1.219999999999999973e-01
1.850833000000000084e+01,1.110000000000000014e-01
1.851000000000000156e+01,1.079999999999999988e-01
1.851166999999999874e+01,1.199999999999999956e-01
1.851332999999999984e+01,1.219999999999999973e-01
1.851500000000000057e+01,1.120000000000000023e-01
1.851667000000000129e+01,1.059999999999999970e-01
1.851832999999999885e+01,1.189999999999999947e-01
1.851999999999999957e+01,1.189999999999999947e-01
1.852167000000000030e+01,1.089999999999999997e-01
1.852333000000000141e+01,1.069999999999999979e-01
1.852499999999999858e+01,1.199999999999999956e-01
1.852666999999999931e+01,1.239999999999999991e-01
1.852833000000000041e+01,1.160000000000000059e-01
1.853000000000000114e+01,1.069999999999999979e-01
1.853166999999999831e+01,1.199999999999999956e-01
1.853332999999999942e+01,1.219999999999999973e-01
1.853500000000000014e+01,1.140000000000000041e-01
1.853667000000000087e+01,1.100000000000000006e-01
1.853832999999999842e+01,1.250000000000000000e-01
1.853999999999999915e+01,1.280000000000000027e-01
1.854166999999999987e+01,1.170000000000000068e-01
1.854333000000000098e+01,1.100000000000000006e-01
1.854500000000000171e+01,1.229999999999999982e-01
1.854666999999999888e+01,1.239999999999999991e-01
1.854832999999999998e+01,1.150000000000000050e-01
1.855000000000000071e+01,1.100000000000000006e-01
1.855167000000000144e+01,1.270000000000000018e-01
1.855332999999999899e+01,1.300000000000000044e-01
1.855499999999999972e+01,1.179999999999999938e-01
1.855667000000000044e+01,1.120000000000000023e-01
1.855833000000000155e+01,1.239999999999999991e-01
1.855999999999999872e+01,1.250000000000000000e-01
1.856166999999999945e+01,1.160000000000000059e-01
1.856333000000000055e+01,1.029999999999999943e-01
1.856500000000000128e+01,1.160000000000000059e-01
1.856666999999999845e+01,1.199999999999999956e-01
1.856832999999999956e+01,1.110000000000000014e-01
1.857000000000000028e+01,1.019999999999999934e-01
1.857167000000000101e+01,1.189999999999999947e-01
1.857332999999999856e+01,1.239999999999999991e-01
1.857499999999999929e+01,1.130000000000000032e-01
1.857667000000000002e+01,1.019999999999999934e-01
1.857833000000000112e+01,1.160000000000000059e-01
1.857999999999999829e+01,1.189999999999999947e-01
1.858166999999999902e+01,1.100000000000000006e-01
1.858333000000000013e+01,1.000000000000000056e-01
1.858500000000000085e+01,1.110000000000000014e-01
1.858667000000000158e+01,1.160000000000000059e-01
1.858832999999999913e+01,1.089999999999999997e-01
1.858999999999999986e+01,9.700000000000000289e-02
1.859167000000000058e+01,1.100000000000000006e-01
1.859333000000000169e+01,1.189999999999999947e-01
1.859499999999999886e+01,1.140000000000000041e-01
1.859666999999999959e+01,1.049999999999999961e-01
1.859833000000000069e+01,1.170000000000000068e-01
1.860000000000000142e+01,1.229999999999999982e-01
1.860166999999999859e+01,1.160000000000000059e-01
1.860332999999999970e+01,1.049999999999999961e-01
1.860500000000000043e+01,1.150000000000000050e-01
1.860667000000000115e+01,1.219999999999999973e-01
1.860832999999999871e+01,1.170000000000000068e-01
1.860999999999999943e+01,1.079999999999999988e-01
1.861167000000000016e+01,1.209999999999999964e-01
1.861333000000000126e+01,1.300000000000000044e-01
1.861499999999999844e+01,1.250000000000000000e-01
1.861666999999999916e+01,1.130000000000000032e-01
1.861833000000000027e+01,1.219999999999999973e-01
1.862000000000000099e+01,1.300000000000000044e-01
1.862167000000000172e+01,1.209999999999999964e-01
1.862332999999999927e+01,1.079999999999999988e-01
1.862500000000000000e+01,1.170000000000000068e-01
1.862667000000000073e+01,1.260000000000000009e-01
1.862832999999999828e+01,1.209999999999999964e-01
1.862999999999999901e+01,1.079999999999999988e-01
1.863166999999999973e+01,1.140000000000000041e-01
1.863333000000000084e+01,1.239999999999999991e-01
1.863500000000000156e+01,1.189999999999999947e-01
1.863666999999999874e+01,1.059999999999999970e-01
1.863832999999999984e+01,1.100000000000000006e-01
1.864000000000000057e+01,1.160000000000000059e-01
1.864167000000000129e+01,1.079999999999999988e-01
1.864332999999999885e+01,9.600000000000000200e-02
1.864499999999999957e+01,1.069999999999999979e-01
1.864667000000000030e+01,1.199999999999999956e-01
1.864833000000000141e+01,1.140000000000000041e-01
1.864999999999999858e+01,1.049999999999999961e-01
1.865166999999999931e+01,1.130000000000000032e-01
1.865333000000000041e+01,1.199999999999999956e-01
1.865500000000000114e+01,1.179999999999999938e-01
1.865666999999999831e+01,1.059999999999999970e-01
1.865832999999999942e+01,1.110000000000000014e-01
1.866000000000000014e+01,1.199999999999999956e-01
1.866167000000000087e+01,1.179999999999999938e-01
1.866332999999999842e+01,1.089999999999999997e-01
1.866499999999999915e+01,1.130000000000000032e-01
1.866666999999999987e+01,1.270000000000000018e-01
1.866833000000000098e+01,1.260000000000000009e-01
1.867000000000000171e+01,1.120000000000000023e-01
1.867166999999999888e+01,1.130000000000000032e-01
1.867332999999999998e+01,1.239999999999999991e-01
1.867500000000000071e+01,1.229999999999999982e-01
1.867667000000000144e+01,1.130000000000000032e-01
1.867832999999999899e+01,1.179999999999999938e-01
1.867999999999999972e+01,1.290000000000000036e-01
1.868167000000000044e+01,1.270000000000000018e-01
1.868333000000000155e+01,1.120000000000000023e-01
1.868499999999999872e+01,1.130000000000000032e-01
1.868666999999999945e+01,1.290000000000000036e-01
1.868833000000000055e+01,1.280000000000000027e-01
1.869000000000000128e+01,1.150000000000000050e-01
1.869166999999999845e+01,1.150000000000000050e-01
1.869332999999999956e+01,1.260000000000000009e-01
1.869500000000000028e+01,1.219999999999999973e-01
1.869667000000000101e+01,1.089999999999999997e-01
1.869832999999999856e+01,1.089999999999999997e-01
1.869999999999999929e+01,1.239999999999999991e-01
1.870167000000000002e+01,1.250000000000000000e-01
1.870333000000000112e+01,1.150000000000000050e-01
1.870499999999999829e+01,1.130000000000000032e-01
1.870666999999999902e+01,1.250000000000000000e-01
1.870833000000000013e+01,1.219999999999999973e-01
1.871000000000000085e+01,1.100000000000000006e-01
1.871167000000000158e+01,1.089999999999999997e-01
1.871332999999999913e+01,1.239999999999999991e-01
1.871499999999999986e+01,1.239999999999999991e-01
1.871667000000000058e+01,1.130000000000000032e-01
1.871833000000000169e+01,1.140000000000000041e-01
1.871999999999999886e+01,1.270000000000000018e-01
1.872166999999999959e+01,1.260000000000000009e-01
1.872333000000000069e+01,1.110000000000000014e-01
1.872500000000000142e+01,1.069999999999999979e-01
1.872666999999999859e+01,1.219999999999999973e-01
1.872832999999999970e+01,1.229999999999999982e-01
1.873000000000000043e+01,1.100000000000000006e-01
1.873167000000000115e+01,1.079999999999999988e-01
1.873332999999999871e+01,1.239999999999999991e-01
1.873499999999999943e+01,1.250000000000000000e-01
1.873667000000000016e+01,1.120000000000000023e-01
1.873833000000000126e+01,1.049999999999999961e-01
1.873999999999999844e+01,1.189999999999999947e-01
1.874166999999999916e+01,1.189999999999999947e-01
1.874333000000000027e+01,1.089999999999999997e-01
1.874500000000000099e+01,1.039999999999999952e-01
1.874667000000000172e+01,1.160000000000000059e-01
1.874832999999999927e+01,1.209999999999999964e-01
1.875000000000000000e+01,1.100000000000000006e-01
1.875167000000000073e+01,1.039999999999999952e-01
1.875332999999999828e+01,1.170000000000000068e-01
1.875499999999999901e+01,1.209999999999999964e-01
1.875666999999999973e+01,1.130000000000000032e-01
1.875833000000000084e+01,1.089999999999999997e-01
1.876000000000000156e+01,1.209999999999999964e-01
1.876166999999999874e+01,1.229999999999999982e-01
1.876332999999999984e+01,1.130000000000000032e-01
1.876500000000000057e+01,1.049999999999999961e-01
1.876667000000000129e+01,1.150000000000000050e-01
1.876832999999999885e+01,1.189999999999999947e-01
1.876999999999999957e+01,1.059999999999999970e-01
1.877167000000000030e+01,1.019999999999999934e-01
1.877333000000000141e+01,1.150000000000000050e-01
1.877499999999999858e+01,1.189999999999999947e-01
1.877666999999999931e+01,1.120000000000000023e-01
1.877833000000000041e+01,1.069999999999999979e-01
1.878000000000000114e+01,1.209999999999999964e-01
1.878166999999999831e+01,1.250000000000000000e-01
1.878332999999999942e+01,1.150000000000000050e-01
1.878500000000000014e+01,1.069999999999999979e-01
1.878667000000000087e+01,1.209999999999999964e-01
1.878832999999999842e+01,1.320000000000000062e-01
1.878999999999999915e+01,1.239999999999999991e-01
1.879166999999999987e+01,1.120000000000000023e-01
1.879333000000000098e+01,1.219999999999999973e-01
1.879500000000000171e+01,1.280000000000000027e-01
1.879666999999999888e+01,1.189999999999999947e-01
1.879832999999999998e+01,1.120000000000000023e-01
1.880000000000000071e+01,1.239999999999999991e-01
1.880167000000000144e+01,1.270000000000000018e-01
1.880332999999999899e+01,1.199999999999999956e-01
1.880499999999999972e+01,1.120000000000000023e-01
1.880667000000000044e+01,1.219999999999999973e-01
1.880833000000000155e+01,1.270000000000000018e-01
1.880999999999999872e+01,1.189999999999999947e-01
1.881166999999999945e+01,1.089999999999999997e-01
1.881333000000000055e+01,1.179999999999999938e-01
1.881500000000000128e+01,1.250000000000000000e-01
1.881666999999999845e+01,1.160000000000000059e-01
1.881832999999999956e+01,1.049999999999999961e-01
1.882000000000000028e+01,1.130000000000000032e-01
1.882167000000000101e+01,1.179999999999999938e-01
1.882332999999999856e+01,1.120000000000000023e-01
1.882499999999999929e+01,1.029999999999999943e-01
1.882667000000000002e+01,1.160000000000000059e-01
1.882833000000000112e+01,1.260000000000000009e-01
1.882999999999999829e+01,1.189999999999999947e-01
1.883166999999999902e+01,1.100000000000000006e-01
1.883333000000000013e+01,1.170000000000000068e-01
1.883500000000000085e+01,1.219999999999999973e-01
1.883667000000000158e+01,1.170000000000000068e-01
1.883832999999999913e+01,1.069999999999999979e-01
1.883999999999999986e+01,1.120000000000000023e-01
1.884167000000000058e+01,1.170000000000000068e-01
1.884333000000000169e+01,1.110000000000000014e-01
1.884499999999999886e+01,1.010000000000000064e-01
1.884666999999999959e+01,1.100000000000000006e-01
1.884833000000000069e+01,1.189999999999999947e-01
1.885000000000000142e+01,1.130000000000000032e-01
1.885166999999999859e+01,9.900000000000000466e-02
1.885332999999999970e+01,1.039999999999999952e-01
1.885500000000000043e+01,1.140000000000000041e-01
1.885667000000000115e+01,1.110000000000000014e-01
1.885832999999999871e+01,9.800000000000000377e-02
1.885999999999999943e+01,1.059999999999999970e-01
1.886167000000000016e+01,1.179999999999999938e-01
1.886333000000000126e+01,1.160000000000000059e-01
1.886499999999999844e+01,1.079999999999999988e-01
1.886666999999999916e+01,1.179999999999999938e-01
1.886833000000000027e+01,1.270000000000000018e-01
1.887000000000000099e+01,1.219999999999999973e-01
1.887167000000000172e+01,1.089999999999999997e-01
1.887332999999999927e+01,1.140000000000000041e-01
1.887500000000000000e+01,1.229999999999999982e-01
1.887667000000000073e+01,1.170000000000000068e-01
1.887832999999999828e+01,1.059999999999999970e-01
1.887999999999999901e+01,1.100000000000000006e-01
1.888166999999999973e+01,1.209999999999999964e-01
1.888333000000000084e+01,1.179999999999999938e-01
1.888500000000000156e+01,1.059999999999999970e-01
1.888666999999999874e+01,1.110000000000000014e-01
1.888832999999999984e+01,1.229999999999999982e-01
1.889000000000000057e+01,1.229999999999999982e-01
1.889167000000000129e+01,1.100000000000000006e-01
1.889332999999999885e+01,1.120000000000000023e-01
1.889499999999999957e+01,1.209999999999999964e-01
1.889667000000000030e+01,1.229999999999999982e-01
1.889833000000000141e+01,1.089999999999999997e-01
1.889999999999999858e+01,1.100000000000000006e-01
1.890166999999999931e+01,1.199999999999999956e-01
1.890333000000000041e+01,1.209999999999999964e-01
1.890500000000000114e+01,1.079999999999999988e-01
1.890666999999999831e+01,1.089999999999999997e-01
1.890832999999999942e+01,1.179999999999999938e-01
1.891000000000000014e+01,1.160000000000000059e-01
1.891167000000000087e+01,1.049999999999999961e-01
1.891332999999999842e+01,1.100000000000000006e-01
1.891499999999999915e+01,1.239999999999999991e-01
1.891666999999999987e+01,1.209999999999999964e-01
1.891833000000000098e+01,1.079999999999999988e-01
1.892000000000000171e+01,1.110000000000000014e-01
1.892166999999999888e+01,1.199999999999999956e-01
1.892332999999999998e+01,1.209999999999999964e-01
1.892500000000000071e+01,1.100000000000000006e-01
1.892667000000000144e+01,1.130000000000000032e-01
1.892832999999999899e+01,1.239999999999999991e-01
1.892999999999999972e+01,1.239999999999999991e-01
1.893167000000000044e+01,1.120000000000000023e-01
1.893333000000000155e+01,1.130000000000000032e-01
1.893499999999999872e+01,1.250000000000000000e-01
1.893666999999999945e+01,1.229999999999999982e-01
1.893833000000000055e+01,1.140000000000000041e-01
1.894000000000000128e+01,1.140000000000000041e-01
1.894166999999999845e+01,1.260000000000000009e-01
1.894332999999999956e+01,1.300000000000000044e-01
1.894500000000000028e+01,1.199999999999999956e-01
1.894667000000000101e+01,1.199999999999999956e-01
1.894832999999999856e+01,1.320000000000000062e-01
1.894999999999999929e+01,1.330000000000000071e-01
1.895167000000000002e+01,1.209999999999999964e-01
1.895333000000000112e+01,1.130000000000000032e-01
1.895499999999999829e+01,1.250000000000000000e-01
1.895666999999999902e+01,1.290000000000000036e-01
1.895833000000000013e+01,1.199999999999999956e-01
1.896000000000000085e+01,1.160000000000000059e-01
1.896167000000000158e+01,1.250000000000000000e-01
1.896332999999999913e+01,1.270000000000000018e-01
1.896499999999999986e+01,1.160000000000000059e-01
1.896667000000000058e+01,1.110000000000000014e-01
1.896833000000000169e+01,1.199999999999999956e-01
1.896999999999999886e+01,1.229999999999999982e-01
1.897166999999999959e+01,1.140000000000000041e-01
1.897333000000000069e+01,1.069999999999999979e-01
1.897500000000000142e+01,1.199999999999999956e-01
1.897666999999999859e+01,1.250000000000000000e-01
1.897832999999999970e+01,1.170000000000000068e-01
1.898000000000000043e+01,1.110000000000000014e-01
1.898167000000000115e+01,1.219999999999999973e-01
1.898332999999999871e+01,1.300000000000000044e-01
1.898499999999999943e+01,1.219999999999999973e-01
1.898667000000000016e+01,1.150000000000000050e-01
1.898833000000000126e+01,1.270000000000000018e-01
1.898999999999999844e+01,1.300000000000000044e-01
1.899166999999999916e+01,1.179999999999999938e-01
1.899333000000000027e+01,1.100000000000000006e-01
1.899500000000000099e+01,1.229999999999999982e-01
1.899667000000000172e+01,1.260000000000000009e-01
1.899832999999999927e+01,1.160000000000000059e-01
1.900000000000000000e+01,1.059999999999999970e-01
1.900167000000000073e+01,1.219999999999999973e-01
1.900332999999999828e+01,1.300000000000000044e-01
1.900499999999999901e+01,1.209999999999999964e-01
1.900666999999999973e+01,1.120000000000000023e-01
1.900833000000000084e+01,1.239999999999999991e-01
1.901000000000000156e+01,1.290000000000000036e-01
1.901166999999999874e+01,1.209999999999999964e-01
1.901332999999999984e+01,1.079999999999999988e-01
1.901500000000000057e+01,1.199999999999999956e-01
1.901667000000000129e+01,1.219999999999999973e-01
1.901832999999999885e+01,1.160000000000000059e-01
1.901999999999999957e+01,1.069999999999999979e-01
1.902167000000000030e+01,1.179999999999999938e-01
1.902333000000000141e+01,1.219999999999999973e-01
1.902499999999999858e+01,1.140000000000000041e-01
1.902666999999999931e+01,1.019999999999999934e-01
1.902833000000000041e+01,1.120000000000000023e-01
1.903000000000000114e+01,1.209999999999999964e-01
1.903166999999999831e+01,1.150000000000000050e-01
1.903332999999999942e+01,1.029999999999999943e-01
1.903500000000000014e+01,1.110000000000000014e-01
1.903667000000000087e+01,1.199999999999999956e-01
1.903832999999999842e+01,1.130000000000000032e-01
1.903999999999999915e+01,1.000000000000000056e-01
1.904166999999999987e+01,1.140000000000000041e-01
1.904333000000000098e+01,1.239999999999999991e-01
1.904500000000000171e+01,1.229999999999999982e-01
1.904666999999999888e+01,1.110000000000000014e-01
1.904832999999999998e+01,1.160000000000000059e-01
1.905000000000000071e+01,1.189999999999999947e-01
1.905167000000000144e+01,1.110000000000000014e-01
1.905332999999999899e+01,9.600000000000000200e-02
1.905499999999999972e+01,1.049999999999999961e-01
1.905667000000000044e+01,1.140000000000000041e-01
1.905833000000000155e+01,1.110000000000000014e-01
1.905999999999999872e+01,9.500000000000000111e-02
1.906166999999999945e+01,1.029999999999999943e-01
1.906333000000000055e+01,1.140000000000000041e-01
1.906500000000000128e+01,1.110000000000000014e-01
1.906666999999999845e+01,9.700000000000000289e-02
1.906832999999999956e+01,1.049999999999999961e-01
1.907000000000000028e+01,1.130000000000000032e-01
1.907167000000000101e+01,1.100000000000000006e-01
1.907332999999999856e+01,9.400000000000000022e-02
1.907499999999999929e+01,1.049999999999999961e-01
1.907667000000000002e+01,1.140000000000000041e-01
1.907833000000000112e+01,1.120000000000000023e-01
1.907999999999999829e+01,9.700000000000000289e-02
1.908166999999999902e+01,1.069999999999999979e-01
1.908333000000000013e+01,1.150000000000000050e-01
1.908500000000000085e+01,1.110000000000000014e-01
1.908667000000000158e+01,9.800000000000000377e-02
1.908832999999999913e+01,1.039999999999999952e-01
1.908999999999999986e+01,1.110000000000000014e-01
1.909167000000000058e+01,1.069999999999999979e-01
1.909333000000000169e+01,9.199999999999999845e-02
1.909499999999999886e+01,9.900000000000000466e-02
1.909666999999999959e+01,1.089999999999999997e-01
1.909833000000000069e+01,1.079999999999999988e-01
1.910000000000000142e+01,9.299999999999999933e-02
1.910166999999999859e+01,9.600000000000000200e-02
1.910332999999999970e+01,1.089999999999999997e-01
1.910500000000000043e+01,1.089999999999999997e-01
1.910667000000000115e+01,9.900000000000000466e-02
1.910832999999999871e+01,1.069999999999999979e-01
1.910999999999999943e+01,1.160000000000000059e-01
1.911167000000000016e+01,1.110000000000000014e-01
1.911333000000000126e+01,9.600000000000000200e-02
1.911499999999999844e+01,1.010000000000000064e-01
1.911666999999999916e+01,1.150000000000000050e-01
1.911833000000000027e+01,1.189999999999999947e-01
1.912000000000000099e+01,1.069999999999999979e-01
1.912167000000000172e+01,1.089999999999999997e-01
1.912332999999999927e+01,1.189999999999999947e-01
1.912500000000000000e+01,1.199999999999999956e-01
1.912667000000000073e+01,1.069999999999999979e-01
1.912832999999999828e+01,1.069999999999999979e-01
1.912999999999999901e+01,1.170000000000000068e-01
1.913166999999999973e+01,1.179999999999999938e-01
1.913333000000000084e+01,1.019999999999999934e-01
1.913500000000000156e+01,1.029999999999999943e-01
1.913666999999999874e+01,1.130000000000000032e-01
1.913832999999999984e+01,1.120000000000000023e-01
1.914000000000000057e+01,1.010000000000000064e-01
1.914167000000000129e+01,1.049999999999999961e-01
1.914332999999999885e+01,1.170000000000000068e-01
1.914499999999999957e+01,1.160000000000000059e-01
1.914667000000000030e+01,1.019999999999999934e-01
1.914833000000000141e+01,1.019999999999999934e-01
1.914999999999999858e+01,1.179999999999999938e-01
1.915166999999999931e+01,1.189999999999999947e-01
1.915333000000000041e+01,1.059999999999999970e-01
1.915500000000000114e+01,1.069999999999999979e-01
1.915666999999999831e+01,1.189999999999999947e-01
1.915832999999999942e+01,1.189999999999999947e-01
1.916000000000000014e+01,1.049999999999999961e-01
1.916167000000000087e+01,1.010000000000000064e-01
1.916332999999999842e+01,1.160000000000000059e-01
1.916499999999999915e+01,1.189999999999999947e-01
1.916666999999999987e+01,1.110000000000000014e-01
1.916833000000000098e+01,1.059999999999999970e-01
1.917000000000000171e+01,1.199999999999999956e-01
1.917166999999999888e+01,1.229999999999999982e-01
1.917332999999999998e+01,1.140000000000000041e-01
1.917500000000000071e+01,1.089999999999999997e-01
1.917667000000000144e+01,1.219999999999999973e-01
1.917832999999999899e+01,1.239999999999999991e-01
1.917999999999999972e+01,1.140000000000000041e-01
1.918167000000000044e+01,1.100000000000000006e-01
1.918333000000000155e+01,1.239999999999999991e-01
1.918499999999999872e+01,1.260000000000000009e-01
1.918666999999999945e+01,1.160000000000000059e-01
1.918833000000000055e+01,1.089999999999999997e-01
1.919000000000000128e+01,1.179999999999999938e-01
1.919166999999999845e+01,1.199999999999999956e-01
1.919332999999999956e+01,1.089999999999999997e-01
1.919500000000000028e+01,1.019999999999999934e-01
1.919667000000000101e+01,1.160000000000000059e-01
1.919832999999999856e+01,1.209999999999999964e-01
1.919999999999999929e+01,1.089999999999999997e-01
1.920167000000000002e+01,1.000000000000000056e-01
1.920333000000000112e+01,1.160000000000000059e-01
1.920499999999999829e+01,1.229999999999999982e-01
1.920666999999999902e+01,1.170000000000000068e-01
1.920833000000000013e+01,1.069999999999999979e-01
1.921000000000000085e+01,1.160000000000000059e-01
1.921167000000000158e+01,1.189999999999999947e-01
1.921332999999999913e+01,1.079999999999999988e-01
1.921499999999999986e+01,9.400000000000000022e-02
1.921667000000000058e+01,1.039999999999999952e-01
1.921833000000000169e+01,1.100000000000000006e-01
1.921999999999999886e+01,1.039999999999999952e-01
1.922166999999999959e+01,9.400000000000000022e-02
1.922333000000000069e+01,1.100000000000000006e-01
1.922500000000000142e+01,1.150000000000000050e-01
1.922666999999999859e+01,1.069999999999999979e-01
1.922832999999999970e+01,9.700000000000000289e-02
1.923000000000000043e+01,1.100000000000000006e-01
1.923167000000000115e+01,1.170000000000000068e-01
1.923332999999999871e+01,1.130000000000000032e-01
1.923499999999999943e+01,1.000000000000000056e-01
1.923667000000000016e+01,1.069999999999999979e-01
1.923833000000000126e+01,1.179999999999999938e-01
1.923999999999999844e+01,1.150000000000000050e-01
1.924166999999999916e+01,1.049999999999999961e-01
1.924333000000000027e+01,1.170000000000000068e-01
1.924500000000000099e+01,1.229999999999999982e-01
1.924667000000000172e+01,1.170000000000000068e-01
1.924832999999999927e+01,1.039999999999999952e-01
1.925000000000000000e+01,1.150000000000000050e-01
1.925167000000000073e+01,1.189999999999999947e-01
1.925332999999999828e+01,1.130000000000000032e-01
1.925499999999999901e+01,9.800000000000000377e-02
1.925666999999999973e+01,1.079999999999999988e-01
1.925833000000000084e+01,1.110000000000000014e-01
1.926000000000000156e+01,1.059999999999999970e-01
1.926166999999999874e+01,9.400000000000000022e-02
1.926332999999999984e+01,1.049999999999999961e-01
1.926500000000000057e+01,1.140000000000000041e-01
1.926667000000000129e+01,1.100000000000000006e-01
1.926832999999999885e+01,9.600000000000000200e-02
1.926999999999999957e+01,1.059999999999999970e-01
1.927167000000000030e+01,1.140000000000000041e-01
1.927333000000000141e+01,1.059999999999999970e-01
1.927499999999999858e+01,9.500000000000000111e-02
1.927666999999999931e+01,1.069999999999999979e-01
1.927833000000000041e+01,1.170000000000000068e-01
1.928000000000000114e+01,1.140000000000000041e-01
1.928166999999999831e+01,1.000000000000000056e-01
1.928332999999999942e+01,1.089999999999999997e-01
1.928500000000000014e+01,1.209999999999999964e-01
1.928667000000000087e+01,1.199999999999999956e-01
1.928832999999999842e+01,1.059999999999999970e-01
1.928999999999999915e+01,1.120000000000000023e-01
1.929166999999999987e+01,1.239999999999999991e-01
1.929333000000000098e+01,1.209999999999999964e-01
1.929500000000000171e+01,1.059999999999999970e-01
1.929666999999999888e+01,1.120000000000000023e-01
1.929832999999999998e+01,1.239999999999999991e-01
1.930000000000000071e+01,1.209999999999999964e-01
1.930167000000000144e+01,1.039999999999999952e-01
1.930332999999999899e+01,1.089999999999999997e-01
1.930499999999999972e+01,1.209999999999999964e-01
1.930667000000000044e+01,1.179999999999999938e-01
1.930833000000000155e+01,1.039999999999999952e-01
1.930999999999999872e+01,1.059999999999999970e-01
1.931166999999999945e+01,1.189999999999999947e-01
1.931333000000000055e+01,1.179999999999999938e-01
1.931500000000000128e+01,1.059999999999999970e-01
1.931666999999999845e+01,1.110000000000000014e-01
1.931832999999999956e+01,1.219999999999999973e-01
1.932000000000000028e+01,1.199999999999999956e-01
1.932167000000000101e+01,1.019999999999999934e-01
1.932332999999999856e+01,1.019999999999999934e-01
1.932499999999999929e+01,1.140000000000000041e-01
1.932667000000000002e+01,1.130000000000000032e-01
1.932833000000000112e+01,1.000000000000000056e-01
1.932999999999999829e+01,1.000000000000000056e-01
1.933166999999999902e+01,1.100000000000000006e-01
1.933333000000000013e+01,1.110000000000000014e-01
1.933500000000000085e+01,1.019999999999999934e-01
1.933667000000000158e+01,1.029999999999999943e-01
1.933832999999999913e+01,1.140000000000000041e-01
1.933999999999999986e+01,1.130000000000000032e-01
1.934167000000000058e+01,1.000000000000000056e-01
1.934333000000000169e+01,1.010000000000000064e-01
1.934499999999999886e+01,1.179999999999999938e-01
1.934666999999999959e+01,1.209999999999999964e-01
1.934833000000000069e+01,1.089999999999999997e-01
1.935000000000000142e+01,1.069999999999999979e-01
1.935166999999999859e+01,1.199999999999999956e-01
1.935332999999999970e+01,1.179999999999999938e-01
1.935500000000000043e+01,1.049999999999999961e-01
1.935667000000000115e+01,1.019999999999999934e-01
1.935832999999999871e+01,1.130000000000000032e-01
1.935999999999999943e+01,1.120000000000000023e-01
1.936167000000000016e+01,1.010000000000000064e-01
1.936333000000000126e+01,9.900000000000000466e-02
1.936499999999999844e+01,1.140000000000000041e-01
1.936666999999999916e+01,1.160000000000000059e-01
1.936833000000000027e+01,1.059999999999999970e-01
1.937000000000000099e+01,1.019999999999999934e-01
1.937167000000000172e+01,1.160000000000000059e-01
1.937332999999999927e+01,1.189999999999999947e-01
1.937500000000000000e+01,1.079999999999999988e-01
1.937667000000000073e+01,1.019999999999999934e-01
1.937832999999999828e+01,1.170000000000000068e-01
1.937999999999999901e+01,1.170000000000000068e-01
1.938166999999999973e+01,1.029999999999999943e-01
1.938333000000000084e+01,9.700000000000000289e-02
1.938500000000000156e+01,1.150000000000000050e-01
1.938666999999999874e+01,1.179999999999999938e-01
1.938832999999999984e+01,1.069999999999999979e-01
1.939000000000000057e+01,1.000000000000000056e-01
1.939167000000000129e+01,1.150000000000000050e-01
1.939332999999999885e+01,1.189999999999999947e-01
1.939499999999999957e+01,1.069999999999999979e-01
1.939667000000000030e+01,1.010000000000000064e-01
1.939833000000000141e+01,1.140000000000000041e-01
1.939999999999999858e+01,1.160000000000000059e-01
1.940166999999999931e+01,1.100000000000000006e-01
1.940333000000000041e+01,1.000000000000000056e-01
1.940500000000000114e+01,1.110000000000000014e-01
1.940666999999999831e+01,1.140000000000000041e-01
1.940832999999999942e+01,1.079999999999999988e-01
1.941000000000000014e+01,9.700000000000000289e-02
1.941167000000000087e+01,1.110000000000000014e-01
1.941332999999999842e+01,1.140000000000000041e-01
1.941499999999999915e+01,1.049999999999999961e-01
1.941666999999999987e+01,9.600000000000000200e-02
1.941833000000000098e+01,1.130000000000000032e-01
1.942000000000000171e+01,1.170000000000000068e-01
1.942166999999999888e+01,1.079999999999999988e-01
1.942332999999999998e+01,9.700000000000000289e-02
1.942500000000000071e+01,1.089999999999999997e-01
1.942667000000000144e+01,1.140000000000000041e-01
1.942832999999999899e+01,1.059999999999999970e-01
1.942999999999999972e+01,9.600000000000000200e-02
1.943167000000000044e+01,1.089999999999999997e-01
1.943333000000000155e+01,1.160000000000000059e-01
1.943499999999999872e+01,1.120000000000000023e-01
1.943666999999999945e+01,1.039999999999999952e-01
1.943833000000000055e+01,1.189999999999999947e-01
1.944000000000000128e+01,1.219999999999999973e-01
1.944166999999999845e+01,1.140000000000000041e-01
1.944332999999999956e+01,1.029999999999999943e-01
1.944500000000000028e+01,1.120000000000000023e-01
1.944667000000000101e+01,1.189999999999999947e-01
1.944832999999999856e+01,1.110000000000000014e-01
1.944999999999999929e+01,9.900000000000000466e-02
1.945167000000000002e+01,1.120000000000000023e-01
1.945333000000000112e+01,1.199999999999999956e-01
1.945499999999999829e+01,1.100000000000000006e-01
1.945666999999999902e+01,1.010000000000000064e-01
1.945833000000000013e+01,1.120000000000000023e-01
1.946000000000000085e+01,1.170000000000000068e-01
1.946167000000000158e+01,1.130000000000000032e-01
1.946332999999999913e+01,1.029999999999999943e-01
1.946499999999999986e+01,1.140000000000000041e-01
1.946667000000000058e+01,1.239999999999999991e-01
1.946833000000000169e+01,1.150000000000000050e-01
1.946999999999999886e+01,1.019999999999999934e-01
1.947166999999999959e+01,1.130000000000000032e-01
1.947333000000000069e+01,1.209999999999999964e-01
1.947500000000000142e+01,1.160000000000000059e-01
1.947666999999999859e+01,1.049999999999999961e-01
1.947832999999999970e+01,1.140000000000000041e-01
1.948000000000000043e+01,1.250000000000000000e-01
1.948167000000000115e+01,1.170000000000000068e-01
1.948332999999999871e+01,1.029999999999999943e-01
1.948499999999999943e+01,1.079999999999999988e-01
1.948667000000000016e+01,1.189999999999999947e-01
1.948833000000000126e+01,1.179999999999999938e-01
1.948999999999999844e+01,1.069999999999999979e-01
1.949166999999999916e+01,1.120000000000000023e-01
1.949333000000000027e+01,1.199999999999999956e-01
1.949500000000000099e+01,1.140000000000000041e-01
1.949667000000000172e+01,9.700000000000000289e-02
1.949832999999999927e+01,1.010000000000000064e-01
1.950000000000000000e+01,1.120000000000000023e-01
1.950167000000000073e+01,1.110000000000000014e-01
1.950332999999999828e+01,9.900000000000000466e-02
1.950499999999999901e+01,1.059999999999999970e-01
1.950666999999999973e+01,1.179999999999999938e-01
1.950833000000000084e+01,1.110000000000000014e-01
1.951000000000000156e+01,9.700000000000000289e-02
1.951166999999999874e+01,1.010000000000000064e-01
1.951332999999999984e+01,1.120000000000000023e-01
1.951500000000000057e+01,1.079999999999999988e-01
1.951667000000000129e+01,9.500000000000000111e-02
1.951832999999999885e+01,9.700000000000000289e-02
1.951999999999999957e+01,1.059999999999999970e-01
1.952167000000000030e+01,1.019999999999999934e-01
1.952333000000000141e+01,9.299999999999999933e-02
1.952499999999999858e+01,9.600000000000000200e-02
1.952666999999999931e+01,1.089999999999999997e-01
1.952833000000000041e+01,1.059999999999999970e-01
1.953000000000000114e+01,9.099999999999999756e-02
1.953166999999999831e+01,9.400000000000000022e-02
1.953332999999999942e+01,1.049999999999999961e-01
1.953500000000000014e+01,1.049999999999999961e-01
1.953667000000000087e+01,9.299999999999999933e-02
1.953832999999999842e+01,9.800000000000000377e-02
1.953999999999999915e+01,1.120000000000000023e-01
1.954166999999999987e+01,1.120000000000000023e-01
1.954333000000000098e+01,9.900000000000000466e-02
1.954500000000000171e+01,9.700000000000000289e-02
1.954666999999999888e+01,1.130000000000000032e-01
1.954832999999999998e+01,1.130000000000000032e-01
1.955000000000000071e+01,9.800000000000000377e-02
1.955167000000000144e+01,9.700000000000000289e-02
1.955332999999999899e+01,1.120000000000000023e-01
1.955499999999999972e+01,1.110000000000000014e-01
1.955667000000000044e+01,9.900000000000000466e-02
1.955833000000000155e+01,9.600000000000000200e-02
1.955999999999999872e+01,1.079999999999999988e-01
1.956166999999999945e+01,1.089999999999999997e-01
1.956333000000000055e+01,9.900000000000000466e-02
1.956500000000000128e+01,9.700000000000000289e-02
1.956666999999999845e+01,1.110000000000000014e-01
1.956832999999999956e+01,1.089999999999999997e-01
1.957000000000000028e+01,9.700000000000000289e-02
1.957167000000000101e+01,9.400000000000000022e-02
1.957332999999999856e+01,1.049999999999999961e-01
1.957499999999999929e+01,1.029999999999999943e-01
1.957667000000000002e+01,9.199999999999999845e-02
1.957833000000000112e+01,8.699999999999999400e-02
1.957999999999999829e+01,1.000000000000000056e-01
1.958166999999999902e+01,1.039999999999999952e-01
1.958333000000000013e+01,9.299999999999999933e-02
1.958500000000000085e+01,9.099999999999999756e-02
1.958667000000000158e+01,1.010000000000000064e-01
1.958832999999999913e+01,9.800000000000000377e-02
1.958999999999999986e+01,8.999999999999999667e-02
1.959167000000000058e+01,8.500000000000000611e-02
1.959333000000000169e+01,1.000000000000000056e-01
1.959499999999999886e+01,1.059999999999999970e-01
1.959666999999999959e+01,9.600000000000000200e-02
1.959833000000000069e+01,9.199999999999999845e-02
1.960000000000000142e+01,1.039999999999999952e-01
1.960166999999999859e+01,1.049999999999999961e-01
1.960332999999999970e+01,9.900000000000000466e-02
1.960500000000000043e+01,9.400000000000000022e-02
1.960667000000000115e+01,1.059999999999999970e-01
1.960832999999999871e+01,1.089999999999999997e-01
1.960999999999999943e+01,1.019999999999999934e-01
1.961167000000000016e+01,9.400000000000000022e-02
1.961333000000000126e+01,1.079999999999999988e-01
1.961499999999999844e+01,1.140000000000000041e-01
1.961666999999999916e+01,1.079999999999999988e-01
1.961833000000000027e+01,1.000000000000000056e-01
1.962000000000000099e+01,1.140000000000000041e-01
1.962167000000000172e+01,1.160000000000000059e-01
1.962332999999999927e+01,1.059999999999999970e-01
1.962500000000000000e+01,9.700000000000000289e-02
1.962667000000000073e+01,1.100000000000000006e-01
1.962832999999999828e+01,1.189999999999999947e-01
1.962999999999999901e+01,1.130000000000000032e-01
1.963166999999999973e+01,1.069999999999999979e-01
1.963333000000000084e+01,1.179999999999999938e-01
1.963500000000000156e+01,1.219999999999999973e-01
1.963666999999999874e+01,1.130000000000000032e-01
1.963832999999999984e+01,1.039999999999999952e-01
1.964000000000000057e+01,1.160000000000000059e-01
1.964167000000000129e+01,1.239999999999999991e-01
1.964332999999999885e+01,1.179999999999999938e-01
1.964499999999999957e+01,1.110000000000000014e-01
1.964667000000000030e+01,1.229999999999999982e-01
1.964833000000000141e+01,1.310000000000000053e-01
1.964999999999999858e+01,1.229999999999999982e-01
1.965166999999999931e+01,1.140000000000000041e-01
1.965333000000000041e+01,1.270000000000000018e-01
1.965500000000000114e+01,1.390000000000000124e-01
1.965666999999999831e+01,1.320000000000000062e-01
1.965832999999999942e+01,1.189999999999999947e-01
1.966000000000000014e+01,1.300000000000000044e-01
1.966167000000000087e+01,1.370000000000000107e-01
1.966332999999999842e+01,1.290000000000000036e-01
1.966499999999999915e+01,1.170000000000000068e-01
1.966666999999999987e+01,1.270000000000000018e-01
1.966833000000000098e+01,1.350000000000000089e-01
1.967000000000000171e+01,1.250000000000000000e-01
1.967166999999999888e+01,1.140000000000000041e-01
1.967332999999999998e+01,1.229999999999999982e-01
1.967500000000000071e+01,1.310000000000000053e-01
1.967667000000000144e+01,1.280000000000000027e-01
1.967832999999999899e+01,1.209999999999999964e-01
1.967999999999999972e+01,1.320000000000000062e-01
1.968167000000000044e+01,1.419999999999999873e-01
1.968333000000000155e+01,1.340000000000000080e-01
1.968499999999999872e+01,1.239999999999999991e-01
1.968666999999999945e+01,1.350000000000000089e-01
1.968833000000000055e+01,1.449999999999999900e-01
1.969000000000000128e+01,1.419999999999999873e-01
1.969166999999999845e+01,1.310000000000000053e-01
1.969332999999999956e+01,1.390000000000000124e-01
1.969500000000000028e+01,1.499999999999999944e-01
1.969667000000000101e+01,1.449999999999999900e-01
1.969832999999999856e+01,1.370000000000000107e-01
1.969999999999999929e+01,1.489999999999999936e-01
1.970167000000000002e+01,1.590000000000000024e-01
1.970333000000000112e+01,1.539999999999999980e-01
1.970499999999999829e+01,1.419999999999999873e-01
1.970666999999999902e+01,1.489999999999999936e-01
1.970833000000000013e+01,1.600000000000000033e-01
1.971000000000000085e+01,1.570000000000000007e-01
1.971167000000000158e+01,1.469999999999999918e-01
1.971332999999999913e+01,1.549999999999999989e-01
1.971499999999999986e+01,1.660000000000000087e-01
1.971667000000000058e+01,1.620000000000000051e-01
1.971833000000000169e+01,1.469999999999999918e-01
1.971999999999999886e+01,1.570000000000000007e-01
1.972166999999999959e+01,1.729999999999999871e-01
1.972333000000000069e+01,1.719999999999999862e-01
1.972500000000000142e+01,1.610000000000000042e-01
1.972666999999999859e+01,1.690000000000000113e-01
1.972832999999999970e+01,1.799999999999999933e-01
1.973000000000000043e+01,1.789999999999999925e-01
1.973167000000000115e+01,1.660000000000000087e-01
1.973332999999999871e+01,1.719999999999999862e-01
1.973499999999999943e+01,1.839999999999999969e-01
1.973667000000000016e+01,1.849999999999999978e-01
1.973833000000000126e+01,1.779999999999999916e-01
1.973999999999999844e+01,1.819999999999999951e-01
1.974166999999999916e+01,1.900000000000000022e-01
1.974333000000000027e+01,1.880000000000000004e-01
1.974500000000000099e+01,1.779999999999999916e-01
1.974667000000000172e+01,1.829999999999999960e-01
1.974832999999999927e+01,1.960000000000000075e-01
1.975000000000000000e+01,1.960000000000000075e-01
1.975167000000000073e+01,1.819999999999999951e-01
1.975332999999999828e+01,1.869999999999999996e-01
1.975499999999999901e+01,2.010000000000000120e-01
1.975666999999999973e+01,2.030000000000000138e-01
1.975833000000000084e+01,1.960000000000000075e-01
1.976000000000000156e+01,2.010000000000000120e-01
1.976166999999999874e+01,2.149999999999999967e-01
1.976332999999999984e+01,2.159999999999999976e-01
1.976500000000000057e+01,2.069999999999999896e-01
1.976667000000000129e+01,2.079999999999999905e-01
1.976832999999999885e+01,2.200000000000000011e-01
1.976999999999999957e+01,2.200000000000000011e-01
1.977167000000000030e+01,2.109999999999999931e-01
1.977333000000000141e+01,2.129999999999999949e-01
1.977499999999999858e+01,2.240000000000000047e-01
1.977666999999999931e+01,2.260000000000000064e-01
1.977833000000000041e+01,2.149999999999999967e-01
1.978000000000000114e+01,2.200000000000000011e-01
1.978166999999999831e+01,2.349999999999999867e-01
1.978332999999999942e+01,2.359999999999999876e-01
1.978500000000000014e+01,2.230000000000000038e-01
1.978667000000000087e+01,2.250000000000000056e-01
1.978832999999999842e+01,2.389999999999999902e-01
1.978999999999999915e+01,2.419999999999999929e-01
1.979166999999999987e+01,2.349999999999999867e-01
1.979333000000000098e+01,2.330000000000000127e-01
1.979500000000000171e+01,2.489999999999999991e-01
1.979666999999999888e+01,2.540000000000000036e-01
1.979832999999999998e+01,2.419999999999999929e-01
1.980000000000000071e+01,2.389999999999999902e-01
1.980167000000000144e+01,2.520000000000000018e-01
1.980332999999999899e+01,2.610000000000000098e-01
1.980499999999999972e+01,2.510000000000000009e-01
1.980667000000000044e+01,2.459999999999999964e-01
1.980833000000000155e+01,2.610000000000000098e-01
1.980999999999999872e+01,2.690000000000000169e-01
1.981166999999999945e+01,2.590000000000000080e-01
1.981333000000000055e+01,2.590000000000000080e-01
1.981500000000000128e+01,2.710000000000000187e-01
1.981666999999999845e+01,2.760000000000000231e-01
1.981832999999999956e+01,2.640000000000000124e-01
1.982000000000000028e+01,2.600000000000000089e-01
1.982167000000000101e+01,2.690000000000000169e-01
1.982332999999999856e+01,2.760000000000000231e-01
1.982499999999999929e+01,2.700000000000000178e-01
1.982667000000000002e+01,2.710000000000000187e-01
1.982833000000000112e+01,2.839999999999999747e-01
1.982999999999999829e+01,2.899999999999999800e-01
1.983166999999999902e+01,2.800000000000000266e-01
1.983333000000000013e+01,2.770000000000000240e-01
1.983500000000000085e+01,2.909999999999999809e-01
1.983667000000000158e+01,2.939999999999999836e-01
1.983832999999999913e+01,2.849999999999999756e-01
1.983999999999999986e+01,2.760000000000000231e-01
1.984167000000000058e+01,2.889999999999999791e-01
1.984333000000000169e+01,2.929999999999999827e-01
1.984499999999999886e+01,2.829999999999999738e-01
1.984666999999999959e+01,2.770000000000000240e-01
1.984833000000000069e+01,2.909999999999999809e-01
1.985000000000000142e+01,3.009999999999999898e-01
1.985166999999999859e+01,2.929999999999999827e-01
1.985332999999999970e+01,2.829999999999999738e-01
1.985500000000000043e+01,2.949999999999999845e-01
1.985667000000000115e+01,3.029999999999999916e-01
1.985832999999999871e+01,2.939999999999999836e-01
1.985999999999999943e+01,2.829999999999999738e-01
1.986167000000000016e+01,2.959999999999999853e-01
1.986333000000000126e+01,3.029999999999999916e-01
1.986499999999999844e+01,2.959999999999999853e-01
1.986666999999999916e+01,2.879999999999999782e-01
1.986833000000000027e+01,2.989999999999999880e-01
1.987000000000000099e+01,3.069999999999999951e-01
1.987167000000000172e+01,3.039999999999999925e-01
1.987332999999999927e+01,2.919999999999999818e-01
1.987500000000000000e+01,2.999999999999999889e-01
1.987667000000000073e+01,3.059999999999999942e-01
1.987832999999999828e+01,2.989999999999999880e-01
1.987999999999999901e+01,2.879999999999999782e-01
1.988166999999999973e+01,2.979999999999999871e-01
1.988333000000000084e+01,3.029999999999999916e-01
1.988500000000000156e+01,2.989999999999999880e-01
1.988666999999999874e+01,2.829999999999999738e-01
1.988832999999999984e+01,2.889999999999999791e-01
1.989000000000000057e+01,2.969999999999999862e-01
1.989167000000000129e+01,2.949999999999999845e-01
1.989332999999999885e+01,2.839999999999999747e-01
1.989499999999999957e+01,2.899999999999999800e-01
1.989667000000000030e+01,2.939999999999999836e-01
1.989833000000000141e+01,2.909999999999999809e-01
1.989999999999999858e+01,2.780000000000000249e-01
1.990166999999999931e+01,2.839999999999999747e-01
1.990333000000000041e+01,2.969999999999999862e-01
1.990500000000000114e+01,2.949999999999999845e-01
1.990666999999999831e+01,2.800000000000000266e-01
1.990832999999999942e+01,2.869999999999999774e-01
1.991000000000000014e+01,2.969999999999999862e-01
1.991167000000000087e+01,2.949999999999999845e-01
1.991332999999999842e+01,2.849999999999999756e-01
1.991499999999999915e+01,2.899999999999999800e-01
1.991666999999999987e+01,3.009999999999999898e-01
1.991833000000000098e+01,3.009999999999999898e-01
1.992000000000000171e+01,2.869999999999999774e-01
1.992166999999999888e+01,2.919999999999999818e-01
1.992332999999999998e+01,3.029999999999999916e-01
1.992500000000000071e+01,2.979999999999999871e-01
1.992667000000000144e+01,2.810000000000000275e-01
1.992832999999999899e+01,2.810000000000000275e-01
1.992999999999999972e+01,2.909999999999999809e-01
1.993167000000000044e+01,2.899999999999999800e-01
1.993333000000000155e+01,2.780000000000000249e-01
1.993499999999999872e+01,2.790000000000000258e-01
1.993666999999999945e+01,2.889999999999999791e-01
1.993833000000000055e+01,2.869999999999999774e-01
1.994000000000000128e+01,2.750000000000000222e-01
1.994166999999999845e+01,2.760000000000000231e-01
1.994332999999999956e+01,2.849999999999999756e-01
1.994500000000000028e+01,2.800000000000000266e-01
1.994667000000000101e+01,2.660000000000000142e-01
1.994832999999999856e+01,2.660000000000000142e-01
1.994999999999999929e+01,2.770000000000000240e-01
1.995167000000000002e+01,2.740000000000000213e-01
1.995333000000000112e+01,2.620000000000000107e-01
1.995499999999999829e+01,2.610000000000000098e-01
1.995666999999999902e+01,2.730000000000000204e-01
1.995833000000000013e+01,2.730000000000000204e-01
1.996000000000000085e+01,2.570000000000000062e-01
1.996167000000000158e+01,2.550000000000000044e-01
1.996332999999999913e+01,2.670000000000000151e-01
1.996499999999999986e+01,2.650000000000000133e-01
1.996667000000000058e+01,2.520000000000000018e-01
1.996833000000000169e+01,2.500000000000000000e-01
1.996999999999999886e+01,2.610000000000000098e-01
1.997166999999999959e+01,2.610000000000000098e-01
1.997333000000000069e+01,2.489999999999999991e-01
1.997500000000000142e+01,2.429999999999999938e-01
1.997666999999999859e+01,2.530000000000000027e-01
1.997832999999999970e+01,2.540000000000000036e-01
1.998000000000000043e+01,2.409999999999999920e-01
1.998167000000000115e+01,2.349999999999999867e-01
1.998332999999999871e+01,2.449999999999999956e-01
1.998499999999999943e+01,2.449999999999999956e-01
1.998667000000000016e+01,2.290000000000000091e-01
1.998833000000000126e+01,2.240000000000000047e-01
1.998999999999999844e+01,2.330000000000000127e-01
1.999166999999999916e+01,2.349999999999999867e-01
1.999333000000000027e+01,2.240000000000000047e-01
1.999500000000000099e+01,2.139999999999999958e-01
1.999667000000000172e+01,2.230000000000000038e-01
1.999832999999999927e+01,2.210000000000000020e-01
2.000000000000000000e+01,2.069999999999999896e-01
2.000167000000000073e+01,2.010000000000000120e-01
2.000332999999999828e+01,2.139999999999999958e-01
2.000499999999999901e+01,2.149999999999999967e-01
2.000666999999999973e+01,2.030000000000000138e-01
2.000833000000000084e+01,1.970000000000000084e-01
2.001000000000000156e+01,2.099999999999999922e-01
2.001166999999999874e+01,2.129999999999999949e-01
2.001332999999999984e+01,2.000000000000000111e-01
2.001500000000000057e+01,1.869999999999999996e-01
2.001667000000000129e+01,1.960000000000000075e-01
2.001832999999999885e+01,2.010000000000000120e-01
2.001999999999999957e+01,1.900000000000000022e-01
2.002167000000000030e+01,1.799999999999999933e-01
2.002333000000000141e+01,1.869999999999999996e-01
2.002499999999999858e+01,1.849999999999999978e-01
2.002666999999999931e+01,1.739999999999999880e-01
2.002833000000000041e+01,1.630000000000000060e-01
2.003000000000000114e+01,1.769999999999999907e-01
2.003166999999999831e+01,1.819999999999999951e-01
2.003332999999999942e+01,1.739999999999999880e-01
2.003500000000000014e+01,1.640000000000000069e-01
2.003667000000000087e+01,1.739999999999999880e-01
2.003832999999999842e+01,1.769999999999999907e-01
2.003999999999999915e+01,1.690000000000000113e-01
2.004166999999999987e+01,1.580000000000000016e-01
2.004333000000000098e+01,1.650000000000000078e-01
2.004500000000000171e+01,1.680000000000000104e-01
2.004666999999999888e+01,1.590000000000000024e-01
2.004832999999999998e+01,1.439999999999999891e-01
2.005000000000000071e+01,1.539999999999999980e-01
2.005167000000000144e+01,1.549999999999999989e-01
2.005332999999999899e+01,1.449999999999999900e-01
2.005499999999999972e+01,1.290000000000000036e-01
2.005667000000000044e+01,1.370000000000000107e-01
2.005833000000000155e+01,1.409999999999999865e-01
2.005999999999999872e+01,1.300000000000000044e-01
2.006166999999999945e+01,1.160000000000000059e-01
2.006333000000000055e+01,1.250000000000000000e-01
2.006500000000000128e+01,1.300000000000000044e-01
2.006666999999999845e+01,1.219999999999999973e-01
2.006832999999999956e+01,1.039999999999999952e-01
2.007000000000000028e+01,1.120000000000000023e-01
2.007167000000000101e+01,1.140000000000000041e-01
2.007332999999999856e+01,1.049999999999999961e-01
2.007499999999999929e+01,8.899999999999999578e-02
2.007667000000000002e+01,9.400000000000000022e-02
2.007833000000000112e+01,9.700000000000000289e-02
2.007999999999999829e+01,8.699999999999999400e-02
2.008166999999999902e+01,6.900000000000000577e-02
2.008333000000000013e+01,7.299999999999999545e-02
2.008500000000000085e+01,7.799999999999999989e-02
2.008667000000000158e+01,7.000000000000000666e-02
2.008832999999999913e+01,5.099999999999999672e-02
2.008999999999999986e+01,5.500000000000000028e-02
2.009167000000000058e+01,6.199999999999999956e-02
2.009333000000000169e+01,5.600000000000000117e-02
2.009499999999999886e+01,3.799999999999999906e-02
2.009666999999999959e+01,4.000000000000000083e-02
2.009833000000000069e+01,4.200000000000000261e-02
2.010000000000000142e+01,3.200000000000000067e-02
2.010166999999999859e+01,1.099999999999999936e-02
2.010332999999999970e+01,1.799999999999999864e-02
2.010500000000000043e+01,2.400000000000000050e-02
2.010667000000000115e+01,1.499999999999999944e-02
2.010832999999999871e+01,-3.000000000000000062e-03
2.010999999999999943e+01,-3.000000000000000062e-03
2.011167000000000016e+01,-3.000000000000000062e-03
2.011333000000000126e+01,-1.600000000000000033e-02
2.011499999999999844e+01,-3.599999999999999728e-02
2.011666999999999916e+01,-3.599999999999999728e-02
2.011833000000000027e+01,-3.200000000000000067e-02
2.012000000000000099e+01,-4.100000000000000172e-02
2.012167000000000172e+01,-5.999999999999999778e-02
2.012332999999999927e+01,-6.300000000000000044e-02
2.012500000000000000e+01,-6.099999999999999867e-02
2.012667000000000073e+01,-6.800000000000000488e-02
2.012832999999999828e+01,-8.899999999999999578e-02
2.012999999999999901e+01,-9.299999999999999933e-02
2.013166999999999973e+01,-8.899999999999999578e-02
2.013333000000000084e+01,-9.500000000000000111e-02
2.013500000000000156e+01,-1.160000000000000059e-01
2.013666999999999874e+01,-1.209999999999999964e-01
2.013832999999999984e+01,-1.170000000000000068e-01
2.014000000000000057e+01,-1.270000000000000018e-01
2.014167000000000129e+01,-1.519999999999999962e-01
2.014332999999999885e+01,-1.590000000000000024e-01
2.014499999999999957e+01,-1.549999999999999989e-01
2.014667000000000030e+01,-1.580000000000000016e-01
2.014833000000000141e+01,-1.779999999999999916e-01
2.014999999999999858e+01,-1.839999999999999969e-01
2.015166999999999931e+01,-1.809999999999999942e-01
2.015333000000000041e+01,-1.910000000000000031e-01
2.015500000000000114e+01,-2.139999999999999958e-01
2.015666999999999831e+01,-2.220000000000000029e-01
2.015832999999999942e+01,-2.169999999999999984e-01
2.016000000000000014e+01,-2.270000000000000073e-01
2.016167000000000087e+01,-2.510000000000000009e-01
2.016332999999999842e+01,-2.610000000000000098e-01
2.016499999999999915e+01,-2.610000000000000098e-01
2.016666999999999987e+01,-2.680000000000000160e-01
2.016833000000000098e+01,-2.879999999999999782e-01
2.017000000000000171e+01,-3.009999999999999898e-01
2.017166999999999888e+01,-3.019999999999999907e-01
2.017332999999999998e+01,-3.119999999999999996e-01
2.017500000000000071e+01,-3.340000000000000191e-01
2.017667000000000144e+01,-3.459999999999999742e-01
2.017832999999999899e+01,-3.430000000000000271e-01
2.017999999999999972e+01,-3.539999999999999813e-01
2.018167000000000044e+01,-3.790000000000000036e-01
2.018333000000000155e+01,-3.960000000000000187e-01
2.018499999999999872e+01,-3.960000000000000187e-01
2.018666999999999945e+01,-4.040000000000000258e-01
2.018833000000000055e+01,-4.309999999999999942e-01
2.019000000000000128e+01,-4.510000000000000120e-01
2.019166999999999845e+01,-4.490000000000000102e-01
2.019332999999999956e+01,-4.550000000000000155e-01
2.019500000000000028e+01,-4.799999999999999822e-01
2.019667000000000101e+01,-4.979999999999999982e-01
2.019832999999999856e+01,-4.949999999999999956e-01
2.019999999999999929e+01,-5.040000000000000036e-01
2.020167000000000002e+01,-5.300000000000000266e-01
2.020333000000000112e+01,-5.470000000000000417e-01
2.020499999999999829e+01,-5.480000000000000426e-01
2.020666999999999902e+01,-5.639999999999999458e-01
2.020833000000000013e+01,-5.909999999999999698e-01
2.021000000000000085e+01,-6.109999999999999876e-01
2.021167000000000158e+01,-6.089999999999999858e-01
2.021332999999999913e+01,-6.179999999999999938e-01
2.021499999999999986e+01,-6.390000000000000124e-01
2.021667000000000058e+01,-6.590000000000000302e-01
2.021833000000000169e+01,-6.600000000000000311e-01
2.021999999999999886e+01,-6.690000000000000391e-01
2.022166999999999959e+01,-6.929999999999999494e-01
2.022333000000000069e+01,-7.189999999999999725e-01
2.022500000000000142e+01,-7.229999999999999760e-01
2.022666999999999859e+01,-7.389999999999999902e-01
2.022832999999999970e+01,-7.670000000000000151e-01
2.023000000000000043e+01,-7.900000000000000355e-01
2.023167000000000115e+01,-7.900000000000000355e-01
2.023332999999999871e+01,-8.000000000000000444e-01
2.023499999999999943e+01,-8.219999999999999529e-01
2.023667000000000016e+01,-8.479999999999999760e-01
2.023833000000000126e+01,-8.519999999999999796e-01
2.023999999999999844e+01,-8.589999999999999858e-01
2.024166999999999916e+01,-8.820000000000000062e-01
2.024333000000000027e+01,-9.070000000000000284e-01
2.024500000000000099e+01,-9.080000000000000293e-01
2.024667000000000172e+01,-9.190000000000000391e-01
2.024832999999999927e+01,-9.409999999999999476e-01
2.025000000000000000e+01,-9.659999999999999698e-01
2.025167000000000073e+01,-9.679999999999999716e-01
2.025332999999999828e+01,-9.789999999999999813e-01
2.025499999999999901e+01,-1.004000000000000004e+00
2.025666999999999973e+01,-1.032999999999999918e+00
2.025833000000000084e+01,-1.036999999999999922e+00
2.026000000000000156e+01,-1.044000000000000039e+00
2.026166999999999874e+01,-1.062000000000000055e+00
2.026332999999999984e+01,-1.092999999999999972e+00
2.026500000000000057e+01,-1.098999999999999977e+00
2.026667000000000129e+01,-1.110999999999999988e+00
2.026832999999999885e+01,-1.133000000000000007e+00
2.026999999999999957e+01,-1.161000000000000032e+00
2.027167000000000030e+01,-1.163999999999999924e+00
2.027333000000000141e+01,-1.171000000000000041e+00
2.027499999999999858e+01,-1.187999999999999945e+00
2.027666999999999931e+01,-1.217000000000000082e+00
2.027833000000000041e+01,-1.221999999999999975e+00
2.028000000000000114e+01,-1.229999999999999982e+00
2.028166999999999831e+01,-1.250999999999999890e+00
2.028332999999999942e+01,-1.280000000000000027e+00
2.028500000000000014e+01,-1.280999999999999917e+00
2.028667000000000087e+01,-1.290999999999999925e+00
2.028832999999999842e+01,-1.310000000000000053e+00
2.028999999999999915e+01,-1.340000000000000080e+00
2.029166999999999987e+01,-1.342999999999999972e+00
2.029333000000000098e+01,-1.350999999999999979e+00
2.029500000000000171e+01,-1.364999999999999991e+00
2.029666999999999888e+01,-1.387999999999999901e+00
2.029832999999999998e+01,-1.391999999999999904e+00
2.030000000000000071e+01,-1.397000000000000020e+00
2.030167000000000144e+01,-1.415999999999999925e+00
2.030332999999999899e+01,-1.441000000000000059e+00
2.030499999999999972e+01,-1.447999999999999954e+00
2.030667000000000044e+01,-1.451999999999999957e+00
2.030833000000000155e+01,-1.467000000000000082e+00
2.030999999999999872e+01,-1.495999999999999996e+00
2.031166999999999945e+01,-1.502999999999999892e+00
2.031333000000000055e+01,-1.506000000000000005e+00
2.031500000000000128e+01,-1.520000000000000018e+00
2.031666999999999845e+01,-1.544999999999999929e+00
2.031832999999999956e+01,-1.550000000000000044e+00
2.032000000000000028e+01,-1.550000000000000044e+00
2.032167000000000101e+01,-1.566000000000000059e+00
2.032332999999999856e+01,-1.590999999999999970e+00
2.032499999999999929e+01,-1.592999999999999972e+00
2.032667000000000002e+01,-1.590999999999999970e+00
2.032833000000000112e+01,-1.606000000000000094e+00
2.032999999999999829e+01,-1.629000000000000004e+00
2.033166999999999902e+01,-1.633999999999999897e+00
2.033333000000000013e+01,-1.631000000000000005e+00
2.033500000000000085e+01,-1.641999999999999904e+00
2.033667000000000158e+01,-1.661999999999999922e+00
2.033832999999999913e+01,-1.665999999999999925e+00
2.033999999999999986e+01,-1.665000000000000036e+00
2.034167000000000058e+01,-1.677000000000000046e+00
2.034333000000000169e+01,-1.699999999999999956e+00
2.034499999999999886e+01,-1.705000000000000071e+00
2.034666999999999959e+01,-1.699000000000000066e+00
2.034833000000000069e+01,-1.705000000000000071e+00
2.035000000000000142e+01,-1.721999999999999975e+00
2.035166999999999859e+01,-1.725999999999999979e+00
2.035332999999999970e+01,-1.719000000000000083e+00
2.035500000000000043e+01,-1.723999999999999977e+00
2.035667000000000115e+01,-1.739000000000000101e+00
2.035832999999999871e+01,-1.741999999999999993e+00
2.035999999999999943e+01,-1.731999999999999984e+00
2.036167000000000016e+01,-1.737999999999999989e+00
2.036333000000000126e+01,-1.754000000000000004e+00
2.036499999999999844e+01,-1.756000000000000005e+00
2.036666999999999916e+01,-1.741999999999999993e+00
2.036833000000000027e+01,-1.741000000000000103e+00
2.037000000000000099e+01,-1.758000000000000007e+00
2.037167000000000172e+01,-1.760000000000000009e+00
2.037332999999999927e+01,-1.743999999999999995e+00
2.037500000000000000e+01,-1.743999999999999995e+00
2.037667000000000073e+01,-1.754000000000000004e+00
2.037832999999999828e+01,-1.754000000000000004e+00
2.037999999999999901e+01,-1.739000000000000101e+00
2.038166999999999973e+01,-1.735000000000000098e+00
2.038333000000000084e+01,-1.743999999999999995e+00
2.038500000000000156e+01,-1.743000000000000105e+00
2.038666999999999874e+01,-1.723000000000000087e+00
2.038832999999999984e+01,-1.715999999999999970e+00
2.039000000000000057e+01,-1.723999999999999977e+00
2.039167000000000129e+01,-1.723000000000000087e+00
2.039332999999999885e+01,-1.705000000000000071e+00
2.039499999999999957e+01,-1.695000000000000062e+00
2.039667000000000030e+01,-1.701000000000000068e+00
2.039833000000000141e+01,-1.697000000000000064e+00
2.039999999999999858e+01,-1.671000000000000041e+00
2.040166999999999931e+01,-1.657000000000000028e+00
2.040333000000000041e+01,-1.659999999999999920e+00
2.040500000000000114e+01,-1.655999999999999917e+00
2.040666999999999831e+01,-1.631000000000000005e+00
2.040832999999999942e+01,-1.614000000000000101e+00
2.041000000000000014e+01,-1.608999999999999986e+00
2.041167000000000087e+01,-1.604999999999999982e+00
2.041332999999999842e+01,-1.572999999999999954e+00
2.041499999999999915e+01,-1.556000000000000050e+00
2.041666999999999987e+01,-1.546999999999999931e+00
2.041833000000000098e+01,-1.536000000000000032e+00
2.042000000000000171e+01,-1.499000000000000110e+00
2.042166999999999888e+01,-1.475000000000000089e+00
2.042332999999999998e+01,-1.463999999999999968e+00
2.042500000000000071e+01,-1.449000000000000066e+00
2.042667000000000144e+01,-1.413000000000000034e+00
2.042832999999999899e+01,-1.385000000000000009e+00
2.042999999999999972e+01,-1.364999999999999991e+00
2.043167000000000044e+01,-1.344000000000000083e+00
2.043333000000000155e+01,-1.300000000000000044e+00
2.043499999999999872e+01,-1.266999999999999904e+00
2.043666999999999945e+01,-1.247000000000000108e+00
2.043833000000000055e+01,-1.225000000000000089e+00
2.044000000000000128e+01,-1.179000000000000048e+00
2.044166999999999845e+01,-1.137999999999999901e+00
2.044332999999999956e+01,-1.108000000000000096e+00
2.044500000000000028e+01,-1.078000000000000069e+00
2.044667000000000101e+01,-1.024000000000000021e+00
2.044832999999999856e+01,-9.769999999999999796e-01
2.044999999999999929e+01,-9.459999999999999520e-01
2.045167000000000002e+01,-9.090000000000000302e-01
2.045333000000000112e+01,-8.469999999999999751e-01
2.045499999999999829e+01,-7.910000000000000364e-01
2.045666999999999902e+01,-7.489999999999999991e-01
2.045833000000000013e+01,-7.119999999999999662e-01
2.046000000000000085e+01,-6.510000000000000231e-01
2.046167000000000158e+01,-5.929999999999999716e-01
2.046332999999999913e+01,-5.410000000000000364e-01
2.046499999999999986e+01,-4.929999999999999938e-01
2.046667000000000058e+01,-4.199999999999999845e-01
2.046833000000000169e+01,-3.499999999999999778e-01
2.046999999999999886e+01,-2.909999999999999809e-01
2.047166999999999959e+01,-2.359999999999999876e-01
2.047333000000000069e+01,-1.570000000000000007e-01
2.047500000000000142e+01,-7.900000000000000078e-02
2.047666999999999859e+01,-1.299999999999999940e-02
2.047832999999999970e+01,5.000000000000000278e-02
2.048000000000000043e+01,1.400000000000000133e-01
2.048167000000000115e+01,2.310000000000000109e-01
2.048332999999999871e+01,3.059999999999999942e-01
2.048499999999999943e+01,3.800000000000000044e-01
2.048667000000000016e+01,4.799999999999999822e-01
2.048833000000000126e+01,5.829999999999999627e-01
2.048999999999999844e+01,6.720000000000000417e-01
2.049166999999999916e+01,7.560000000000000053e-01
2.049333000000000027e+01,8.639999999999999902e-01
2.049500000000000099e+01,9.729999999999999760e-01
2.049667000000000172e+01,1.070000000000000062e+00
2.049832999999999927e+01,1.167000000000000037e+00
2.050000000000000000e+01,1.284999999999999920e+00
2.050167000000000073e+01,1.407999999999999918e+00
2.050332999999999828e+01,1.522000000000000020e+00
2.050499999999999901e+01,1.631000000000000005e+00
2.050666999999999973e+01,1.760999999999999899e+00
2.050833000000000084e+01,1.895000000000000018e+00
2.051000000000000156e+01,2.020000000000000018e+00
2.051166999999999874e+01,2.141000000000000014e+00
2.051332999999999984e+01,2.285000000000000142e+00
2.051500000000000057e+01,2.434000000000000163e+00
2.051667000000000129e+01,2.575000000000000178e+00
2.051832999999999885e+01,2.709999999999999964e+00
2.051999999999999957e+01,2.865000000000000213e+00
2.052167000000000030e+01,3.025999999999999801e+00
2.052333000000000141e+01,3.178999999999999826e+00
2.052499999999999858e+01,3.329000000000000181e+00
2.052666999999999931e+01,3.501999999999999780e+00
2.052833000000000041e+01,3.681000000000000050e+00
2.053000000000000114e+01,3.849000000000000199e+00
2.053166999999999831e+01,4.012999999999999901e+00
2.053332999999999942e+01,4.192000000000000171e+00
2.053500000000000014e+01,4.387999999999999901e+00
2.053667000000000087e+01,4.575000000000000178e+00
2.053832999999999842e+01,4.753000000000000114e+00
2.053999999999999915e+01,4.950000000000000178e+00
2.054166999999999987e+01,5.163000000000000256e+00
2.054333000000000098e+01,5.363999999999999879e+00
2.054500000000000171e+01,5.562000000000000277e+00
2.054666999999999888e+01,5.774000000000000021e+00
2.054832999999999998e+01,6.001999999999999780e+00
2.055000000000000071e+01,6.224000000000000199e+00
2.055167000000000144e+01,6.437000000000000277e+00
2.055332999999999899e+01,6.666000000000000369e+00
2.055499999999999972e+01,6.910000000000000142e+00
2.055667000000000044e+01,7.142999999999999794e+00
2.055833000000000155e+01,7.370000000000000107e+00
2.055999999999999872e+01,7.610999999999999766e+00
2.056166999999999945e+01,7.870000000000000107e+00
2.056333000000000055e+01,8.118999999999999773e+00
2.056500000000000128e+01,8.362000000000000099e+00
2.056666999999999845e+01,8.621999999999999886e+00
2.056832999999999956e+01,8.898999999999999133e+00
2.057000000000000028e+01,9.163000000000000256e+00
2.057167000000000101e+01,9.419999999999999929e+00
2.057332999999999856e+01,9.695000000000000284e+00
2.057499999999999929e+01,9.992000000000000881e+00
2.057667000000000002e+01,1.027699999999999925e+01
2.057833000000000112e+01,1.055300000000000082e+01
2.057999999999999829e+01,1.084299999999999997e+01
2.058166999999999902e+01,1.114899999999999913e+01
2.058333000000000013e+01,1.144800000000000040e+01
2.058500000000000085e+01,1.173900000000000077e+01
2.058667000000000158e+01,1.204199999999999982e+01
2.058832999999999913e+01,1.236100000000000065e+01
2.058999999999999986e+01,1.267099999999999937e+01
2.059167000000000058e+01,1.297400000000000020e+01
2.059333000000000169e+01,1.328899999999999970e+01
2.059499999999999886e+01,1.362199999999999989e+01
2.059666999999999959e+01,1.394800000000000040e+01
2.059833000000000069e+01,1.426099999999999923e+01
2.060000000000000142e+01,1.458900000000000041e+01
2.060166999999999859e+01,1.493500000000000050e+01
2.060332999999999970e+01,1.527599999999999980e+01
2.060500000000000043e+01,1.560299999999999976e+01
2.060667000000000115e+01,1.594100000000000072e+01
2.060832999999999871e+01,1.629599999999999937e+01
2.060999999999999943e+01,1.664099999999999824e+01
2.061167000000000016e+01,1.697500000000000142e+01
2.061333000000000126e+01,1.732000000000000028e+01
2.061499999999999844e+01,1.768599999999999994e+01
2.061666999999999916e+01,1.804200000000000159e+01
2.061833000000000027e+01,1.839000000000000057e+01
2.062000000000000099e+01,1.873999999999999844e+01
2.062167000000000172e+01,1.910699999999999932e+01
2.062332999999999927e+01,1.947100000000000009e+01
2.062500000000000000e+01,1.982300000000000040e+01
2.062667000000000073e+01,2.017999999999999972e+01
2.062832999999999828e+01,2.055699999999999861e+01
2.062999999999999901e+01,2.092500000000000071e+01
2.063166999999999973e+01,2.128000000000000114e+01
2.063333000000000084e+01,2.163700000000000045e+01
2.063500000000000156e+01,2.201500000000000057e+01
2.063666999999999874e+01,2.238899999999999935e+01
2.063832999999999984e+01,2.274699999999999989e+01
2.064000000000000057e+01,2.310900000000000176e+01
2.064167000000000129e+01,2.348799999999999955e+01
2.064332999999999885e+01,2.385900000000000176e+01
2.064499999999999957e+01,2.421399999999999864e+01
2.064667000000000030e+01,2.456899999999999906e+01
2.064833000000000141e+01,2.494600000000000151e+01
2.064999999999999858e+01,2.531500000000000128e+01
2.065166999999999931e+01,2.566700000000000159e+01
2.065333000000000041e+01,2.601800000000000068e+01
2.065500000000000114e+01,2.639099999999999824e+01
2.065666999999999831e+01,2.675400000000000134e+01
2.065832999999999942e+01,2.709600000000000009e+01
2.066000000000000014e+01,2.743799999999999883e+01
2.066167000000000087e+01,2.780099999999999838e+01
2.066332999999999842e+01,2.815599999999999881e+01
2.066499999999999915e+01,2.849599999999999866e+01
2.066666999999999987e+01,2.882999999999999829e+01
2.066833000000000098e+01,2.918100000000000094e+01
2.067000000000000171e+01,2.952700000000000102e+01
2.067166999999999888e+01,2.985399999999999920e+01
2.067332999999999998e+01,3.017500000000000071e+01
2.067500000000000071e+01,3.051500000000000057e+01
2.067667000000000144e+01,3.085300000000000153e+01
2.067832999999999899e+01,3.117200000000000060e+01
2.067999999999999972e+01,3.147899999999999920e+01
2.068167000000000044e+01,3.180399999999999849e+01
2.068333000000000155e+01,3.212299999999999756e+01
2.068499999999999872e+01,3.242300000000000182e+01
2.068666999999999945e+01,3.271399999999999864e+01
2.068833000000000055e+01,3.302100000000000080e+01
2.069000000000000128e+01,3.332000000000000028e+01
2.069166999999999845e+01,3.360499999999999687e+01
2.069332999999999956e+01,3.387700000000000244e+01
2.069500000000000028e+01,3.416299999999999670e+01
2.069667000000000101e+01,3.444500000000000028e+01
2.069832999999999856e+01,3.470900000000000318e+01
2.069999999999999929e+01,3.496300000000000097e+01
2.070167000000000002e+01,3.523199999999999932e+01
2.070333000000000112e+01,3.549399999999999977e+01
2.070499999999999829e+01,3.573899999999999721e+01
2.070666999999999902e+01,3.596399999999999864e+01
2.070833000000000013e+01,3.620600000000000307e+01
2.071000000000000085e+01,3.644400000000000261e+01
2.071167000000000158e+01,3.666599999999999682e+01
2.071332999999999913e+01,3.687199999999999989e+01
2.071499999999999986e+01,3.709199999999999875e+01
2.071667000000000058e+01,3.730899999999999750e+01
2.071833000000000169e+01,3.750300000000000011e+01
2.071999999999999886e+01,3.768599999999999994e+01
2.072166999999999959e+01,3.788000000000000256e+01
2.072333000000000069e+01,3.806700000000000017e+01
2.072500000000000142e+01,3.823599999999999710e+01
2.072666999999999859e+01,3.839200000000000301e+01
2.072832999999999970e+01,3.855700000000000216e+01
2.073000000000000043e+01,3.872200000000000131e+01
2.073167000000000115e+01,3.886500000000000199e+01
2.073332999999999871e+01,3.899000000000000199e+01
2.073499999999999943e+01,3.913199999999999790e+01
2.073667000000000016e+01,3.927000000000000313e+01
2.073833000000000126e+01,3.938600000000000279e+01
2.073999999999999844e+01,3.948899999999999721e+01
2.074166999999999916e+01,3.960300000000000153e+01
2.074333000000000027e+01,3.971399999999999864e+01
2.074500000000000099e+01,3.980400000000000205e+01
2.074667000000000172e+01,3.987700000000000244e+01
2.074832999999999927e+01,3.995900000000000318e+01
2.075000000000000000e+01,4.003999999999999915e+01
2.075167000000000073e+01,4.010199999999999676e+01
2.075332999999999828e+01,4.014900000000000091e+01
2.075499999999999901e+01,4.020600000000000307e+01
2.075666999999999973e+01,4.026400000000000290e+01
2.075833000000000084e+01,4.029899999999999949e+01
2.076000000000000156e+01,4.031799999999999784e+01
2.076166999999999874e+01,4.034499999999999886e+01
2.076332999999999984e+01,4.037299999999999756e+01
2.076500000000000057e+01,4.038499999999999801e+01
2.076667000000000129e+01,4.037899999999999778e+01
2.076832999999999885e+01,4.038300000000000267e+01
2.076999999999999957e+01,4.038700000000000045e+01
2.077167000000000030e+01,4.037100000000000222e+01
2.077333000000000141e+01,4.033599999999999852e+01
2.077499999999999858e+01,4.031499999999999773e+01
2.077666999999999931e+01,4.029599999999999937e+01
2.077833000000000041e+01,4.025600000000000023e+01
2.078000000000000114e+01,4.019700000000000273e+01
2.078166999999999831e+01,4.014900000000000091e+01
2.078332999999999942e+01,4.010399999999999920e+01
2.078500000000000014e+01,4.004200000000000159e+01
2.078667000000000087e+01,3.996300000000000097e+01
2.078832999999999842e+01,3.989399999999999835e+01
2.078999999999999915e+01,3.982699999999999818e+01
2.079166999999999987e+01,3.974399999999999977e+01
2.079333000000000098e+01,3.964200000000000301e+01
2.079500000000000171e+01,3.954800000000000182e+01
2.079666999999999888e+01,3.945600000000000307e+01
2.079832999999999998e+01,3.935300000000000153e+01
2.080000000000000071e+01,3.923100000000000165e+01
2.080167000000000144e+01,3.911200000000000188e+01
2.080332999999999899e+01,3.900099999999999767e+01
2.080499999999999972e+01,3.887599999999999767e+01
2.080667000000000044e+01,3.873299999999999699e+01
2.080833000000000155e+01,3.859499999999999886e+01
2.080999999999999872e+01,3.846600000000000108e+01
2.081166999999999945e+01,3.832300000000000040e+01
2.081333000000000055e+01,3.816199999999999903e+01
2.081500000000000128e+01,3.800900000000000034e+01
2.081666999999999845e+01,3.786699999999999733e+01
2.081832999999999956e+01,3.771200000000000330e+01
2.082000000000000028e+01,3.753999999999999915e+01
2.082167000000000101e+01,3.737299999999999756e+01
2.082332999999999856e+01,3.721699999999999875e+01
2.082499999999999929e+01,3.704599999999999937e+01
2.082667000000000002e+01,3.685699999999999932e+01
2.082833000000000112e+01,3.667499999999999716e+01
2.082999999999999829e+01,3.650699999999999790e+01
2.083166999999999902e+01,3.632600000000000051e+01
2.083333000000000013e+01,3.612700000000000244e+01
2.083500000000000085e+01,3.592699999999999960e+01
2.083667000000000158e+01,3.574699999999999989e+01
2.083832999999999913e+01,3.555299999999999727e+01
2.083999999999999986e+01,3.534199999999999875e+01
2.084167000000000058e+01,3.513400000000000034e+01
2.084333000000000169e+01,3.494299999999999784e+01
2.084499999999999886e+01,3.474099999999999966e+01
2.084666999999999959e+01,3.452499999999999858e+01
2.084833000000000069e+01,3.431000000000000227e+01
2.085000000000000142e+01,3.410900000000000176e+01
2.085166999999999859e+01,3.389500000000000313e+01
2.085332999999999970e+01,3.366899999999999693e+01
2.085500000000000043e+01,3.344400000000000261e+01
2.085667000000000115e+01,3.323700000000000188e+01
2.085832999999999871e+01,3.302300000000000324e+01
2.085999999999999943e+01,3.279399999999999693e+01
2.086167000000000016e+01,3.256600000000000250e+01
2.086333000000000126e+01,3.235499999999999687e+01
2.086499999999999844e+01,3.213199999999999790e+01
2.086666999999999916e+01,3.189900000000000091e+01
2.086833000000000027e+01,3.166700000000000159e+01
2.087000000000000099e+01,3.145200000000000173e+01
2.087167000000000172e+01,3.123100000000000165e+01
2.087332999999999927e+01,3.099500000000000099e+01
2.087500000000000000e+01,3.075900000000000034e+01
2.087667000000000073e+01,3.054599999999999937e+01
2.087832999999999828e+01,3.032300000000000040e+01
2.087999999999999901e+01,3.008800000000000097e+01
2.088166999999999973e+01,2.984900000000000020e+01
2.088333000000000084e+01,2.963200000000000145e+01
2.088500000000000156e+01,2.941000000000000014e+01
2.088666999999999874e+01,2.917299999999999827e+01
2.088832999999999984e+01,2.893299999999999983e+01
2.089000000000000057e+01,2.871600000000000108e+01
2.089167000000000129e+01,2.849899999999999878e+01
2.089332999999999885e+01,2.826800000000000068e+01
2.089499999999999957e+01,2.802799999999999869e+01
2.089667000000000030e+01,2.781500000000000128e+01
2.089833000000000141e+01,2.759900000000000020e+01
2.089999999999999858e+01,2.736499999999999844e+01
2.090166999999999931e+01,2.712800000000000011e+01
2.090333000000000041e+01,2.691499999999999915e+01
2.090500000000000114e+01,2.670100000000000051e+01
2.090666999999999831e+01,2.647400000000000020e+01
2.090832999999999942e+01,2.623999999999999844e+01
2.091000000000000014e+01,2.602799999999999869e+01
2.091167000000000087e+01,2.581599999999999895e+01
2.091332999999999842e+01,2.559299999999999997e+01
2.091499999999999915e+01,2.535999999999999943e+01
2.091666999999999987e+01,2.515200000000000102e+01
2.091833000000000098e+01,2.494500000000000028e+01
2.092000000000000171e+01,2.472700000000000031e+01
2.092166999999999888e+01,2.450400000000000134e+01
2.092332999999999998e+01,2.429700000000000060e+01
2.092500000000000071e+01,2.409100000000000108e+01
2.092667000000000144e+01,2.387800000000000011e+01
2.092832999999999899e+01,2.365700000000000003e+01
2.092999999999999972e+01,2.345899999999999963e+01
2.093167000000000044e+01,2.325600000000000023e+01
2.093333000000000155e+01,2.304700000000000060e+01
2.093499999999999872e+01,2.283399999999999963e+01
2.093666999999999945e+01,2.264399999999999835e+01
2.093833000000000055e+01,2.245499999999999829e+01
2.094000000000000128e+01,2.225799999999999912e+01
2.094166999999999845e+01,2.204899999999999949e+01
2.094332999999999956e+01,2.186299999999999955e+01
2.094500000000000028e+01,2.167999999999999972e+01
2.094667000000000101e+01,2.148699999999999832e+01
2.094832999999999856e+01,2.128699999999999903e+01
2.094999999999999929e+01,2.110600000000000165e+01
2.095167000000000002e+01,2.092500000000000071e+01
2.095333000000000112e+01,2.073799999999999955e+01
2.095499999999999829e+01,2.053999999999999915e+01
2.095666999999999902e+01,2.036499999999999844e+01
2.095833000000000013e+01,2.019500000000000028e+01
2.096000000000000085e+01,2.001300000000000168e+01
2.096167000000000158e+01,1.982199999999999918e+01
2.096332999999999913e+01,1.965200000000000102e+01
2.096499999999999986e+01,1.948499999999999943e+01
2.096667000000000058e+01,1.930999999999999872e+01
2.096833000000000169e+01,1.912699999999999889e+01
2.096999999999999886e+01,1.896300000000000097e+01
2.097166999999999959e+01,1.880699999999999861e+01
2.097333000000000069e+01,1.863800000000000168e+01
2.097500000000000142e+01,1.845899999999999963e+01
2.097666999999999859e+01,1.830199999999999960e+01
2.097832999999999970e+01,1.815399999999999991e+01
2.098000000000000043e+01,1.799699999999999989e+01
2.098167000000000115e+01,1.782600000000000051e+01
2.098332999999999871e+01,1.767500000000000071e+01
2.098499999999999943e+01,1.752899999999999991e+01
2.098667000000000016e+01,1.737300000000000111e+01
2.098833000000000126e+01,1.720799999999999841e+01
2.098999999999999844e+01,1.706400000000000006e+01
2.099166999999999916e+01,1.692999999999999972e+01
2.099333000000000027e+01,1.678500000000000014e+01
2.099500000000000099e+01,1.662500000000000000e+01
2.099667000000000172e+01,1.648400000000000176e+01
2.099832999999999927e+01,1.635600000000000165e+01
2.100000000000000000e+01,1.621799999999999997e+01
2.100167000000000073e+01,1.606500000000000128e+01
2.100332999999999828e+01,1.592600000000000016e+01
2.100499999999999901e+01,1.580000000000000071e+01
2.100666999999999973e+01,1.566399999999999970e+01
2.100833000000000084e+01,1.551600000000000001e+01
2.101000000000000156e+01,1.538599999999999923e+01
2.101166999999999874e+01,1.527299999999999969e+01
2.101332999999999984e+01,1.514799999999999969e+01
2.101500000000000057e+01,1.501099999999999923e+01
2.101667000000000129e+01,1.488899999999999935e+01
2.101832999999999885e+01,1.478100000000000058e+01
2.101999999999999957e+01,1.465900000000000070e+01
2.102167000000000030e+01,1.452399999999999913e+01
2.102333000000000141e+01,1.440199999999999925e+01
2.102499999999999858e+01,1.429599999999999937e+01
2.102666999999999931e+01,1.417999999999999972e+01
2.102833000000000041e+01,1.405100000000000016e+01
2.103000000000000114e+01,1.393699999999999939e+01
2.103166999999999831e+01,1.384099999999999930e+01
2.103332999999999942e+01,1.373300000000000054e+01
2.103500000000000014e+01,1.361200000000000010e+01
2.103667000000000087e+01,1.349900000000000055e+01
2.103832999999999842e+01,1.341000000000000014e+01
2.103999999999999915e+01,1.330700000000000038e+01
2.104166999999999987e+01,1.318999999999999950e+01
2.104333000000000098e+01,1.308099999999999952e+01
2.104500000000000171e+01,1.299499999999999922e+01
2.104666999999999888e+01,1.289899999999999913e+01
2.104832999999999998e+01,1.279199999999999982e+01
2.105000000000000071e+01,1.268900000000000006e+01
2.105167000000000144e+01,1.260599999999999987e+01
2.105332999999999899e+01,1.251399999999999935e+01
2.105499999999999972e+01,1.240900000000000070e+01
2.105667000000000044e+01,1.230700000000000038e+01
2.105833000000000155e+01,1.222899999999999920e+01
2.105999999999999872e+01,1.214499999999999957e+01
2.106166999999999945e+01,1.204899999999999949e+01
2.106333000000000055e+01,1.195500000000000007e+01
2.106500000000000128e+01,1.188299999999999912e+01
2.106666999999999845e+01,1.180100000000000016e+01
2.106832999999999956e+01,1.170299999999999940e+01
2.107000000000000028e+01,1.160500000000000043e+01
2.107167000000000101e+01,1.153400000000000070e+01
2.107332999999999856e+01,1.145800000000000018e+01
2.107499999999999929e+01,1.136899999999999977e+01
2.107667000000000002e+01,1.127800000000000047e+01
2.107833000000000112e+01,1.121199999999999974e+01
2.107999999999999829e+01,1.113700000000000045e+01
2.108166999999999902e+01,1.104899999999999949e+01
2.108333000000000013e+01,1.096299999999999919e+01
2.108500000000000085e+01,1.090199999999999925e+01
2.108667000000000158e+01,1.083500000000000085e+01
2.108832999999999913e+01,1.075099999999999945e+01
2.108999999999999986e+01,1.066300000000000026e+01
2.109167000000000058e+01,1.060599999999999987e+01
2.109333000000000169e+01,1.054499999999999993e+01
2.109499999999999886e+01,1.046700000000000053e+01
2.109666999999999959e+01,1.038899999999999935e+01
2.109833000000000069e+01,1.033200000000000074e+01
2.110000000000000142e+01,1.026900000000000013e+01
2.110166999999999859e+01,1.019599999999999973e+01
2.110332999999999970e+01,1.011500000000000021e+01
2.110500000000000043e+01,1.006400000000000006e+01
2.110667000000000115e+01,1.000600000000000023e+01
2.110832999999999871e+01,9.932000000000000384e+00
2.110999999999999943e+01,9.856999999999999318e+00
2.111167000000000016e+01,9.805999999999999162e+00
2.111333000000000126e+01,9.750000000000000000e+00
2.111499999999999844e+01,9.685999999999999943e+00
2.111666999999999916e+01,9.614000000000000767e+00
2.111833000000000027e+01,9.564999999999999503e+00
2.112000000000000099e+01,9.510999999999999233e+00
2.112167000000000172e+01,9.448000000000000398e+00
2.112332999999999927e+01,9.372999999999999332e+00
2.112500000000000000e+01,9.323999999999999844e+00
2.112667000000000073e+01,9.275000000000000355e+00
2.112832999999999828e+01,9.214000000000000412e+00
2.112999999999999901e+01,9.144999999999999574e+00
2.113166999999999973e+01,9.101000000000000867e+00
2.113333000000000084e+01,9.058999999999999275e+00
2.113500000000000156e+01,9.000000000000000000e+00
2.113666999999999874e+01,8.932999999999999829e+00
2.113832999999999984e+01,8.888999999999999346e+00
2.114000000000000057e+01,8.842999999999999972e+00
2.114167000000000129e+01,8.785000000000000142e+00
2.114332999999999885e+01,8.718999999999999417e+00
2.114499999999999957e+01,8.679999999999999716e+00
2.114667000000000030e+01,8.637000000000000455e+00
2.114833000000000141e+01,8.583000000000000185e+00
2.114999999999999858e+01,8.519999999999999574e+00
2.115166999999999931e+01,8.484999999999999432e+00
2.115333000000000041e+01,8.449999999999999289e+00
2.115500000000000114e+01,8.397999999999999687e+00
2.115666999999999831e+01,8.339000000000000412e+00
2.115832999999999942e+01,8.300000000000000711e+00
2.116000000000000014e+01,8.263999999999999346e+00
2.116167000000000087e+01,8.214000000000000412e+00
2.116332999999999842e+01,8.156000000000000583e+00
2.116499999999999915e+01,8.118999999999999773e+00
2.116666999999999987e+01,8.086000000000000298e+00
2.116833000000000098e+01,8.039999999999999147e+00
2.117000000000000171e+01,7.980999999999999872e+00
2.117166999999999888e+01,7.945999999999999730e+00
2.117332999999999998e+01,7.916000000000000369e+00
2.117500000000000071e+01,7.871999999999999886e+00
2.117667000000000144e+01,7.817000000000000171e+00
2.117832999999999899e+01,7.777999999999999581e+00
2.117999999999999972e+01,7.748000000000000220e+00
2.118167000000000044e+01,7.706000000000000405e+00
2.118333000000000155e+01,7.655999999999999694e+00
2.118499999999999872e+01,7.620000000000000107e+00
2.118666999999999945e+01,7.591999999999999638e+00
2.118833000000000055e+01,7.551999999999999602e+00
2.119000000000000128e+01,7.501000000000000334e+00
2.119166999999999845e+01,7.466999999999999638e+00
2.119332999999999956e+01,7.443999999999999950e+00
2.119500000000000028e+01,7.402999999999999581e+00
2.119667000000000101e+01,7.352000000000000313e+00
2.119832999999999856e+01,7.317000000000000171e+00
2.119999999999999929e+01,7.296000000000000263e+00
2.120167000000000002e+01,7.261999999999999567e+00
2.120333000000000112e+01,7.214999999999999858e+00
2.120499999999999829e+01,7.181000000000000050e+00
2.120666999999999902e+01,7.160999999999999588e+00
2.120833000000000013e+01,7.126999999999999780e+00
2.121000000000000085e+01,7.080000000000000071e+00
2.121167000000000158e+01,7.049000000000000377e+00
2.121332999999999913e+01,7.033999999999999808e+00
2.121499999999999986e+01,7.003999999999999559e+00
2.121667000000000058e+01,6.958999999999999631e+00
2.121833000000000169e+01,6.926000000000000156e+00
2.121999999999999886e+01,6.908000000000000362e+00
2.122166999999999959e+01,6.876000000000000334e+00
2.122333000000000069e+01,6.831000000000000405e+00
2.122500000000000142e+01,6.794999999999999929e+00
2.122666999999999859e+01,6.778999999999999915e+00
2.122832999999999970e+01,6.751999999999999780e+00
2.123000000000000043e+01,6.708000000000000185e+00
2.123167000000000115e+01,6.674000000000000377e+00
2.123332999999999871e+01,6.657000000000000028e+00
2.123499999999999943e+01,6.628999999999999559e+00
2.123667000000000016e+01,6.584999999999999964e+00
2.123833000000000126e+01,6.551999999999999602e+00
2.123999999999999844e+01,6.536999999999999922e+00
2.124166999999999916e+01,6.509999999999999787e+00
2.124333000000000027e+01,6.469999999999999751e+00
2.124500000000000099e+01,6.435999999999999943e+00
2.124667000000000172e+01,6.421999999999999709e+00
2.124832999999999927e+01,6.395999999999999908e+00
2.125000000000000000e+01,6.357999999999999652e+00
2.125167000000000073e+01,6.325000000000000178e+00
2.125332999999999828e+01,6.312999999999999723e+00
2.125499999999999901e+01,6.286999999999999922e+00
2.125666999999999973e+01,6.250000000000000000e+00
2.125833000000000084e+01,6.219999999999999751e+00
2.126000000000000156e+01,6.206999999999999851e+00
2.126166999999999874e+01,6.181000000000000050e+00
2.126332999999999984e+01,6.144000000000000128e+00
2.126500000000000057e+01,6.112000000000000099e+00
2.126667000000000129e+01,6.102000000000000313e+00
2.126832999999999885e+01,6.081999999999999851e+00
2.126999999999999957e+01,6.049000000000000377e+00
2.127167000000000030e+01,6.014000000000000234e+00
2.127333000000000141e+01,6.001999999999999780e+00
2.127499999999999858e+01,5.982000000000000206e+00
2.127666999999999931e+01,5.948000000000000398e+00
2.127833000000000041e+01,5.916000000000000369e+00
2.128000000000000114e+01,5.908000000000000362e+00
2.128166999999999831e+01,5.889000000000000234e+00
2.128332999999999942e+01,5.857000000000000206e+00
2.128500000000000014e+01,5.825000000000000178e+00
2.128667000000000087e+01,5.812999999999999723e+00
2.128832999999999842e+01,5.791000000000000369e+00
2.128999999999999915e+01,5.756999999999999673e+00
2.129166999999999987e+01,5.722999999999999865e+00
2.129333000000000098e+01,5.719999999999999751e+00
2.129500000000000171e+01,5.705000000000000071e+00
2.129666999999999888e+01,5.679000000000000270e+00
2.129832999999999998e+01,5.649000000000000021e+00
2.130000000000000071e+01,5.639999999999999680e+00
2.130167000000000144e+01,5.623999999999999666e+00
2.130332999999999899e+01,5.594999999999999751e+00
2.130499999999999972e+01,5.559999999999999609e+00
2.130667000000000044e+01,5.549999999999999822e+00
2.130833000000000155e+01,5.533999999999999808e+00
2.130999999999999872e+01,5.503000000000000114e+00
2.131166999999999945e+01,5.467999999999999972e+00
2.131333000000000055e+01,5.456000000000000405e+00
2.131500000000000128e+01,5.439000000000000057e+00
2.131666999999999845e+01,5.411999999999999922e+00
2.131832999999999956e+01,5.383000000000000007e+00
2.132000000000000028e+01,5.373000000000000220e+00
2.132167000000000101e+01,5.358999999999999986e+00
2.132332999999999856e+01,5.330000000000000071e+00
2.132499999999999929e+01,5.299000000000000377e+00
2.132667000000000002e+01,5.291999999999999815e+00
2.132833000000000112e+01,5.280000000000000249e+00
2.132999999999999829e+01,5.253000000000000114e+00
2.133166999999999902e+01,5.219000000000000306e+00
2.133333000000000013e+01,5.208999999999999631e+00
2.133500000000000085e+01,5.200000000000000178e+00
2.133667000000000158e+01,5.176000000000000156e+00
2.133832999999999913e+01,5.144000000000000128e+00
2.133999999999999986e+01,5.134999999999999787e+00
2.134167000000000058e+01,5.123000000000000220e+00
2.134333000000000169e+01,5.099000000000000199e+00
2.134499999999999886e+01,5.067999999999999616e+00
2.134666999999999959e+01,5.059000000000000163e+00
2.134833000000000069e+01,5.046999999999999709e+00
2.135000000000000142e+01,5.020999999999999908e+00
2.135166999999999859e+01,4.990000000000000213e+00
2.135332999999999970e+01,4.980999999999999872e+00
2.135500000000000043e+01,4.972999999999999865e+00
2.135667000000000115e+01,4.948999999999999844e+00
2.135832999999999871e+01,4.916000000000000369e+00
2.135999999999999943e+01,4.903999999999999915e+00
2.136167000000000016e+01,4.897999999999999687e+00
2.136333000000000126e+01,4.878000000000000114e+00
2.136499999999999844e+01,4.852000000000000313e+00
2.136666999999999916e+01,4.844000000000000306e+00
2.136833000000000027e+01,4.833000000000000185e+00
2.137000000000000099e+01,4.809000000000000163e+00
2.137167000000000172e+01,4.783000000000000362e+00
2.137332999999999927e+01,4.769999999999999574e+00
2.137500000000000000e+01,4.764999999999999680e+00
2.137667000000000073e+01,4.743999999999999773e+00
2.137832999999999828e+01,4.713000000000000078e+00
2.137999999999999901e+01,4.701999999999999957e+00
2.138166999999999973e+01,4.698000000000000398e+00
2.138333000000000084e+01,4.673000000000000043e+00
2.138500000000000156e+01,4.639000000000000234e+00
2.138666999999999874e+01,4.626000000000000334e+00
2.138832999999999984e+01,4.626000000000000334e+00
2.139000000000000057e+01,4.607999999999999652e+00
2.139167000000000129e+01,4.578000000000000291e+00
2.139332999999999885e+01,4.562000000000000277e+00
2.139499999999999957e+01,4.557999999999999829e+00
2.139667000000000030e+01,4.538000000000000256e+00
2.139833000000000141e+01,4.509000000000000341e+00
2.139999999999999858e+01,4.493999999999999773e+00
2.140166999999999931e+01,4.488999999999999879e+00
2.140333000000000041e+01,4.469999999999999751e+00
2.140500000000000114e+01,4.439000000000000057e+00
2.140666999999999831e+01,4.421999999999999709e+00
2.140832999999999942e+01,4.416999999999999815e+00
2.141000000000000014e+01,4.397000000000000242e+00
2.141167000000000087e+01,4.365999999999999659e+00
2.141332999999999842e+01,4.347000000000000419e+00
2.141499999999999915e+01,4.341999999999999638e+00
2.141666999999999987e+01,4.325999999999999623e+00
2.141833000000000098e+01,4.296999999999999709e+00
2.142000000000000171e+01,4.278999999999999915e+00
2.142166999999999888e+01,4.277000000000000135e+00
2.142332999999999998e+01,4.261000000000000121e+00
2.142500000000000071e+01,4.233999999999999986e+00
2.142667000000000144e+01,4.216000000000000192e+00
2.142832999999999899e+01,4.211999999999999744e+00
2.142999999999999972e+01,4.192999999999999616e+00
2.143167000000000044e+01,4.163999999999999702e+00
2.143333000000000155e+01,4.144999999999999574e+00
2.143499999999999872e+01,4.142999999999999794e+00
2.143666999999999945e+01,4.126999999999999780e+00
2.143833000000000055e+01,4.099000000000000199e+00
2.144000000000000128e+01,4.076999999999999957e+00
2.144166999999999845e+01,4.073999999999999844e+00
2.144332999999999956e+01,4.059000000000000163e+00
2.144500000000000028e+01,4.032000000000000028e+00
2.144667000000000101e+01,4.009999999999999787e+00
2.144832999999999856e+01,4.006000000000000227e+00
2.144999999999999929e+01,3.990000000000000213e+00
2.145167000000000002e+01,3.959000000000000075e+00
2.145333000000000112e+01,3.938000000000000167e+00
2.145499999999999829e+01,3.931000000000000050e+00
2.145666999999999902e+01,3.914000000000000146e+00
2.145833000000000013e+01,3.884999999999999787e+00
2.146000000000000085e+01,3.862999999999999989e+00
2.146167000000000158e+01,3.859999999999999876e+00
2.146332999999999913e+01,3.846000000000000085e+00
2.146499999999999986e+01,3.818000000000000060e+00
2.146667000000000058e+01,3.793000000000000149e+00
2.146833000000000169e+01,3.790999999999999925e+00
2.146999999999999886e+01,3.775999999999999801e+00
2.147166999999999959e+01,3.745999999999999996e+00
2.147333000000000069e+01,3.721999999999999975e+00
2.147500000000000142e+01,3.713999999999999968e+00
2.147666999999999859e+01,3.698999999999999844e+00
2.147832999999999970e+01,3.669000000000000039e+00
2.148000000000000043e+01,3.642999999999999794e+00
2.148167000000000115e+01,3.637999999999999901e+00
2.148332999999999871e+01,3.620000000000000107e+00
2.148499999999999943e+01,3.591000000000000192e+00
2.148667000000000016e+01,3.564000000000000057e+00
2.148833000000000126e+01,3.556000000000000050e+00
2.148999999999999844e+01,3.540999999999999925e+00
2.149166999999999916e+01,3.512000000000000011e+00
2.149333000000000027e+01,3.483999999999999986e+00
2.149500000000000099e+01,3.474000000000000199e+00
2.149667000000000172e+01,3.458000000000000185e+00
2.149832999999999927e+01,3.427999999999999936e+00
2.150000000000000000e+01,3.398000000000000131e+00
2.150167000000000073e+01,3.390000000000000124e+00
2.150332999999999828e+01,3.375000000000000000e+00
2.150499999999999901e+01,3.345000000000000195e+00
2.150666999999999973e+01,3.314999999999999947e+00
2.150833000000000084e+01,3.303999999999999826e+00
2.151000000000000156e+01,3.286999999999999922e+00
2.151166999999999874e+01,3.253000000000000114e+00
2.151332999999999984e+01,3.221999999999999975e+00
2.151500000000000057e+01,3.212000000000000188e+00
2.151667000000000129e+01,3.200000000000000178e+00
2.151832999999999885e+01,3.170999999999999819e+00
2.151999999999999957e+01,3.136000000000000121e+00
2.152167000000000030e+01,3.120999999999999996e+00
2.152333000000000141e+01,3.107000000000000206e+00
2.152499999999999858e+01,3.076000000000000068e+00
2.152666999999999931e+01,3.040000000000000036e+00
2.152833000000000041e+01,3.024000000000000021e+00
2.153000000000000114e+01,3.008000000000000007e+00
2.153166999999999831e+01,2.975999999999999979e+00
2.153332999999999942e+01,2.938000000000000167e+00
2.153500000000000014e+01,2.919999999999999929e+00
2.153667000000000087e+01,2.898000000000000131e+00
2.153832999999999842e+01,2.865000000000000213e+00
2.153999999999999915e+01,2.829000000000000181e+00
2.154166999999999987e+01,2.813000000000000167e+00
2.154333000000000098e+01,2.794000000000000039e+00
2.154500000000000171e+01,2.758999999999999897e+00
2.154666999999999888e+01,2.718999999999999861e+00
2.154832999999999998e+01,2.698999999999999844e+00
2.155000000000000071e+01,2.681999999999999940e+00
2.155167000000000144e+01,2.649999999999999911e+00
2.155332999999999899e+01,2.605999999999999872e+00
2.155499999999999972e+01,2.587000000000000188e+00
2.155667000000000044e+01,2.568999999999999950e+00
2.155833000000000155e+01,2.536000000000000032e+00
2.155999999999999872e+01,2.495999999999999996e+00
2.156166999999999945e+01,2.472999999999999865e+00
2.156333000000000055e+01,2.450000000000000178e+00
2.156500000000000128e+01,2.415999999999999925e+00
2.156666999999999845e+01,2.373000000000000220e+00
2.156832999999999956e+01,2.346999999999999975e+00
2.157000000000000028e+01,2.322999999999999954e+00
2.157167000000000101e+01,2.286999999999999922e+00
2.157332999999999856e+01,2.244000000000000217e+00
2.157499999999999929e+01,2.218999999999999861e+00
2.157667000000000002e+01,2.193999999999999950e+00
2.157833000000000112e+01,2.154999999999999805e+00
2.157999999999999829e+01,2.108000000000000096e+00
2.158166999999999902e+01,2.079000000000000181e+00
2.158333000000000013e+01,2.056000000000000050e+00
2.158500000000000085e+01,2.016999999999999904e+00
2.158667000000000158e+01,1.967999999999999972e+00
2.158832999999999913e+01,1.937999999999999945e+00
2.158999999999999986e+01,1.911999999999999922e+00
2.159167000000000058e+01,1.874000000000000110e+00
2.159333000000000169e+01,1.818999999999999950e+00
2.159499999999999886e+01,1.784999999999999920e+00
2.159666999999999959e+01,1.754000000000000004e+00
2.159833000000000069e+01,1.717999999999999972e+00
2.160000000000000142e+01,1.669999999999999929e+00
2.160166999999999859e+01,1.639999999999999902e+00
2.160332999999999970e+01,1.610999999999999988e+00
2.160500000000000043e+01,1.568999999999999950e+00
2.160667000000000115e+01,1.514999999999999902e+00
2.160832999999999871e+01,1.475000000000000089e+00
2.160999999999999943e+01,1.447000000000000064e+00
2.161167000000000016e+01,1.405999999999999917e+00
2.161333000000000126e+01,1.354000000000000092e+00
2.161499999999999844e+01,1.318000000000000060e+00
2.161666999999999916e+01,1.286999999999999922e+00
2.161833000000000027e+01,1.241999999999999993e+00
2.162000000000000099e+01,1.183999999999999941e+00
2.162167000000000172e+01,1.141000000000000014e+00
2.162332999999999927e+01,1.108999999999999986e+00
2.162500000000000000e+01,1.064999999999999947e+00
2.162667000000000073e+01,1.006999999999999895e+00
2.162832999999999828e+01,9.659999999999999698e-01
2.162999999999999901e+01,9.280000000000000471e-01
2.163166999999999973e+01,8.790000000000000036e-01
2.163333000000000084e+01,8.199999999999999512e-01
2.163500000000000156e+01,7.750000000000000222e-01
2.163666999999999874e+01,7.379999999999999893e-01
2.163832999999999984e+01,6.850000000000000533e-01
2.164000000000000057e+01,6.229999999999999982e-01
2.164167000000000129e+01,5.759999999999999565e-01
2.164332999999999885e+01,5.440000000000000391e-01
2.164499999999999957e+01,5.000000000000000000e-01
2.164667000000000030e+01,4.380000000000000004e-01
2.164833000000000141e+01,3.870000000000000107e-01
2.164999999999999858e+01,3.509999999999999787e-01
2.165166999999999931e+01,3.039999999999999925e-01
2.165333000000000041e+01,2.429999999999999938e-01
2.165500000000000114e+01,1.910000000000000031e-01
2.165666999999999831e+01,1.519999999999999962e-01
2.165832999999999942e+01,1.029999999999999943e-01
2.166000000000000014e+01,4.000000000000000083e-02
2.166167000000000087e+01,-1.400000000000000029e-02
2.166332999999999842e+01,-5.500000000000000028e-02
2.166499999999999915e+01,-1.069999999999999979e-01
2.166666999999999987e+01,-1.710000000000000131e-01
2.166833000000000098e+01,-2.240000000000000047e-01
2.167000000000000171e+01,-2.630000000000000115e-01
2.167166999999999888e+01,-3.109999999999999987e-01
2.167332999999999998e+01,-3.729999999999999982e-01
2.167500000000000071e+01,-4.299999999999999933e-01
2.167667000000000144e+01,-4.729999999999999760e-01
2.167832999999999899e+01,-5.270000000000000240e-01
2.167999999999999972e+01,-5.929999999999999716e-01
2.168167000000000044e+01,-6.530000000000000249e-01
2.168333000000000155e+01,-6.949999999999999512e-01
2.168499999999999872e+01,-7.439999999999999947e-01
2.168666999999999945e+01,-8.060000000000000497e-01
2.168833000000000055e+01,-8.659999999999999920e-01
2.169000000000000128e+01,-9.110000000000000320e-01
2.169166999999999845e+01,-9.609999999999999654e-01
2.169332999999999956e+01,-1.024999999999999911e+00
2.169500000000000028e+01,-1.086999999999999966e+00
2.169667000000000101e+01,-1.133000000000000007e+00
2.169832999999999856e+01,-1.187000000000000055e+00
2.169999999999999929e+01,-1.250999999999999890e+00
2.170167000000000002e+01,-1.316000000000000059e+00
2.170333000000000112e+01,-1.358999999999999986e+00
2.170499999999999829e+01,-1.413000000000000034e+00
2.170666999999999902e+01,-1.479000000000000092e+00
2.170833000000000013e+01,-1.548999999999999932e+00
2.171000000000000085e+01,-1.592000000000000082e+00
2.171167000000000158e+01,-1.635999999999999899e+00
2.171332999999999913e+01,-1.693999999999999950e+00
2.171499999999999986e+01,-1.756999999999999895e+00
2.171667000000000058e+01,-1.798000000000000043e+00
2.171833000000000169e+01,-1.846999999999999975e+00
2.171999999999999886e+01,-1.911000000000000032e+00
2.172166999999999959e+01,-1.977000000000000091e+00
2.172333000000000069e+01,-2.020000000000000018e+00
2.172500000000000142e+01,-2.069999999999999840e+00
2.172666999999999859e+01,-2.132000000000000117e+00
2.172832999999999970e+01,-2.194999999999999840e+00
2.173000000000000043e+01,-2.236000000000000210e+00
2.173167000000000115e+01,-2.285000000000000142e+00
2.173332999999999871e+01,-2.343999999999999861e+00
2.173499999999999943e+01,-2.408999999999999808e+00
2.173667000000000016e+01,-2.451999999999999957e+00
2.173833000000000126e+01,-2.499000000000000110e+00
2.173999999999999844e+01,-2.556999999999999940e+00
2.174166999999999916e+01,-2.617999999999999883e+00
2.174333000000000027e+01,-2.660000000000000142e+00
2.174500000000000099e+01,-2.705999999999999961e+00
2.174667000000000172e+01,-2.762999999999999901e+00
2.174832999999999927e+01,-2.826000000000000068e+00
2.175000000000000000e+01,-2.866000000000000103e+00
2.175167000000000073e+01,-2.908999999999999808e+00
2.175332999999999828e+01,-2.963999999999999968e+00
2.175499999999999901e+01,-3.025999999999999801e+00
2.175666999999999973e+01,-3.064000000000000057e+00
2.175833000000000084e+01,-3.104000000000000092e+00
2.176000000000000156e+01,-3.157000000000000028e+00
2.176166999999999874e+01,-3.217000000000000082e+00
2.176332999999999984e+01,-3.253000000000000114e+00
2.176500000000000057e+01,-3.293000000000000149e+00
2.176667000000000129e+01,-3.346999999999999975e+00
2.176832999999999885e+01,-3.407000000000000028e+00
2.176999999999999957e+01,-3.439999999999999947e+00
2.177167000000000030e+01,-3.475999999999999979e+00
2.177333000000000141e+01,-3.527000000000000135e+00
2.177499999999999858e+01,-3.587000000000000188e+00
2.177666999999999931e+01,-3.621999999999999886e+00
2.177833000000000041e+01,-3.653000000000000025e+00
2.178000000000000114e+01,-3.698999999999999844e+00
2.178166999999999831e+01,-3.754999999999999893e+00
2.178332999999999942e+01,-3.783999999999999808e+00
2.178500000000000014e+01,-3.814999999999999947e+00
2.178667000000000087e+01,-3.857000000000000206e+00
2.178832999999999842e+01,-3.907000000000000028e+00
2.178999999999999915e+01,-3.935000000000000053e+00
2.179166999999999987e+01,-3.963999999999999968e+00
2.179333000000000098e+01,-4.004999999999999893e+00
2.179500000000000171e+01,-4.057000000000000384e+00
2.179666999999999888e+01,-4.084999999999999964e+00
2.179832999999999998e+01,-4.110999999999999766e+00
2.180000000000000071e+01,-4.145999999999999908e+00
2.180167000000000144e+01,-4.190999999999999837e+00
2.180332999999999899e+01,-4.213000000000000078e+00
2.180499999999999972e+01,-4.237000000000000099e+00
2.180667000000000044e+01,-4.272000000000000242e+00
2.180833000000000155e+01,-4.312000000000000277e+00
2.180999999999999872e+01,-4.334999999999999964e+00
2.181166999999999945e+01,-4.355999999999999872e+00
2.181333000000000055e+01,-4.386999999999999567e+00
2.181500000000000128e+01,-4.429000000000000270e+00
2.181666999999999845e+01,-4.447000000000000064e+00
2.181832999999999956e+01,-4.461000000000000298e+00
2.182000000000000028e+01,-4.487000000000000099e+00
2.182167000000000101e+01,-4.525999999999999801e+00
2.182332999999999856e+01,-4.543000000000000149e+00
2.182499999999999929e+01,-4.554000000000000270e+00
2.182667000000000002e+01,-4.576999999999999957e+00
2.182833000000000112e+01,-4.613000000000000433e+00
2.182999999999999829e+01,-4.628000000000000114e+00
2.183166999999999902e+01,-4.636000000000000121e+00
2.183333000000000013e+01,-4.652000000000000135e+00
2.183500000000000085e+01,-4.679000000000000270e+00
2.183667000000000158e+01,-4.689000000000000057e+00
2.183832999999999913e+01,-4.695999999999999730e+00
2.183999999999999986e+01,-4.709999999999999964e+00
2.184167000000000058e+01,-4.735999999999999766e+00
2.184333000000000169e+01,-4.748000000000000220e+00
2.184499999999999886e+01,-4.746999999999999886e+00
2.184666999999999959e+01,-4.756999999999999673e+00
2.184833000000000069e+01,-4.778999999999999915e+00
2.185000000000000142e+01,-4.783999999999999808e+00
2.185166999999999859e+01,-4.778999999999999915e+00
2.185332999999999970e+01,-4.783000000000000362e+00
2.185500000000000043e+01,-4.799999999999999822e+00
2.185667000000000115e+01,-4.802999999999999936e+00
2.185832999999999871e+01,-4.793000000000000149e+00
2.185999999999999943e+01,-4.796000000000000263e+00
2.186167000000000016e+01,-4.814000000000000057e+00
2.186333000000000126e+01,-4.818999999999999950e+00
2.186499999999999844e+01,-4.807000000000000384e+00
2.186666999999999916e+01,-4.804000000000000270e+00
2.186833000000000027e+01,-4.817000000000000171e+00
2.187000000000000099e+01,-4.818999999999999950e+00
2.187167000000000172e+01,-4.807999999999999829e+00
2.187332999999999927e+01,-4.806000000000000050e+00
2.187500000000000000e+01,-4.812000000000000277e+00
2.187667000000000073e+01,-4.812000000000000277e+00
2.187832999999999828e+01,-4.791999999999999815e+00
2.187999999999999901e+01,-4.782000000000000028e+00
2.188166999999999973e+01,-4.785000000000000142e+00
2.188333000000000084e+01,-4.777999999999999581e+00
2.188500000000000156e+01,-4.756000000000000227e+00
2.188666999999999874e+01,-4.746000000000000441e+00
2.188832999999999984e+01,-4.748999999999999666e+00
2.189000000000000057e+01,-4.738999999999999879e+00
2.189167000000000129e+01,-4.711000000000000298e+00
2.189332999999999885e+01,-4.697000000000000064e+00
2.189499999999999957e+01,-4.693999999999999950e+00
2.189667000000000030e+01,-4.687999999999999723e+00
2.189833000000000141e+01,-4.660999999999999588e+00
2.189999999999999858e+01,-4.642000000000000348e+00
2.190166999999999931e+01,-4.634000000000000341e+00
2.190333000000000041e+01,-4.621999999999999886e+00
2.190500000000000114e+01,-4.586000000000000298e+00
2.190666999999999831e+01,-4.562999999999999723e+00
2.190832999999999942e+01,-4.554000000000000270e+00
2.191000000000000014e+01,-4.538999999999999702e+00
2.191167000000000087e+01,-4.504999999999999893e+00
2.191332999999999842e+01,-4.479000000000000092e+00
2.191499999999999915e+01,-4.466000000000000192e+00
2.191666999999999987e+01,-4.451999999999999957e+00
2.191833000000000098e+01,-4.416000000000000369e+00
2.192000000000000171e+01,-4.386000000000000121e+00
2.192166999999999888e+01,-4.370000000000000107e+00
2.192332999999999998e+01,-4.354000000000000092e+00
2.192500000000000071e+01,-4.310999999999999943e+00
2.192667000000000144e+01,-4.275000000000000355e+00
2.192832999999999899e+01,-4.256000000000000227e+00
2.192999999999999972e+01,-4.238999999999999879e+00
2.193167000000000044e+01,-4.198000000000000398e+00
2.193333000000000155e+01,-4.166000000000000369e+00
2.193499999999999872e+01,-4.145999999999999908e+00
2.193666999999999945e+01,-4.126000000000000334e+00
2.193833000000000055e+01,-4.081000000000000405e+00
2.194000000000000128e+01,-4.044999999999999929e+00
2.194166999999999845e+01,-4.020999999999999908e+00
2.194332999999999956e+01,-3.999000000000000110e+00
2.194500000000000028e+01,-3.952999999999999847e+00
2.194667000000000101e+01,-3.911999999999999922e+00
2.194832999999999856e+01,-3.883999999999999897e+00
2.194999999999999929e+01,-3.862999999999999989e+00
2.195167000000000002e+01,-3.815999999999999837e+00
2.195333000000000112e+01,-3.774999999999999911e+00
2.195499999999999829e+01,-3.745000000000000107e+00
2.195666999999999902e+01,-3.720000000000000195e+00
2.195833000000000013e+01,-3.674999999999999822e+00
2.196000000000000085e+01,-3.634999999999999787e+00
2.196167000000000158e+01,-3.604999999999999982e+00
2.196332999999999913e+01,-3.581999999999999851e+00
2.196499999999999986e+01,-3.531000000000000139e+00
2.196667000000000058e+01,-3.488999999999999879e+00
2.196833000000000169e+01,-3.459000000000000075e+00
2.196999999999999886e+01,-3.435999999999999943e+00
2.197166999999999959e+01,-3.387999999999999901e+00
2.197333000000000069e+01,-3.339999999999999858e+00
2.197500000000000142e+01,-3.302999999999999936e+00
2.197666999999999859e+01,-3.274999999999999911e+00
2.197832999999999970e+01,-3.225999999999999979e+00
2.198000000000000043e+01,-3.180000000000000160e+00
2.198167000000000115e+01,-3.146999999999999797e+00
2.198332999999999871e+01,-3.119000000000000217e+00
2.198499999999999943e+01,-3.071000000000000174e+00
2.198667000000000016e+01,-3.028000000000000025e+00
2.198833000000000126e+01,-2.995000000000000107e+00
2.198999999999999844e+01,-2.966000000000000192e+00
2.199166999999999916e+01,-2.914000000000000146e+00
2.199333000000000027e+01,-2.866999999999999993e+00
2.199500000000000099e+01,-2.830999999999999961e+00
2.199667000000000172e+01,-2.803999999999999826e+00
2.199832999999999927e+01,-2.754999999999999893e+00
2.200000000000000000e+01,-2.701999999999999957e+00
2.200167000000000073e+01,-2.662999999999999812e+00
2.200332999999999828e+01,-2.638999999999999790e+00
2.200499999999999901e+01,-2.591000000000000192e+00
2.200666999999999973e+01,-2.544000000000000039e+00
2.200833000000000084e+01,-2.509999999999999787e+00
2.201000000000000156e+01,-2.484999999999999876e+00
2.201166999999999874e+01,-2.435999999999999943e+00
2.201332999999999984e+01,-2.384999999999999787e+00
2.201500000000000057e+01,-2.346999999999999975e+00
2.201667000000000129e+01,-2.322000000000000064e+00
2.201832999999999885e+01,-2.278000000000000025e+00
2.201999999999999957e+01,-2.230999999999999872e+00
2.202167000000000030e+01,-2.197000000000000064e+00
2.202333000000000141e+01,-2.172000000000000153e+00
2.202499999999999858e+01,-2.128000000000000114e+00
2.202666999999999931e+01,-2.072000000000000064e+00
2.202833000000000041e+01,-2.033999999999999808e+00
2.203000000000000114e+01,-2.011000000000000121e+00
2.203166999999999831e+01,-1.967999999999999972e+00
2.203332999999999942e+01,-1.923000000000000043e+00
2.203500000000000014e+01,-1.887000000000000011e+00
2.203667000000000087e+01,-1.858999999999999986e+00
2.203832999999999842e+01,-1.820000000000000062e+00
2.203999999999999915e+01,-1.768999999999999906e+00
2.204166999999999987e+01,-1.727000000000000091e+00
2.204333000000000098e+01,-1.701999999999999957e+00
2.204500000000000171e+01,-1.663999999999999924e+00
2.204666999999999888e+01,-1.618000000000000105e+00
2.204832999999999998e+01,-1.584999999999999964e+00
2.205000000000000071e+01,-1.562999999999999945e+00
2.205167000000000144e+01,-1.528999999999999915e+00
2.205332999999999899e+01,-1.481999999999999984e+00
2.205499999999999972e+01,-1.451999999999999957e+00
2.205667000000000044e+01,-1.431999999999999940e+00
2.205833000000000155e+01,-1.395999999999999908e+00
2.205999999999999872e+01,-1.344999999999999973e+00
2.206166999999999945e+01,-1.310000000000000053e+00
2.206333000000000055e+01,-1.286999999999999922e+00
2.206500000000000128e+01,-1.252999999999999892e+00
2.206666999999999845e+01,-1.205000000000000071e+00
2.206832999999999956e+01,-1.169000000000000039e+00
2.207000000000000028e+01,-1.145999999999999908e+00
2.207167000000000101e+01,-1.112999999999999989e+00
2.207332999999999856e+01,-1.064000000000000057e+00
2.207499999999999929e+01,-1.028000000000000025e+00
2.207667000000000002e+01,-1.008999999999999897e+00
2.207833000000000112e+01,-9.819999999999999840e-01
2.207999999999999829e+01,-9.350000000000000533e-01
2.208166999999999902e+01,-9.010000000000000231e-01
2.208333000000000013e+01,-8.830000000000000071e-01
2.208500000000000085e+01,-8.579999999999999849e-01
2.208667000000000158e+01,-8.159999999999999476e-01
2.208832999999999913e+01,-7.830000000000000293e-01
2.208999999999999986e+01,-7.670000000000000151e-01
2.209167000000000058e+01,-7.419999999999999929e-01
2.209333000000000169e+01,-6.989999999999999547e-01
2.209499999999999886e+01,-6.700000000000000400e-01
2.209666999999999959e+01,-6.510000000000000231e-01
2.209833000000000069e+01,-6.260000000000000009e-01
2.210000000000000142e+01,-5.809999999999999609e-01
2.210166999999999859e+01,-5.530000000000000471e-01
2.210332999999999970e+01,-5.390000000000000346e-01
2.210500000000000043e+01,-5.160000000000000142e-01
2.210667000000000115e+01,-4.769999999999999796e-01
2.210832999999999871e+01,-4.490000000000000102e-01
2.210999999999999943e+01,-4.319999999999999951e-01
2.211167000000000016e+01,-4.139999999999999791e-01
2.211333000000000126e+01,-3.800000000000000044e-01
2.211499999999999844e+01,-3.549999999999999822e-01
2.211666999999999916e+01,-3.400000000000000244e-01
2.211833000000000027e+01,-3.260000000000000120e-01
2.212000000000000099e+01,-2.859999999999999765e-01
2.212167000000000172e+01,-2.600000000000000089e-01
2.212332999999999927e+01,-2.500000000000000000e-01
2.212500000000000000e+01,-2.349999999999999867e-01
2.212667000000000073e+01,-1.980000000000000093e-01
2.212832999999999828e+01,-1.670000000000000095e-01
2.212999999999999901e+01,-1.529999999999999971e-01
2.213166999999999973e+01,-1.439999999999999891e-01
2.213333000000000084e+01,-1.079999999999999988e-01
2.213500000000000156e+01,-8.100000000000000255e-02
2.213666999999999874e+01,-7.000000000000000666e-02
2.213832999999999984e+01,-6.300000000000000044e-02
2.214000000000000057e+01,-3.099999999999999978e-02
2.214167000000000129e+01,-5.000000000000000104e-03
2.214332999999999885e+01,8.999999999999999320e-03
2.214499999999999957e+01,1.600000000000000033e-02
2.214667000000000030e+01,4.700000000000000011e-02
2.214833000000000141e+01,7.000000000000000666e-02
2.214999999999999858e+01,8.200000000000000344e-02
2.215166999999999931e+01,8.899999999999999578e-02
2.215333000000000041e+01,1.179999999999999938e-01
2.215500000000000114e+01,1.400000000000000133e-01
2.215666999999999831e+01,1.439999999999999891e-01
2.215832999999999942e+01,1.489999999999999936e-01
2.216000000000000014e+01,1.779999999999999916e-01
2.216167000000000087e+01,1.980000000000000093e-01
2.216332999999999842e+01,2.069999999999999896e-01
2.216499999999999915e+01,2.109999999999999931e-01
2.216666999999999987e+01,2.359999999999999876e-01
2.216833000000000098e+01,2.580000000000000071e-01
2.217000000000000171e+01,2.660000000000000142e-01
2.217166999999999888e+01,2.660000000000000142e-01
2.217332999999999998e+01,2.889999999999999791e-01
2.217500000000000071e+01,3.109999999999999987e-01
2.217667000000000144e+01,3.180000000000000049e-01
2.217832999999999899e+01,3.200000000000000067e-01
2.217999999999999972e+01,3.479999999999999760e-01
2.218167000000000044e+01,3.699999999999999956e-01
2.218333000000000155e+01,3.719999999999999973e-01
2.218499999999999872e+01,3.719999999999999973e-01
2.218666999999999945e+01,3.930000000000000160e-01
2.218833000000000055e+01,4.149999999999999800e-01
2.219000000000000128e+01,4.179999999999999827e-01
2.219166999999999845e+01,4.139999999999999791e-01
2.219332999999999956e+01,4.309999999999999942e-01
2.219500000000000028e+01,4.510000000000000120e-01
2.219667000000000101e+01,4.580000000000000182e-01
2.219832999999999856e+01,4.580000000000000182e-01
2.219999999999999929e+01,4.779999999999999805e-01
2.220167000000000002e+01,5.000000000000000000e-01
2.220333000000000112e+01,5.040000000000000036e-01
2.220499999999999829e+01,5.010000000000000009e-01
2.220666999999999902e+01,5.170000000000000151e-01
2.220833000000000013e+01,5.360000000000000320e-01
2.221000000000000085e+01,5.390000000000000346e-01
2.221167000000000158e+01,5.340000000000000302e-01
2.221332999999999913e+01,5.480000000000000426e-01
2.221499999999999986e+01,5.629999999999999449e-01
2.221667000000000058e+01,5.649999999999999467e-01
2.221833000000000169e+01,5.580000000000000515e-01
2.221999999999999886e+01,5.669999999999999485e-01
2.222166999999999959e+01,5.829999999999999627e-01
2.222333000000000069e+01,5.869999999999999662e-01
2.222500000000000142e+01,5.799999999999999600e-01
2.222666999999999859e+01,5.889999999999999680e-01
2.222832999999999970e+01,6.089999999999999858e-01
2.223000000000000043e+01,6.109999999999999876e-01
2.223167000000000115e+01,6.059999999999999831e-01
2.223332999999999871e+01,6.169999999999999929e-01
2.223499999999999943e+01,6.350000000000000089e-01
2.223667000000000016e+01,6.410000000000000142e-01
2.223833000000000126e+01,6.370000000000000107e-01
2.223999999999999844e+01,6.460000000000000187e-01
2.224166999999999916e+01,6.620000000000000329e-01
2.224333000000000027e+01,6.620000000000000329e-01
2.224500000000000099e+01,6.530000000000000249e-01
2.224667000000000172e+01,6.600000000000000311e-01
2.224832999999999927e+01,6.760000000000000453e-01
2.225000000000000000e+01,6.770000000000000462e-01
2.225167000000000073e+01,6.660000000000000364e-01
2.225332999999999828e+01,6.730000000000000426e-01
2.225499999999999901e+01,6.929999999999999494e-01
2.225666999999999973e+01,6.919999999999999485e-01
2.225833000000000084e+01,6.820000000000000506e-01
2.226000000000000156e+01,6.870000000000000551e-01
2.226166999999999874e+01,7.009999999999999565e-01
2.226332999999999984e+01,6.999999999999999556e-01
2.226500000000000057e+01,6.909999999999999476e-01
2.226667000000000129e+01,6.929999999999999494e-01
2.226832999999999885e+01,7.079999999999999627e-01
2.226999999999999957e+01,7.099999999999999645e-01
2.227167000000000030e+01,6.979999999999999538e-01
2.227333000000000141e+01,6.949999999999999512e-01
2.227499999999999858e+01,7.059999999999999609e-01
2.227666999999999931e+01,7.089999999999999636e-01
2.227833000000000041e+01,7.029999999999999583e-01
2.228000000000000114e+01,7.039999999999999591e-01
2.228166999999999831e+01,7.219999999999999751e-01
2.228332999999999942e+01,7.239999999999999769e-01
2.228500000000000014e+01,7.119999999999999662e-01
2.228667000000000087e+01,7.089999999999999636e-01
2.228832999999999842e+01,7.229999999999999760e-01
2.228999999999999915e+01,7.269999999999999796e-01
2.229166999999999987e+01,7.139999999999999680e-01
2.229333000000000098e+01,7.079999999999999627e-01
2.229500000000000171e+01,7.169999999999999707e-01
2.229666999999999888e+01,7.189999999999999725e-01
2.229832999999999998e+01,7.079999999999999627e-01
2.230000000000000071e+01,7.009999999999999565e-01
2.230167000000000144e+01,7.099999999999999645e-01
2.230332999999999899e+01,7.099999999999999645e-01
2.230499999999999972e+01,6.989999999999999547e-01
2.230667000000000044e+01,6.919999999999999485e-01
2.230833000000000155e+01,7.059999999999999609e-01
2.230999999999999872e+01,7.049999999999999600e-01
2.231166999999999945e+01,6.919999999999999485e-01
2.231333000000000055e+01,6.830000000000000515e-01
2.231500000000000128e+01,6.969999999999999529e-01
2.231666999999999845e+01,6.999999999999999556e-01
2.231832999999999956e+01,6.860000000000000542e-01
2.232000000000000028e+01,6.790000000000000480e-01
2.232167000000000101e+01,6.899999999999999467e-01
2.232332999999999856e+01,6.899999999999999467e-01
2.232499999999999929e+01,6.780000000000000471e-01
2.232667000000000002e+01,6.720000000000000417e-01
2.232833000000000112e+01,6.850000000000000533e-01
2.232999999999999829e+01,6.830000000000000515e-01
2.233166999999999902e+01,6.710000000000000409e-01
2.233333000000000013e+01,6.620000000000000329e-01
2.233500000000000085e+01,6.690000000000000391e-01
2.233667000000000158e+01,6.710000000000000409e-01
2.233832999999999913e+01,6.540000000000000258e-01
2.233999999999999986e+01,6.390000000000000124e-01
2.234167000000000058e+01,6.470000000000000195e-01
2.234333000000000169e+01,6.490000000000000213e-01
2.234499999999999886e+01,6.300000000000000044e-01
2.234666999999999959e+01,6.169999999999999929e-01
2.234833000000000069e+01,6.250000000000000000e-01
2.235000000000000142e+01,6.280000000000000027e-01
2.235166999999999859e+01,6.179999999999999938e-01
2.235332999999999970e+01,6.049999999999999822e-01
2.235500000000000043e+01,6.109999999999999876e-01
2.235667000000000115e+01,6.129999999999999893e-01
2.235832999999999871e+01,6.009999999999999787e-01
2.235999999999999943e+01,5.869999999999999662e-01
2.236167000000000016e+01,5.919999999999999707e-01
2.236333000000000126e+01,5.929999999999999716e-01
2.236499999999999844e+01,5.769999999999999574e-01
2.236666999999999916e+01,5.629999999999999449e-01
2.236833000000000027e+01,5.679999999999999494e-01
2.237000000000000099e+01,5.699999999999999512e-01
2.237167000000000172e+01,5.550000000000000488e-01
2.237332999999999927e+01,5.400000000000000355e-01
2.237500000000000000e+01,5.410000000000000364e-01
2.237667000000000073e+01,5.400000000000000355e-01
2.237832999999999828e+01,5.250000000000000222e-01
2.237999999999999901e+01,5.060000000000000053e-01
2.238166999999999973e+01,5.070000000000000062e-01
2.238333000000000084e+01,5.080000000000000071e-01
2.238500000000000156e+01,4.979999999999999982e-01
2.238666999999999874e+01,4.819999999999999840e-01
2.238832999999999984e+01,4.819999999999999840e-01
2.239000000000000057e+01,4.839999999999999858e-01
2.239167000000000129e+01,4.689999999999999725e-01
2.239332999999999885e+01,4.490000000000000102e-01
2.239499999999999957e+01,4.520000000000000129e-01
2.239667000000000030e+01,4.540000000000000147e-01
2.239833000000000141e+01,4.400000000000000022e-01
2.239999999999999858e+01,4.209999999999999853e-01
2.240166999999999931e+01,4.239999999999999880e-01
2.240333000000000041e+01,4.249999999999999889e-01
2.240500000000000114e+01,4.099999999999999756e-01
2.240666999999999831e+01,3.870000000000000107e-01
2.240832999999999942e+01,3.850000000000000089e-01
2.241000000000000014e+01,3.840000000000000080e-01
2.241167000000000087e+01,3.739999999999999991e-01
2.241332999999999842e+01,3.529999999999999805e-01
2.241499999999999915e+01,3.499999999999999778e-01
2.241666999999999987e+01,3.519999999999999796e-01
2.241833000000000098e+01,3.390000000000000235e-01
2.242000000000000171e+01,3.180000000000000049e-01
2.242166999999999888e+01,3.150000000000000022e-01
2.242332999999999998e+01,3.150000000000000022e-01
2.242500000000000071e+01,3.019999999999999907e-01
2.242667000000000144e+01,2.790000000000000258e-01
2.242832999999999899e+01,2.770000000000000240e-01
2.242999999999999972e+01,2.780000000000000249e-01
2.243167000000000044e+01,2.620000000000000107e-01
2.243333000000000155e+01,2.369999999999999885e-01
2.243499999999999872e+01,2.290000000000000091e-01
2.243666999999999945e+01,2.270000000000000073e-01
2.243833000000000055e+01,2.119999999999999940e-01
2.244000000000000128e+01,1.859999999999999987e-01
2.244166999999999845e+01,1.809999999999999942e-01
2.244332999999999956e+01,1.799999999999999933e-01
2.244500000000000028e+01,1.670000000000000095e-01
2.244667000000000101e+01,1.479999999999999927e-01
2.244832999999999856e+01,1.419999999999999873e-01
2.244999999999999929e+01,1.370000000000000107e-01
2.245167000000000002e+01,1.229999999999999982e-01
2.245333000000000112e+01,9.900000000000000466e-02
2.245499999999999829e+01,8.999999999999999667e-02
2.245666999999999902e+01,8.500000000000000611e-02
2.245833000000000013e+01,7.299999999999999545e-02
2.246000000000000085e+01,4.900000000000000189e-02
2.246167000000000158e+01,3.699999999999999817e-02
2.246332999999999913e+01,3.200000000000000067e-02
2.246499999999999986e+01,1.799999999999999864e-02
2.246667000000000058e+01,-8.000000000000000167e-03
2.246833000000000169e+01,-1.700000000000000122e-02
2.246999999999999886e+01,-2.000000000000000042e-02
2.247166999999999959e+01,-3.200000000000000067e-02
2.247333000000000069e+01,-5.500000000000000028e-02
2.247500000000000142e+01,-6.500000000000000222e-02
2.247666999999999859e+01,-6.600000000000000311e-02
2.247832999999999970e+01,-8.000000000000000167e-02
2.248000000000000043e+01,-1.049999999999999961e-01
2.248167000000000115e+01,-1.160000000000000059e-01
2.248332999999999871e+01,-1.179999999999999938e-01
2.248499999999999943e+01,-1.310000000000000053e-01
2.248667000000000016e+01,-1.559999999999999998e-01
2.248833000000000126e+01,-1.690000000000000113e-01
2.248999999999999844e+01,-1.719999999999999862e-01
2.249166999999999916e+01,-1.859999999999999987e-01
2.249333000000000027e+01,-2.099999999999999922e-01
2.249500000000000099e+01,-2.240000000000000047e-01
2.249667000000000172e+01,-2.260000000000000064e-01
2.249832999999999927e+01,-2.389999999999999902e-01
2.250000000000000000e+01,-2.650000000000000133e-01
2.250167000000000073e+01,-2.800000000000000266e-01
2.250332999999999828e+01,-2.810000000000000275e-01
2.250499999999999901e+01,-2.969999999999999862e-01
2.250666999999999973e+01,-3.250000000000000111e-01
2.250833000000000084e+01,-3.400000000000000244e-01
2.251000000000000156e+01,-3.439999999999999725e-01
2.251166999999999874e+01,-3.559999999999999831e-01
2.251332999999999984e+01,-3.830000000000000071e-01
2.251500000000000057e+01,-4.000000000000000222e-01
2.251667000000000129e+01,-4.010000000000000231e-01
2.251832999999999885e+01,-4.159999999999999809e-01
2.251999999999999957e+01,-4.390000000000000013e-01
2.252167000000000030e+01,-4.540000000000000147e-01
2.252333000000000141e+01,-4.550000000000000155e-01
2.252499999999999858e+01,-4.699999999999999734e-01
2.252666999999999931e+01,-4.969999999999999973e-01
2.252833000000000041e+01,-5.150000000000000133e-01
2.253000000000000114e+01,-5.150000000000000133e-01
2.253166999999999831e+01,-5.250000000000000222e-01
2.253332999999999942e+01,-5.490000000000000435e-01
2.253500000000000014e+01,-5.659999999999999476e-01
2.253667000000000087e+01,-5.659999999999999476e-01
2.253832999999999842e+01,-5.759999999999999565e-01
2.253999999999999915e+01,-5.999999999999999778e-01
2.254166999999999987e+01,-6.199999999999999956e-01
2.254333000000000098e+01,-6.219999999999999973e-01
2.254500000000000171e+01,-6.330000000000000071e-01
2.254666999999999888e+01,-6.560000000000000275e-01
2.254832999999999998e+01,-6.740000000000000435e-01
2.255000000000000071e+01,-6.760000000000000453e-01
2.255167000000000144e+01,-6.840000000000000524e-01
2.255332999999999899e+01,-7.069999999999999618e-01
2.255499999999999972e+01,-7.259999999999999787e-01
2.255667000000000044e+01,-7.299999999999999822e-01
2.255833000000000155e+01,-7.389999999999999902e-01
2.255999999999999872e+01,-7.630000000000000115e-01
2.256166999999999945e+01,-7.870000000000000329e-01
2.256333000000000055e+01,-7.890000000000000346e-01
2.256500000000000128e+01,-7.970000000000000417e-01
2.256666999999999845e+01,-8.199999999999999512e-01
2.256832999999999956e+01,-8.419999999999999707e-01
2.257000000000000028e+01,-8.429999999999999716e-01
2.257167000000000101e+01,-8.499999999999999778e-01
2.257332999999999856e+01,-8.679999999999999938e-01
2.257499999999999929e+01,-8.910000000000000142e-01
2.257667000000000002e+01,-8.930000000000000160e-01
2.257833000000000112e+01,-8.970000000000000195e-01
2.257999999999999829e+01,-9.140000000000000346e-01
2.258166999999999902e+01,-9.350000000000000533e-01
2.258333000000000013e+01,-9.370000000000000551e-01
2.258500000000000085e+01,-9.409999999999999476e-01
2.258667000000000158e+01,-9.559999999999999609e-01
2.258832999999999913e+01,-9.749999999999999778e-01
2.258999999999999986e+01,-9.729999999999999760e-01
2.259167000000000058e+01,-9.759999999999999787e-01
2.259333000000000169e+01,-9.899999999999999911e-01
2.259499999999999886e+01,-1.012000000000000011e+00
2.259666999999999959e+01,-1.010999999999999899e+00
2.259833000000000069e+01,-1.016999999999999904e+00
2.260000000000000142e+01,-1.034999999999999920e+00
2.260166999999999859e+01,-1.054999999999999938e+00
2.260332999999999970e+01,-1.056999999999999940e+00
2.260500000000000043e+01,-1.058999999999999941e+00
2.260667000000000115e+01,-1.072999999999999954e+00
2.260832999999999871e+01,-1.092999999999999972e+00
2.260999999999999943e+01,-1.090000000000000080e+00
2.261167000000000016e+01,-1.092999999999999972e+00
2.261333000000000126e+01,-1.106999999999999984e+00
2.261499999999999844e+01,-1.127999999999999892e+00
2.261666999999999916e+01,-1.127000000000000002e+00
2.261833000000000027e+01,-1.127000000000000002e+00
2.262000000000000099e+01,-1.139999999999999902e+00
2.262167000000000172e+01,-1.157999999999999918e+00
2.262332999999999927e+01,-1.153999999999999915e+00
2.262500000000000000e+01,-1.151999999999999913e+00
2.262667000000000073e+01,-1.165999999999999925e+00
2.262832999999999828e+01,-1.185999999999999943e+00
2.262999999999999901e+01,-1.183000000000000052e+00
2.263166999999999973e+01,-1.181000000000000050e+00
2.263333000000000084e+01,-1.189999999999999947e+00
2.263500000000000156e+01,-1.205999999999999961e+00
2.263666999999999874e+01,-1.203000000000000069e+00
2.263832999999999984e+01,-1.199999999999999956e+00
2.264000000000000057e+01,-1.207999999999999963e+00
2.264167000000000129e+01,-1.225999999999999979e+00
2.264332999999999885e+01,-1.223999999999999977e+00
2.264499999999999957e+01,-1.217999999999999972e+00
2.264667000000000030e+01,-1.227000000000000091e+00
2.264833000000000141e+01,-1.247999999999999998e+00
2.264999999999999858e+01,-1.245000000000000107e+00
2.265166999999999931e+01,-1.241000000000000103e+00
2.265333000000000041e+01,-1.243999999999999995e+00
2.265500000000000114e+01,-1.262999999999999901e+00
2.265666999999999831e+01,-1.260000000000000009e+00
2.265832999999999942e+01,-1.252000000000000002e+00
2.266000000000000014e+01,-1.258000000000000007e+00
2.266167000000000087e+01,-1.272000000000000020e+00
2.266332999999999842e+01,-1.264999999999999902e+00
2.266499999999999915e+01,-1.258999999999999897e+00
2.266666999999999987e+01,-1.258999999999999897e+00
2.266833000000000098e+01,-1.274999999999999911e+00
2.267000000000000171e+01,-1.272999999999999909e+00
2.267166999999999888e+01,-1.264000000000000012e+00
2.267332999999999998e+01,-1.266999999999999904e+00
2.267500000000000071e+01,-1.282000000000000028e+00
2.267667000000000144e+01,-1.276999999999999913e+00
2.267832999999999899e+01,-1.266000000000000014e+00
2.267999999999999972e+01,-1.270000000000000018e+00
2.268167000000000044e+01,-1.286000000000000032e+00
2.268333000000000155e+01,-1.282000000000000028e+00
2.268499999999999872e+01,-1.266000000000000014e+00
2.268666999999999945e+01,-1.264000000000000012e+00
2.268833000000000055e+01,-1.278000000000000025e+00
2.269000000000000128e+01,-1.272999999999999909e+00
2.269166999999999845e+01,-1.260999999999999899e+00
2.269332999999999956e+01,-1.260000000000000009e+00
2.269500000000000028e+01,-1.270999999999999908e+00
2.269667000000000101e+01,-1.268999999999999906e+00
2.269832999999999856e+01,-1.256999999999999895e+00
2.269999999999999929e+01,-1.254999999999999893e+00
2.270167000000000002e+01,-1.260000000000000009e+00
2.270333000000000112e+01,-1.250999999999999890e+00
2.270499999999999829e+01,-1.233999999999999986e+00
2.270666999999999902e+01,-1.233000000000000096e+00
2.270833000000000013e+01,-1.241999999999999993e+00
2.271000000000000085e+01,-1.239000000000000101e+00
2.271167000000000158e+01,-1.221000000000000085e+00
2.271332999999999913e+01,-1.215000000000000080e+00
2.271499999999999986e+01,-1.223000000000000087e+00
2.271667000000000058e+01,-1.219999999999999973e+00
2.271833000000000169e+01,-1.201999999999999957e+00
2.271999999999999886e+01,-1.197000000000000064e+00
2.272166999999999959e+01,-1.203000000000000069e+00
2.272333000000000069e+01,-1.201999999999999957e+00
2.272500000000000142e+01,-1.185999999999999943e+00
2.272666999999999859e+01,-1.173999999999999932e+00
2.272832999999999970e+01,-1.177000000000000046e+00
2.273000000000000043e+01,-1.175999999999999934e+00
2.273167000000000115e+01,-1.157000000000000028e+00
2.273332999999999871e+01,-1.149000000000000021e+00
2.273499999999999943e+01,-1.151999999999999913e+00
2.273667000000000016e+01,-1.153000000000000025e+00
2.273833000000000126e+01,-1.129000000000000004e+00
2.273999999999999844e+01,-1.116000000000000103e+00
2.274166999999999916e+01,-1.118999999999999995e+00
2.274333000000000027e+01,-1.120000000000000107e+00
2.274500000000000099e+01,-1.098000000000000087e+00
2.274667000000000172e+01,-1.088999999999999968e+00
2.274832999999999927e+01,-1.092000000000000082e+00
2.275000000000000000e+01,-1.092000000000000082e+00
2.275167000000000073e+01,-1.066000000000000059e+00
2.275332999999999828e+01,-1.054999999999999938e+00
2.275499999999999901e+01,-1.056999999999999940e+00
2.275666999999999973e+01,-1.058000000000000052e+00
2.275833000000000084e+01,-1.034999999999999920e+00
2.276000000000000156e+01,-1.020000000000000018e+00
2.276166999999999874e+01,-1.018999999999999906e+00
2.276332999999999984e+01,-1.018999999999999906e+00
2.276500000000000057e+01,-9.929999999999999938e-01
2.276667000000000129e+01,-9.779999999999999805e-01
2.276832999999999885e+01,-9.769999999999999796e-01
2.276999999999999957e+01,-9.769999999999999796e-01
2.277167000000000030e+01,-9.549999999999999600e-01
2.277333000000000141e+01,-9.419999999999999485e-01
2.277499999999999858e+01,-9.370000000000000551e-01
2.277666999999999931e+01,-9.379999999999999449e-01
2.277833000000000041e+01,-9.160000000000000364e-01
2.278000000000000114e+01,-9.000000000000000222e-01
2.278166999999999831e+01,-8.980000000000000204e-01
2.278332999999999942e+01,-8.990000000000000213e-01
2.278500000000000014e+01,-8.739999999999999991e-01
2.278667000000000087e+01,-8.579999999999999849e-01
2.278832999999999842e+01,-8.549999999999999822e-01
2.278999999999999915e+01,-8.549999999999999822e-01
2.279166999999999987e+01,-8.339999999999999636e-01
2.279333000000000098e+01,-8.179999999999999494e-01
2.279500000000000171e+01,-8.129999999999999449e-01
2.279666999999999888e+01,-8.139999999999999458e-01
2.279832999999999998e+01,-7.890000000000000346e-01
2.280000000000000071e+01,-7.730000000000000204e-01
2.280167000000000144e+01,-7.720000000000000195e-01
2.280332999999999899e+01,-7.730000000000000204e-01
2.280499999999999972e+01,-7.520000000000000018e-01
2.280667000000000044e+01,-7.349999999999999867e-01
2.280833000000000155e+01,-7.339999999999999858e-01
2.280999999999999872e+01,-7.389999999999999902e-01
2.281166999999999945e+01,-7.149999999999999689e-01
2.281333000000000055e+01,-6.949999999999999512e-01
2.281500000000000128e+01,-6.889999999999999458e-01
2.281666999999999845e+01,-6.870000000000000551e-01
2.281832999999999956e+01,-6.640000000000000346e-01
2.282000000000000028e+01,-6.490000000000000213e-01
2.282167000000000101e+01,-6.430000000000000160e-01
2.282332999999999856e+01,-6.430000000000000160e-01
2.282499999999999929e+01,-6.229999999999999982e-01
2.282667000000000002e+01,-6.039999999999999813e-01
2.282833000000000112e+01,-5.969999999999999751e-01
2.282999999999999829e+01,-6.029999999999999805e-01
2.283166999999999902e+01,-5.819999999999999618e-01
2.283333000000000013e+01,-5.560000000000000497e-01
2.283500000000000085e+01,-5.470000000000000417e-01
2.283667000000000158e+01,-5.520000000000000462e-01
2.283832999999999913e+01,-5.320000000000000284e-01
2.283999999999999986e+01,-5.100000000000000089e-01
2.284167000000000058e+01,-5.010000000000000009e-01
2.284333000000000169e+01,-5.060000000000000053e-01
2.284499999999999886e+01,-4.879999999999999893e-01
2.284666999999999959e+01,-4.719999999999999751e-01
2.284833000000000069e+01,-4.670000000000000262e-01
2.285000000000000142e+01,-4.670000000000000262e-01
2.285166999999999859e+01,-4.480000000000000093e-01
2.285332999999999970e+01,-4.259999999999999898e-01
2.285500000000000043e+01,-4.179999999999999827e-01
2.285667000000000115e+01,-4.229999999999999871e-01
2.285832999999999871e+01,-4.060000000000000275e-01
2.285999999999999943e+01,-3.870000000000000107e-01
2.286167000000000016e+01,-3.790000000000000036e-01
2.286333000000000126e+01,-3.820000000000000062e-01
2.286499999999999844e+01,-3.649999999999999911e-01
2.286666999999999916e+01,-3.459999999999999742e-01
2.286833000000000027e+01,-3.410000000000000253e-01
2.287000000000000099e+01,-3.459999999999999742e-01
2.287167000000000172e+01,-3.270000000000000129e-01
2.287332999999999927e+01,-3.049999999999999933e-01
2.287500000000000000e+01,-2.959999999999999853e-01
2.287667000000000073e+01,-2.979999999999999871e-01
2.287832999999999828e+01,-2.859999999999999765e-01
2.287999999999999901e+01,-2.680000000000000160e-01
2.288166999999999973e+01,-2.590000000000000080e-01
2.288333000000000084e+01,-2.610000000000000098e-01
2.288500000000000156e+01,-2.479999999999999982e-01
2.288666999999999874e+01,-2.270000000000000073e-01
2.288832999999999984e+01,-2.179999999999999993e-01
2.289000000000000057e+01,-2.240000000000000047e-01
2.289167000000000129e+01,-2.139999999999999958e-01
2.289332999999999885e+01,-1.930000000000000049e-01
2.289499999999999957e+01,-1.829999999999999960e-01
2.289667000000000030e+01,-1.859999999999999987e-01
2.289833000000000141e+01,-1.749999999999999889e-01
2.289999999999999858e+01,-1.499999999999999944e-01
2.290166999999999931e+01,-1.400000000000000133e-01
2.290333000000000041e+01,-1.419999999999999873e-01
2.290500000000000114e+01,-1.350000000000000089e-01
2.290666999999999831e+01,-1.170000000000000068e-01
2.290832999999999942e+01,-1.140000000000000041e-01
2.291000000000000014e+01,-1.150000000000000050e-01
2.291167000000000087e+01,-1.069999999999999979e-01
2.291332999999999842e+01,-8.400000000000000522e-02
2.291499999999999915e+01,-7.299999999999999545e-02
2.291666999999999987e+01,-8.000000000000000167e-02
2.291833000000000098e+01,-8.000000000000000167e-02
2.292000000000000171e+01,-5.999999999999999778e-02
2.292166999999999888e+01,-5.099999999999999672e-02
2.292332999999999998e+01,-5.399999999999999939e-02
2.292500000000000071e+01,-5.000000000000000278e-02
2.292667000000000144e+01,-2.699999999999999969e-02
2.292832999999999899e+01,-1.700000000000000122e-02
2.292999999999999972e+01,-2.100000000000000130e-02
2.293167000000000044e+01,-1.600000000000000033e-02
2.293333000000000155e+01,6.000000000000000125e-03
2.293499999999999872e+01,1.299999999999999940e-02
2.293666999999999945e+01,1.299999999999999940e-02
2.293833000000000055e+01,1.499999999999999944e-02
2.294000000000000128e+01,3.500000000000000333e-02
2.294166999999999845e+01,4.299999999999999656e-02
2.294332999999999956e+01,3.899999999999999994e-02
2.294500000000000028e+01,3.899999999999999994e-02
2.294667000000000101e+01,5.899999999999999689e-02
2.294832999999999856e+01,6.900000000000000577e-02
2.294999999999999929e+01,6.600000000000000311e-02
2.295167000000000002e+01,6.199999999999999956e-02
2.295333000000000112e+01,8.300000000000000433e-02
2.295499999999999829e+01,9.299999999999999933e-02
2.295666999999999902e+01,8.699999999999999400e-02
2.295833000000000013e+01,8.699999999999999400e-02
2.296000000000000085e+01,1.079999999999999988e-01
2.296167000000000158e+01,1.189999999999999947e-01
2.296332999999999913e+01,1.110000000000000014e-01
2.296499999999999986e+01,1.089999999999999997e-01
2.296667000000000058e+01,1.290000000000000036e-01
2.296833000000000169e+01,1.350000000000000089e-01
2.296999999999999886e+01,1.320000000000000062e-01
2.297166999999999959e+01,1.310000000000000053e-01
2.297333000000000069e+01,1.519999999999999962e-01
2.297500000000000142e+01,1.559999999999999998e-01
2.297666999999999859e+01,1.489999999999999936e-01
2.297832999999999970e+01,1.429999999999999882e-01
2.298000000000000043e+01,1.620000000000000051e-01
2.298167000000000115e+01,1.729999999999999871e-01
2.298332999999999871e+01,1.690000000000000113e-01
2.298499999999999943e+01,1.670000000000000095e-01
2.298667000000000016e+01,1.859999999999999987e-01
2.298833000000000126e+01,1.960000000000000075e-01
2.298999999999999844e+01,1.920000000000000040e-01
2.299166999999999916e+01,1.849999999999999978e-01
2.299333000000000027e+01,2.030000000000000138e-01
2.299500000000000099e+01,2.129999999999999949e-01
2.299667000000000172e+01,2.069999999999999896e-01
2.299832999999999927e+01,1.970000000000000084e-01
2.300000000000000000e+01,2.159999999999999976e-01
2.300167000000000073e+01,2.250000000000000056e-01
2.300332999999999828e+01,2.190000000000000002e-01
2.300499999999999901e+01,2.089999999999999913e-01
2.300666999999999973e+01,2.270000000000000073e-01
2.300833000000000084e+01,2.369999999999999885e-01
2.301000000000000156e+01,2.340000000000000135e-01
2.301166999999999874e+01,2.260000000000000064e-01
2.301332999999999984e+01,2.399999999999999911e-01
2.301500000000000057e+01,2.510000000000000009e-01
2.301667000000000129e+01,2.479999999999999982e-01
2.301832999999999885e+01,2.389999999999999902e-01
2.301999999999999957e+01,2.510000000000000009e-01
2.302167000000000030e+01,2.610000000000000098e-01
2.302333000000000141e+01,2.600000000000000089e-01
2.302499999999999858e+01,2.520000000000000018e-01
2.302666999999999931e+01,2.660000000000000142e-01
2.302833000000000041e+01,2.790000000000000258e-01
2.303000000000000114e+01,2.780000000000000249e-01
2.303166999999999831e+01,2.700000000000000178e-01
2.303332999999999942e+01,2.800000000000000266e-01
2.303500000000000014e+01,2.899999999999999800e-01
2.303667000000000087e+01,2.869999999999999774e-01
2.303832999999999842e+01,2.760000000000000231e-01
2.303999999999999915e+01,2.849999999999999756e-01
2.304166999999999987e+01,2.949999999999999845e-01
2.304333000000000098e+01,2.909999999999999809e-01
2.304500000000000171e+01,2.829999999999999738e-01
2.304666999999999888e+01,2.969999999999999862e-01
2.304832999999999998e+01,3.089999999999999969e-01
2.305000000000000071e+01,3.049999999999999933e-01
2.305167000000000144e+01,2.949999999999999845e-01
2.305332999999999899e+01,3.049999999999999933e-01
2.305499999999999972e+01,3.180000000000000049e-01
2.305667000000000044e+01,3.180000000000000049e-01
2.305833000000000155e+01,3.069999999999999951e-01
2.305999999999999872e+01,3.130000000000000004e-01
2.306166999999999945e+01,3.250000000000000111e-01
2.306333000000000055e+01,3.220000000000000084e-01
2.306500000000000128e+01,3.099999999999999978e-01
2.306666999999999845e+01,3.170000000000000040e-01
2.306832999999999956e+01,3.280000000000000138e-01
2.307000000000000028e+01,3.240000000000000102e-01
2.307167000000000101e+01,3.140000000000000013e-01
2.307332999999999856e+01,3.230000000000000093e-01
2.307499999999999929e+01,3.350000000000000200e-01
2.307667000000000002e+01,3.330000000000000182e-01
2.307833000000000112e+01,3.230000000000000093e-01
2.307999999999999829e+01,3.260000000000000120e-01
2.308166999999999902e+01,3.360000000000000209e-01
2.308333000000000013e+01,3.340000000000000191e-01
2.308500000000000085e+01,3.230000000000000093e-01
2.308667000000000158e+01,3.330000000000000182e-01
2.308832999999999913e+01,3.459999999999999742e-01
2.308999999999999986e+01,3.420000000000000262e-01
2.309167000000000058e+01,3.290000000000000147e-01
2.309333000000000169e+01,3.340000000000000191e-01
2.309499999999999886e+01,3.439999999999999725e-01
2.309666999999999959e+01,3.420000000000000262e-01
2.309833000000000069e+01,3.310000000000000164e-01
2.310000000000000142e+01,3.360000000000000209e-01
2.310166999999999859e+01,3.499999999999999778e-01
2.310332999999999970e+01,3.489999999999999769e-01
2.310500000000000043e+01,3.350000000000000200e-01
2.310667000000000115e+01,3.390000000000000235e-01
2.310832999999999871e+01,3.539999999999999813e-01
2.310999999999999943e+01,3.549999999999999822e-01
2.311167000000000016e+01,3.459999999999999742e-01
2.311333000000000126e+01,3.469999999999999751e-01
2.311499999999999844e+01,3.609999999999999876e-01
2.311666999999999916e+01,3.609999999999999876e-01
2.311833000000000027e+01,3.509999999999999787e-01
2.312000000000000099e+01,3.479999999999999760e-01
2.312167000000000172e+01,3.599999999999999867e-01
2.312332999999999927e+01,3.599999999999999867e-01
2.312500000000000000e+01,3.489999999999999769e-01
2.312667000000000073e+01,3.459999999999999742e-01
2.312832999999999828e+01,3.639999999999999902e-01
2.312999999999999901e+01,3.639999999999999902e-01
2.313166999999999973e+01,3.529999999999999805e-01
2.313333000000000084e+01,3.519999999999999796e-01
2.313500000000000156e+01,3.669999999999999929e-01
2.313666999999999874e+01,3.689999999999999947e-01
2.313832999999999984e+01,3.599999999999999867e-01
2.314000000000000057e+01,3.549999999999999822e-01
2.314167000000000129e+01,3.669999999999999929e-01
2.314332999999999885e+01,3.699999999999999956e-01
2.314499999999999957e+01,3.619999999999999885e-01
2.314667000000000030e+01,3.589999999999999858e-01
2.314833000000000141e+01,3.699999999999999956e-01
2.314999999999999858e+01,3.699999999999999956e-01
2.315166999999999931e+01,3.559999999999999831e-01
2.315333000000000041e+01,3.509999999999999787e-01
2.315500000000000114e+01,3.609999999999999876e-01
2.315666999999999831e+01,3.589999999999999858e-01
2.315832999999999942e+01,3.449999999999999734e-01
2.316000000000000014e+01,3.420000000000000262e-01
2.316167000000000087e+01,3.539999999999999813e-01
2.316332999999999842e+01,3.579999999999999849e-01
2.316499999999999915e+01,3.469999999999999751e-01
2.316666999999999987e+01,3.430000000000000271e-01
2.316833000000000098e+01,3.549999999999999822e-01
2.317000000000000171e+01,3.569999999999999840e-01
2.317166999999999888e+01,3.449999999999999734e-01
2.317332999999999998e+01,3.360000000000000209e-01
2.317500000000000071e+01,3.499999999999999778e-01
2.317667000000000144e+01,3.579999999999999849e-01
2.317832999999999899e+01,3.469999999999999751e-01
2.317999999999999972e+01,3.420000000000000262e-01
2.318167000000000044e+01,3.559999999999999831e-01
2.318333000000000155e+01,3.619999999999999885e-01
2.318499999999999872e+01,3.539999999999999813e-01
2.318666999999999945e+01,3.449999999999999734e-01
2.318833000000000055e+01,3.549999999999999822e-01
2.319000000000000128e+01,3.619999999999999885e-01
2.319166999999999845e+01,3.499999999999999778e-01
2.319332999999999956e+01,3.420000000000000262e-01
2.319500000000000028e+01,3.559999999999999831e-01
2.319667000000000101e+01,3.649999999999999911e-01
2.319832999999999856e+01,3.569999999999999840e-01
2.319999999999999929e+01,3.499999999999999778e-01
2.320167000000000002e+01,3.649999999999999911e-01
2.320333000000000112e+01,3.709999999999999964e-01
2.320499999999999829e+01,3.579999999999999849e-01
2.320666999999999902e+01,3.469999999999999751e-01
2.320833000000000013e+01,3.609999999999999876e-01
2.321000000000000085e+01,3.669999999999999929e-01
2.321167000000000158e+01,3.579999999999999849e-01
2.321332999999999913e+01,3.479999999999999760e-01
2.321499999999999986e+01,3.549999999999999822e-01
2.321667000000000058e+01,3.609999999999999876e-01
2.321833000000000169e+01,3.539999999999999813e-01
2.321999999999999886e+01,3.430000000000000271e-01
2.322166999999999959e+01,3.489999999999999769e-01
2.322333000000000069e+01,3.509999999999999787e-01
2.322500000000000142e+01,3.420000000000000262e-01
2.322666999999999859e+01,3.350000000000000200e-01
2.322832999999999970e+01,3.479999999999999760e-01
2.323000000000000043e+01,3.569999999999999840e-01
2.323167000000000115e+01,3.509999999999999787e-01
2.323332999999999871e+01,3.420000000000000262e-01
2.323499999999999943e+01,3.519999999999999796e-01
2.323667000000000016e+01,3.609999999999999876e-01
2.323833000000000126e+01,3.529999999999999805e-01
2.323999999999999844e+01,3.410000000000000253e-01
2.324166999999999916e+01,3.509999999999999787e-01
2.324333000000000027e+01,3.589999999999999858e-01
2.324500000000000099e+01,3.489999999999999769e-01
2.324667000000000172e+01,3.380000000000000226e-01
2.324832999999999927e+01,3.459999999999999742e-01
2.325000000000000000e+01,3.529999999999999805e-01
2.325167000000000073e+01,3.459999999999999742e-01
2.325332999999999828e+01,3.330000000000000182e-01
2.325499999999999901e+01,3.370000000000000218e-01
2.325666999999999973e+01,3.479999999999999760e-01
2.325833000000000084e+01,3.430000000000000271e-01
2.326000000000000156e+01,3.320000000000000173e-01
2.326166999999999874e+01,3.400000000000000244e-01
2.326332999999999984e+01,3.459999999999999742e-01
2.326500000000000057e+01,3.370000000000000218e-01
2.326667000000000129e+01,3.200000000000000067e-01
2.326832999999999885e+01,3.240000000000000102e-01
2.326999999999999957e+01,3.360000000000000209e-01
2.327167000000000030e+01,3.300000000000000155e-01
2.327333000000000141e+01,3.180000000000000049e-01
2.327499999999999858e+01,3.240000000000000102e-01
2.327666999999999931e+01,3.340000000000000191e-01
2.327833000000000041e+01,3.330000000000000182e-01
2.328000000000000114e+01,3.230000000000000093e-01
2.328166999999999831e+01,3.300000000000000155e-01
2.328332999999999942e+01,3.400000000000000244e-01
2.328500000000000014e+01,3.350000000000000200e-01
2.328667000000000087e+01,3.220000000000000084e-01
2.328832999999999842e+01,3.280000000000000138e-01
2.328999999999999915e+01,3.380000000000000226e-01
2.329166999999999987e+01,3.370000000000000218e-01
2.329333000000000098e+01,3.240000000000000102e-01
2.329500000000000171e+01,3.290000000000000147e-01
2.329666999999999888e+01,3.400000000000000244e-01
2.329832999999999998e+01,3.360000000000000209e-01
2.330000000000000071e+01,3.220000000000000084e-01
2.330167000000000144e+01,3.240000000000000102e-01
2.330332999999999899e+01,3.310000000000000164e-01
2.330499999999999972e+01,3.300000000000000155e-01
2.330667000000000044e+01,3.200000000000000067e-01
2.330833000000000155e+01,3.250000000000000111e-01
2.330999999999999872e+01,3.330000000000000182e-01
2.331166999999999945e+01,3.290000000000000147e-01
2.331333000000000055e+01,3.140000000000000013e-01
2.331500000000000128e+01,3.140000000000000013e-01
2.331666999999999845e+01,3.240000000000000102e-01
2.331832999999999956e+01,3.230000000000000093e-01
2.332000000000000028e+01,3.099999999999999978e-01
2.332167000000000101e+01,3.140000000000000013e-01
2.332332999999999856e+01,3.270000000000000129e-01
2.332499999999999929e+01,3.270000000000000129e-01
2.332667000000000002e+01,3.160000000000000031e-01
2.332833000000000112e+01,3.180000000000000049e-01
2.332999999999999829e+01,3.330000000000000182e-01
2.333166999999999902e+01,3.340000000000000191e-01
2.333333000000000013e+01,3.190000000000000058e-01
2.333500000000000085e+01,3.180000000000000049e-01
2.333667000000000158e+01,3.300000000000000155e-01
2.333832999999999913e+01,3.290000000000000147e-01
2.333999999999999986e+01,3.130000000000000004e-01
2.334167000000000058e+01,3.099999999999999978e-01
2.334333000000000169e+01,3.200000000000000067e-01
2.334499999999999886e+01,3.230000000000000093e-01
2.334666999999999959e+01,3.089999999999999969e-01
2.334833000000000069e+01,3.069999999999999951e-01
2.335000000000000142e+01,3.180000000000000049e-01
2.335166999999999859e+01,3.160000000000000031e-01
2.335332999999999970e+01,3.009999999999999898e-01
2.335500000000000043e+01,3.019999999999999907e-01
2.335667000000000115e+01,3.140000000000000013e-01
2.335832999999999871e+01,3.150000000000000022e-01
2.335999999999999943e+01,2.999999999999999889e-01
2.336167000000000016e+01,2.969999999999999862e-01
2.336333000000000126e+01,3.099999999999999978e-01
2.336499999999999844e+01,3.140000000000000013e-01
2.336666999999999916e+01,3.059999999999999942e-01
2.336833000000000027e+01,3.009999999999999898e-01
2.337000000000000099e+01,3.089999999999999969e-01
2.337167000000000172e+01,3.089999999999999969e-01
2.337332999999999927e+01,2.959999999999999853e-01
2.337500000000000000e+01,2.929999999999999827e-01
2.337667000000000073e+01,3.079999999999999960e-01
2.337832999999999828e+01,3.140000000000000013e-01
2.337999999999999901e+01,2.999999999999999889e-01
2.338166999999999973e+01,2.949999999999999845e-01
2.338333000000000084e+01,3.069999999999999951e-01
2.338500000000000156e+01,3.099999999999999978e-01
2.338666999999999874e+01,3.009999999999999898e-01
2.338832999999999984e+01,2.919999999999999818e-01
2.339000000000000057e+01,3.019999999999999907e-01
2.339167000000000129e+01,3.029999999999999916e-01
2.339332999999999885e+01,2.949999999999999845e-01
2.339499999999999957e+01,2.899999999999999800e-01
2.339667000000000030e+01,3.029999999999999916e-01
2.339833000000000141e+01,3.069999999999999951e-01
2.339999999999999858e+01,2.959999999999999853e-01
2.340166999999999931e+01,2.879999999999999782e-01
2.340333000000000041e+01,2.989999999999999880e-01
2.340500000000000114e+01,3.049999999999999933e-01
2.340666999999999831e+01,2.929999999999999827e-01
2.340832999999999942e+01,2.829999999999999738e-01
2.341000000000000014e+01,2.919999999999999818e-01
2.341167000000000087e+01,2.959999999999999853e-01
2.341332999999999842e+01,2.879999999999999782e-01
2.341499999999999915e+01,2.780000000000000249e-01
2.341666999999999987e+01,2.899999999999999800e-01
2.341833000000000098e+01,2.969999999999999862e-01
2.342000000000000171e+01,2.889999999999999791e-01
2.342166999999999888e+01,2.800000000000000266e-01
2.342332999999999998e+01,2.919999999999999818e-01
2.342500000000000071e+01,2.989999999999999880e-01
2.342667000000000144e+01,2.899999999999999800e-01
2.342832999999999899e+01,2.770000000000000240e-01
2.342999999999999972e+01,2.869999999999999774e-01
2.343167000000000044e+01,2.909999999999999809e-01
2.343333000000000155e+01,2.839999999999999747e-01
2.343499999999999872e+01,2.770000000000000240e-01
2.343666999999999945e+01,2.879999999999999782e-01
2.343833000000000055e+01,2.949999999999999845e-01
2.344000000000000128e+01,2.859999999999999765e-01
2.344166999999999845e+01,2.740000000000000213e-01
2.344332999999999956e+01,2.859999999999999765e-01
2.344500000000000028e+01,2.959999999999999853e-01
2.344667000000000101e+01,2.899999999999999800e-01
2.344832999999999856e+01,2.810000000000000275e-01
2.344999999999999929e+01,2.909999999999999809e-01
2.345167000000000002e+01,2.979999999999999871e-01
2.345333000000000112e+01,2.919999999999999818e-01
2.345499999999999829e+01,2.780000000000000249e-01
2.345666999999999902e+01,2.879999999999999782e-01
2.345833000000000013e+01,2.969999999999999862e-01
2.346000000000000085e+01,2.889999999999999791e-01
2.346167000000000158e+01,2.790000000000000258e-01
2.346332999999999913e+01,2.899999999999999800e-01
2.346499999999999986e+01,2.949999999999999845e-01
2.346667000000000058e+01,2.879999999999999782e-01
2.346833000000000169e+01,2.710000000000000187e-01
2.346999999999999886e+01,2.810000000000000275e-01
2.347166999999999959e+01,2.919999999999999818e-01
2.347333000000000069e+01,2.839999999999999747e-01
2.347500000000000142e+01,2.700000000000000178e-01
2.347666999999999859e+01,2.790000000000000258e-01
2.347832999999999970e+01,2.859999999999999765e-01
2.348000000000000043e+01,2.810000000000000275e-01
2.348167000000000115e+01,2.660000000000000142e-01
2.348332999999999871e+01,2.740000000000000213e-01
2.348499999999999943e+01,2.849999999999999756e-01
2.348667000000000016e+01,2.839999999999999747e-01
2.348833000000000126e+01,2.660000000000000142e-01
2.348999999999999844e+01,2.740000000000000213e-01
2.349166999999999916e+01,2.839999999999999747e-01
2.349333000000000027e+01,2.819999999999999729e-01
2.349500000000000099e+01,2.660000000000000142e-01
2.349667000000000172e+01,2.770000000000000240e-01
2.349832999999999927e+01,2.879999999999999782e-01
2.350000000000000000e+01,2.839999999999999747e-01
2.350167000000000073e+01,2.690000000000000169e-01
2.350332999999999828e+01,2.750000000000000222e-01
2.350499999999999901e+01,2.829999999999999738e-01
2.350666999999999973e+01,2.780000000000000249e-01
2.350833000000000084e+01,2.630000000000000115e-01
2.351000000000000156e+01,2.690000000000000169e-01
2.351166999999999874e+01,2.800000000000000266e-01
2.351332999999999984e+01,2.770000000000000240e-01
2.351500000000000057e+01,2.610000000000000098e-01
2.351667000000000129e+01,2.660000000000000142e-01
2.351832999999999885e+01,2.770000000000000240e-01
2.351999999999999957e+01,2.750000000000000222e-01
2.352167000000000030e+01,2.580000000000000071e-01
2.352333000000000141e+01,2.610000000000000098e-01
2.352499999999999858e+01,2.720000000000000195e-01
2.352666999999999931e+01,2.710000000000000187e-01
2.352833000000000041e+01,2.580000000000000071e-01
2.353000000000000114e+01,2.640000000000000124e-01
2.353166999999999831e+01,2.750000000000000222e-01
2.353332999999999942e+01,2.730000000000000204e-01
2.353500000000000014e+01,2.580000000000000071e-01
2.353667000000000087e+01,2.620000000000000107e-01
2.353832999999999842e+01,2.720000000000000195e-01
2.353999999999999915e+01,2.690000000000000169e-01
2.354166999999999987e+01,2.560000000000000053e-01
2.354333000000000098e+01,2.580000000000000071e-01
2.354500000000000171e+01,2.700000000000000178e-01
2.354666999999999888e+01,2.700000000000000178e-01
2.354832999999999998e+01,2.580000000000000071e-01
2.355000000000000071e+01,2.610000000000000098e-01
2.355167000000000144e+01,2.720000000000000195e-01
2.355332999999999899e+01,2.680000000000000160e-01
2.355499999999999972e+01,2.520000000000000018e-01
2.355667000000000044e+01,2.520000000000000018e-01
2.355833000000000155e+01,2.660000000000000142e-01
2.355999999999999872e+01,2.680000000000000160e-01
2.356166999999999945e+01,2.550000000000000044e-01
2.356333000000000055e+01,2.530000000000000027e-01
2.356500000000000128e+01,2.660000000000000142e-01
2.356666999999999845e+01,2.700000000000000178e-01
2.356832999999999956e+01,2.550000000000000044e-01
2.357000000000000028e+01,2.510000000000000009e-01
2.357167000000000101e+01,2.650000000000000133e-01
2.357332999999999856e+01,2.670000000000000151e-01
2.357499999999999929e+01,2.520000000000000018e-01
2.357667000000000002e+01,2.449999999999999956e-01
2.357833000000000112e+01,2.570000000000000062e-01
2.357999999999999829e+01,2.600000000000000089e-01
2.358166999999999902e+01,2.469999999999999973e-01
2.358333000000000013e+01,2.419999999999999929e-01
2.358500000000000085e+01,2.570000000000000062e-01
2.358667000000000158e+01,2.610000000000000098e-01
2.358832999999999913e+01,2.530000000000000027e-01
2.358999999999999986e+01,2.500000000000000000e-01
2.359167000000000058e+01,2.640000000000000124e-01
2.359333000000000169e+01,2.680000000000000160e-01
2.359499999999999886e+01,2.590000000000000080e-01
2.359666999999999959e+01,2.510000000000000009e-01
2.359833000000000069e+01,2.650000000000000133e-01
2.360000000000000142e+01,2.650000000000000133e-01
2.360166999999999859e+01,2.500000000000000000e-01
2.360332999999999970e+01,2.389999999999999902e-01
2.360500000000000043e+01,2.530000000000000027e-01
2.360667000000000115e+01,2.570000000000000062e-01
2.360832999999999871e+01,2.459999999999999964e-01
2.360999999999999943e+01,2.369999999999999885e-01
2.361167000000000016e+01,2.489999999999999991e-01
2.361333000000000126e+01,2.560000000000000053e-01
2.361499999999999844e+01,2.469999999999999973e-01
2.361666999999999916e+01,2.379999999999999893e-01
2.361833000000000027e+01,2.500000000000000000e-01
2.362000000000000099e+01,2.540000000000000036e-01
2.362167000000000172e+01,2.469999999999999973e-01
2.362332999999999927e+01,2.379999999999999893e-01
2.362500000000000000e+01,2.520000000000000018e-01
2.362667000000000073e+01,2.570000000000000062e-01
2.362832999999999828e+01,2.489999999999999991e-01
2.362999999999999901e+01,2.409999999999999920e-01
2.363166999999999973e+01,2.530000000000000027e-01
2.363333000000000084e+01,2.570000000000000062e-01
2.363500000000000156e+01,2.500000000000000000e-01
2.363666999999999874e+01,2.379999999999999893e-01
2.363832999999999984e+01,2.469999999999999973e-01
2.364000000000000057e+01,2.500000000000000000e-01
2.364167000000000129e+01,2.409999999999999920e-01
2.364332999999999885e+01,2.300000000000000100e-01
2.364499999999999957e+01,2.439999999999999947e-01
2.364667000000000030e+01,2.510000000000000009e-01
2.364833000000000141e+01,2.389999999999999902e-01
2.364999999999999858e+01,2.220000000000000029e-01
2.365166999999999931e+01,2.330000000000000127e-01
2.365333000000000041e+01,2.399999999999999911e-01
2.365500000000000114e+01,2.330000000000000127e-01
2.365666999999999831e+01,2.200000000000000011e-01
2.365832999999999942e+01,2.330000000000000127e-01
2.366000000000000014e+01,2.419999999999999929e-01
2.366167000000000087e+01,2.389999999999999902e-01
2.366332999999999842e+01,2.260000000000000064e-01
2.366499999999999915e+01,2.389999999999999902e-01
2.366666999999999987e+01,2.469999999999999973e-01
2.366833000000000098e+01,2.389999999999999902e-01
2.367000000000000171e+01,2.260000000000000064e-01
2.367166999999999888e+01,2.359999999999999876e-01
2.367332999999999998e+01,2.449999999999999956e-01
2.367500000000000071e+01,2.419999999999999929e-01
2.367667000000000144e+01,2.280000000000000082e-01
2.367832999999999899e+01,2.399999999999999911e-01
2.367999999999999972e+01,2.469999999999999973e-01
2.368167000000000044e+01,2.389999999999999902e-01
2.368333000000000155e+01,2.240000000000000047e-01
2.368499999999999872e+01,2.320000000000000118e-01
2.368666999999999945e+01,2.409999999999999920e-01
2.368833000000000055e+01,2.320000000000000118e-01
2.369000000000000128e+01,2.149999999999999967e-01
2.369166999999999845e+01,2.240000000000000047e-01
2.369332999999999956e+01,2.330000000000000127e-01
2.369500000000000028e+01,2.310000000000000109e-01
2.369667000000000101e+01,2.149999999999999967e-01
2.369832999999999856e+01,2.210000000000000020e-01
2.369999999999999929e+01,2.320000000000000118e-01
2.370167000000000002e+01,2.290000000000000091e-01
2.370333000000000112e+01,2.119999999999999940e-01
2.370499999999999829e+01,2.169999999999999984e-01
2.370666999999999902e+01,2.250000000000000056e-01
2.370833000000000013e+01,2.230000000000000038e-01
2.371000000000000085e+01,2.109999999999999931e-01
2.371167000000000158e+01,2.190000000000000002e-01
2.371332999999999913e+01,2.349999999999999867e-01
2.371499999999999986e+01,2.349999999999999867e-01
2.371667000000000058e+01,2.220000000000000029e-01
2.371833000000000169e+01,2.250000000000000056e-01
2.371999999999999886e+01,2.330000000000000127e-01
2.372166999999999959e+01,2.280000000000000082e-01
2.372333000000000069e+01,2.149999999999999967e-01
2.372500000000000142e+01,2.190000000000000002e-01
2.372666999999999859e+01,2.310000000000000109e-01
2.372832999999999970e+01,2.320000000000000118e-01
2.373000000000000043e+01,2.210000000000000020e-01
2.373167000000000115e+01,2.230000000000000038e-01
2.373332999999999871e+01,2.330000000000000127e-01
2.373499999999999943e+01,2.280000000000000082e-01
2.373667000000000016e+01,2.129999999999999949e-01
2.373833000000000126e+01,2.179999999999999993e-01
2.373999999999999844e+01,2.359999999999999876e-01
2.374166999999999916e+01,2.340000000000000135e-01
2.374333000000000027e+01,2.210000000000000020e-01
2.374500000000000099e+01,2.250000000000000056e-01
2.374667000000000172e+01,2.399999999999999911e-01
2.374832999999999927e+01,2.389999999999999902e-01
2.375000000000000000e+01,2.250000000000000056e-01
2.375167000000000073e+01,2.230000000000000038e-01
2.375332999999999828e+01,2.349999999999999867e-01
2.375499999999999901e+01,2.330000000000000127e-01
2.375666999999999973e+01,2.190000000000000002e-01
2.375833000000000084e+01,2.179999999999999993e-01
2.376000000000000156e+01,2.270000000000000073e-01
2.376166999999999874e+01,2.270000000000000073e-01
2.376332999999999984e+01,2.169999999999999984e-01
2.376500000000000057e+01,2.159999999999999976e-01
2.376667000000000129e+01,2.290000000000000091e-01
2.376832999999999885e+01,2.290000000000000091e-01
2.376999999999999957e+01,2.190000000000000002e-01
2.377167000000000030e+01,2.129999999999999949e-01
2.377333000000000141e+01,2.270000000000000073e-01
2.377499999999999858e+01,2.270000000000000073e-01
2.377666999999999931e+01,2.119999999999999940e-01
2.377833000000000041e+01,2.069999999999999896e-01
2.378000000000000114e+01,2.230000000000000038e-01
2.378166999999999831e+01,2.270000000000000073e-01
2.378332999999999942e+01,2.169999999999999984e-01
2.378500000000000014e+01,2.139999999999999958e-01
2.378667000000000087e+01,2.280000000000000082e-01
2.378832999999999842e+01,2.320000000000000118e-01
2.378999999999999915e+01,2.210000000000000020e-01
2.379166999999999987e+01,2.149999999999999967e-01
2.379333000000000098e+01,2.340000000000000135e-01
2.379500000000000171e+01,2.349999999999999867e-01
2.379666999999999888e+01,2.220000000000000029e-01
2.379832999999999998e+01,2.149999999999999967e-01
2.380000000000000071e+01,2.280000000000000082e-01
2.380167000000000144e+01,2.300000000000000100e-01
2.380332999999999899e+01,2.169999999999999984e-01
2.380499999999999972e+01,2.099999999999999922e-01
2.380667000000000044e+01,2.260000000000000064e-01
2.380833000000000155e+01,2.280000000000000082e-01
2.380999999999999872e+01,2.159999999999999976e-01
2.381166999999999945e+01,2.079999999999999905e-01
2.381333000000000055e+01,2.210000000000000020e-01
2.381500000000000128e+01,2.230000000000000038e-01
2.381666999999999845e+01,2.149999999999999967e-01
2.381832999999999956e+01,2.059999999999999887e-01
2.382000000000000028e+01,2.210000000000000020e-01
2.382167000000000101e+01,2.240000000000000047e-01
2.382332999999999856e+01,2.119999999999999940e-01
2.382499999999999929e+01,2.020000000000000129e-01
2.382667000000000002e+01,2.139999999999999958e-01
2.382833000000000112e+01,2.210000000000000020e-01
2.382999999999999829e+01,2.119999999999999940e-01
2.383166999999999902e+01,2.020000000000000129e-01
2.383333000000000013e+01,2.159999999999999976e-01
2.383500000000000085e+01,2.220000000000000029e-01
2.383667000000000158e+01,2.149999999999999967e-01
2.383832999999999913e+01,2.039999999999999869e-01
2.383999999999999986e+01,2.149999999999999967e-01
2.384167000000000058e+01,2.169999999999999984e-01
2.384333000000000169e+01,2.049999999999999878e-01
2.384499999999999886e+01,1.960000000000000075e-01
2.384666999999999959e+01,2.109999999999999931e-01
2.384833000000000069e+01,2.149999999999999967e-01
2.385000000000000142e+01,2.059999999999999887e-01
2.385166999999999859e+01,1.960000000000000075e-01
2.385332999999999970e+01,2.079999999999999905e-01
2.385500000000000043e+01,2.149999999999999967e-01
2.385667000000000115e+01,2.039999999999999869e-01
2.385832999999999871e+01,1.910000000000000031e-01
2.385999999999999943e+01,2.049999999999999878e-01
2.386167000000000016e+01,2.119999999999999940e-01
2.386333000000000126e+01,2.059999999999999887e-01
2.386499999999999844e+01,1.920000000000000040e-01
2.386666999999999916e+01,2.000000000000000111e-01
2.386833000000000027e+01,2.089999999999999913e-01
2.387000000000000099e+01,2.049999999999999878e-01
2.387167000000000172e+01,1.960000000000000075e-01
2.387332999999999927e+01,2.069999999999999896e-01
2.387500000000000000e+01,2.149999999999999967e-01
2.387667000000000073e+01,2.089999999999999913e-01
2.387832999999999828e+01,1.970000000000000084e-01
2.387999999999999901e+01,2.049999999999999878e-01
2.388166999999999973e+01,2.129999999999999949e-01
2.388333000000000084e+01,2.079999999999999905e-01
2.388500000000000156e+01,1.950000000000000067e-01
2.388666999999999874e+01,2.059999999999999887e-01
2.388832999999999984e+01,2.119999999999999940e-01
2.389000000000000057e+01,2.039999999999999869e-01
2.389167000000000129e+01,1.920000000000000040e-01
2.389332999999999885e+01,2.000000000000000111e-01
2.389499999999999957e+01,2.099999999999999922e-01
2.389667000000000030e+01,2.069999999999999896e-01
2.389833000000000141e+01,1.960000000000000075e-01
2.389999999999999858e+01,2.039999999999999869e-01
2.390166999999999931e+01,2.119999999999999940e-01
2.390333000000000041e+01,2.079999999999999905e-01
2.390500000000000114e+01,1.940000000000000058e-01
2.390666999999999831e+01,2.000000000000000111e-01
2.390832999999999942e+01,2.139999999999999958e-01
2.391000000000000014e+01,2.099999999999999922e-01
2.391167000000000087e+01,1.980000000000000093e-01
2.391332999999999842e+01,1.990000000000000102e-01
2.391499999999999915e+01,2.089999999999999913e-01
2.391666999999999987e+01,2.069999999999999896e-01
2.391833000000000098e+01,1.900000000000000022e-01
2.392000000000000171e+01,1.950000000000000067e-01
2.392166999999999888e+01,2.079999999999999905e-01
2.392332999999999998e+01,2.039999999999999869e-01
2.392500000000000071e+01,1.910000000000000031e-01
2.392667000000000144e+01,1.940000000000000058e-01
2.392832999999999899e+01,2.039999999999999869e-01
2.392999999999999972e+01,2.020000000000000129e-01
2.393167000000000044e+01,1.869999999999999996e-01
2.393333000000000155e+01,1.859999999999999987e-01
2.393499999999999872e+01,1.940000000000000058e-01
2.393666999999999945e+01,1.910000000000000031e-01
2.393833000000000055e+01,1.839999999999999969e-01
2.394000000000000128e+01,1.890000000000000013e-01
2.394166999999999845e+01,2.000000000000000111e-01
2.394332999999999956e+01,1.960000000000000075e-01
2.394500000000000028e+01,1.839999999999999969e-01
2.394667000000000101e+01,1.869999999999999996e-01
2.394832999999999856e+01,1.990000000000000102e-01
2.394999999999999929e+01,1.980000000000000093e-01
2.395167000000000002e+01,1.869999999999999996e-01
2.395333000000000112e+01,1.890000000000000013e-01
2.395499999999999829e+01,2.030000000000000138e-01
2.395666999999999902e+01,2.049999999999999878e-01
2.395833000000000013e+01,1.940000000000000058e-01
2.396000000000000085e+01,1.960000000000000075e-01
2.396167000000000158e+01,2.099999999999999922e-01
2.396332999999999913e+01,2.099999999999999922e-01
2.396499999999999986e+01,1.970000000000000084e-01
2.396667000000000058e+01,1.970000000000000084e-01
2.396833000000000169e+01,2.079999999999999905e-01
2.396999999999999886e+01,2.069999999999999896e-01
2.397166999999999959e+01,1.940000000000000058e-01
2.397333000000000069e+01,1.890000000000000013e-01
2.397500000000000142e+01,1.980000000000000093e-01
2.397666999999999859e+01,1.990000000000000102e-01
2.397832999999999970e+01,1.829999999999999960e-01
2.398000000000000043e+01,1.799999999999999933e-01
2.398167000000000115e+01,1.950000000000000067e-01
2.398332999999999871e+01,1.970000000000000084e-01
2.398499999999999943e+01,1.880000000000000004e-01
2.398667000000000016e+01,1.819999999999999951e-01
2.398833000000000126e+01,1.940000000000000058e-01
2.398999999999999844e+01,1.920000000000000040e-01
2.399166999999999916e+01,1.799999999999999933e-01
2.399333000000000027e+01,1.779999999999999916e-01
2.399500000000000099e+01,1.920000000000000040e-01
2.399667000000000172e+01,1.930000000000000049e-01
2.399832999999999927e+01,1.829999999999999960e-01
2.400000000000000000e+01,1.819999999999999951e-01
2.400167000000000073e+01,1.930000000000000049e-01
2.400332999999999828e+01,1.890000000000000013e-01
2.400499999999999901e+01,1.769999999999999907e-01
2.400666999999999973e+01,1.729999999999999871e-01
2.400833000000000084e+01,1.869999999999999996e-01
2.401000000000000156e+01,1.890000000000000013e-01
2.401166999999999874e+01,1.799999999999999933e-01
2.401332999999999984e+01,1.749999999999999889e-01
2.401500000000000057e+01,1.890000000000000013e-01
2.401667000000000129e+01,1.970000000000000084e-01
2.401832999999999885e+01,1.859999999999999987e-01
2.401999999999999957e+01,1.799999999999999933e-01
2.402167000000000030e+01,1.960000000000000075e-01
2.402333000000000141e+01,2.030000000000000138e-01
2.402499999999999858e+01,1.930000000000000049e-01
2.402666999999999931e+01,1.869999999999999996e-01
2.402833000000000041e+01,1.980000000000000093e-01
2.403000000000000114e+01,1.980000000000000093e-01
2.403166999999999831e+01,1.859999999999999987e-01
2.403332999999999942e+01,1.819999999999999951e-01
2.403500000000000014e+01,1.960000000000000075e-01
2.403667000000000087e+01,2.010000000000000120e-01
2.403832999999999842e+01,1.880000000000000004e-01
2.403999999999999915e+01,1.799999999999999933e-01
2.404166999999999987e+01,1.900000000000000022e-01
2.404333000000000098e+01,1.950000000000000067e-01
2.404500000000000171e+01,1.859999999999999987e-01
2.404666999999999888e+01,1.769999999999999907e-01
2.404832999999999998e+01,1.880000000000000004e-01
2.405000000000000071e+01,1.910000000000000031e-01
2.405167000000000144e+01,1.819999999999999951e-01
2.405332999999999899e+01,1.729999999999999871e-01
2.405499999999999972e+01,1.849999999999999978e-01
2.405667000000000044e+01,1.930000000000000049e-01
2.405833000000000155e+01,1.829999999999999960e-01
2.405999999999999872e+01,1.739999999999999880e-01
2.406166999999999945e+01,1.859999999999999987e-01
2.406333000000000055e+01,1.950000000000000067e-01
2.406500000000000128e+01,1.869999999999999996e-01
2.406666999999999845e+01,1.759999999999999898e-01
2.406832999999999956e+01,1.859999999999999987e-01
2.407000000000000028e+01,1.940000000000000058e-01
2.407167000000000101e+01,1.839999999999999969e-01
2.407332999999999856e+01,1.719999999999999862e-01
2.407499999999999929e+01,1.779999999999999916e-01
2.407667000000000002e+01,1.829999999999999960e-01
2.407833000000000112e+01,1.779999999999999916e-01
2.407999999999999829e+01,1.700000000000000122e-01
2.408166999999999902e+01,1.789999999999999925e-01
2.408333000000000013e+01,1.859999999999999987e-01
2.408500000000000085e+01,1.779999999999999916e-01
2.408667000000000158e+01,1.660000000000000087e-01
2.408832999999999913e+01,1.739999999999999880e-01
2.408999999999999986e+01,1.839999999999999969e-01
2.409167000000000058e+01,1.819999999999999951e-01
2.409333000000000169e+01,1.700000000000000122e-01
2.409499999999999886e+01,1.779999999999999916e-01
2.409666999999999959e+01,1.869999999999999996e-01
2.409833000000000069e+01,1.819999999999999951e-01
2.410000000000000142e+01,1.690000000000000113e-01
2.410166999999999859e+01,1.769999999999999907e-01
2.410332999999999970e+01,1.880000000000000004e-01
2.410500000000000043e+01,1.819999999999999951e-01
2.410667000000000115e+01,1.680000000000000104e-01
2.410832999999999871e+01,1.719999999999999862e-01
2.410999999999999943e+01,1.819999999999999951e-01
2.411167000000000016e+01,1.799999999999999933e-01
2.411333000000000126e+01,1.690000000000000113e-01
2.411499999999999844e+01,1.729999999999999871e-01
2.411666999999999916e+01,1.829999999999999960e-01
2.411833000000000027e+01,1.799999999999999933e-01
2.412000000000000099e+01,1.700000000000000122e-01
2.412167000000000172e+01,1.739999999999999880e-01
2.412332999999999927e+01,1.819999999999999951e-01
2.412500000000000000e+01,1.799999999999999933e-01
2.412667000000000073e+01,1.670000000000000095e-01
2.412832999999999828e+01,1.739999999999999880e-01
2.412999999999999901e+01,1.859999999999999987e-01
2.413166999999999973e+01,1.839999999999999969e-01
2.413333000000000084e+01,1.710000000000000131e-01
2.413500000000000156e+01,1.749999999999999889e-01
2.413666999999999874e+01,1.880000000000000004e-01
2.413832999999999984e+01,1.849999999999999978e-01
2.414000000000000057e+01,1.739999999999999880e-01
2.414167000000000129e+01,1.799999999999999933e-01
2.414332999999999885e+01,1.920000000000000040e-01
2.414499999999999957e+01,1.920000000000000040e-01
2.414667000000000030e+01,1.789999999999999925e-01
2.414833000000000141e+01,1.809999999999999942e-01
2.414999999999999858e+01,1.890000000000000013e-01
2.415166999999999931e+01,1.839999999999999969e-01
2.415333000000000041e+01,1.710000000000000131e-01
2.415500000000000114e+01,1.769999999999999907e-01
2.415666999999999831e+01,1.920000000000000040e-01
2.415832999999999942e+01,1.910000000000000031e-01
2.416000000000000014e+01,1.789999999999999925e-01
2.416167000000000087e+01,1.849999999999999978e-01
2.416332999999999842e+01,1.960000000000000075e-01
2.416499999999999915e+01,1.910000000000000031e-01
2.416666999999999987e+01,1.749999999999999889e-01
2.416833000000000098e+01,1.769999999999999907e-01
2.417000000000000171e+01,1.859999999999999987e-01
2.417166999999999888e+01,1.839999999999999969e-01
2.417332999999999998e+01,1.680000000000000104e-01
2.417500000000000071e+01,1.739999999999999880e-01
2.417667000000000144e+01,1.880000000000000004e-01
2.417832999999999899e+01,1.859999999999999987e-01
2.417999999999999972e+01,1.729999999999999871e-01
2.418167000000000044e+01,1.779999999999999916e-01
2.418333000000000155e+01,1.880000000000000004e-01
2.418499999999999872e+01,1.880000000000000004e-01
2.418666999999999945e+01,1.729999999999999871e-01
2.418833000000000055e+01,1.719999999999999862e-01
2.419000000000000128e+01,1.839999999999999969e-01
2.419166999999999845e+01,1.859999999999999987e-01
2.419332999999999956e+01,1.739999999999999880e-01
2.419500000000000028e+01,1.749999999999999889e-01
2.419667000000000101e+01,1.880000000000000004e-01
2.419832999999999856e+01,1.920000000000000040e-01
2.419999999999999929e+01,1.799999999999999933e-01
2.420167000000000002e+01,1.769999999999999907e-01
2.420333000000000112e+01,1.839999999999999969e-01
2.420499999999999829e+01,1.880000000000000004e-01
2.420666999999999902e+01,1.749999999999999889e-01
2.420833000000000013e+01,1.710000000000000131e-01
2.421000000000000085e+01,1.799999999999999933e-01
2.421167000000000158e+01,1.819999999999999951e-01
2.421332999999999913e+01,1.729999999999999871e-01
2.421499999999999986e+01,1.710000000000000131e-01
2.421667000000000058e+01,1.839999999999999969e-01
2.421833000000000169e+01,1.910000000000000031e-01
2.421999999999999886e+01,1.789999999999999925e-01
2.422166999999999959e+01,1.739999999999999880e-01
2.422333000000000069e+01,1.859999999999999987e-01
2.422500000000000142e+01,1.890000000000000013e-01
2.422666999999999859e+01,1.769999999999999907e-01
2.422832999999999970e+01,1.719999999999999862e-01
2.423000000000000043e+01,1.839999999999999969e-01
2.423167000000000115e+01,1.890000000000000013e-01
2.423332999999999871e+01,1.769999999999999907e-01
2.423499999999999943e+01,1.710000000000000131e-01
2.423667000000000016e+01,1.849999999999999978e-01
2.423833000000000126e+01,1.880000000000000004e-01
2.423999999999999844e+01,1.749999999999999889e-01
2.424166999999999916e+01,1.700000000000000122e-01
2.424333000000000027e+01,1.789999999999999925e-01
2.424500000000000099e+01,1.809999999999999942e-01
2.424667000000000172e+01,1.710000000000000131e-01
2.424832999999999927e+01,1.620000000000000051e-01
2.425000000000000000e+01,1.729999999999999871e-01
2.425167000000000073e+01,1.799999999999999933e-01
2.425332999999999828e+01,1.700000000000000122e-01
2.425499999999999901e+01,1.620000000000000051e-01
2.425666999999999973e+01,1.739999999999999880e-01
2.425833000000000084e+01,1.799999999999999933e-01
2.426000000000000156e+01,1.729999999999999871e-01
2.426166999999999874e+01,1.650000000000000078e-01
2.426332999999999984e+01,1.769999999999999907e-01
2.426500000000000057e+01,1.809999999999999942e-01
2.426667000000000129e+01,1.719999999999999862e-01
2.426832999999999885e+01,1.630000000000000060e-01
2.426999999999999957e+01,1.710000000000000131e-01
2.427167000000000030e+01,1.769999999999999907e-01
2.427333000000000141e+01,1.710000000000000131e-01
2.427499999999999858e+01,1.600000000000000033e-01
2.427666999999999931e+01,1.700000000000000122e-01
2.427833000000000041e+01,1.739999999999999880e-01
2.428000000000000114e+01,1.670000000000000095e-01
2.428166999999999831e+01,1.620000000000000051e-01
2.428332999999999942e+01,1.729999999999999871e-01
2.428500000000000014e+01,1.769999999999999907e-01
2.428667000000000087e+01,1.700000000000000122e-01
2.428832999999999842e+01,1.590000000000000024e-01
2.428999999999999915e+01,1.680000000000000104e-01
2.429166999999999987e+01,1.749999999999999889e-01
2.429333000000000098e+01,1.680000000000000104e-01
2.429500000000000171e+01,1.590000000000000024e-01
2.429666999999999888e+01,1.700000000000000122e-01
2.429832999999999998e+01,1.759999999999999898e-01
2.430000000000000071e+01,1.690000000000000113e-01
2.430167000000000144e+01,1.570000000000000007e-01
2.430332999999999899e+01,1.670000000000000095e-01
2.430499999999999972e+01,1.749999999999999889e-01
2.430667000000000044e+01,1.700000000000000122e-01
2.430833000000000155e+01,1.559999999999999998e-01
2.430999999999999872e+01,1.650000000000000078e-01
2.431166999999999945e+01,1.690000000000000113e-01
2.431333000000000055e+01,1.670000000000000095e-01
2.431500000000000128e+01,1.559999999999999998e-01
2.431666999999999845e+01,1.650000000000000078e-01
2.431832999999999956e+01,1.739999999999999880e-01
2.432000000000000028e+01,1.690000000000000113e-01
2.432167000000000101e+01,1.570000000000000007e-01
2.432332999999999856e+01,1.690000000000000113e-01
2.432499999999999929e+01,1.789999999999999925e-01
2.432667000000000002e+01,1.739999999999999880e-01
2.432833000000000112e+01,1.600000000000000033e-01
2.432999999999999829e+01,1.680000000000000104e-01
2.433166999999999902e+01,1.719999999999999862e-01
2.433333000000000013e+01,1.660000000000000087e-01
2.433500000000000085e+01,1.509999999999999953e-01
2.433667000000000158e+01,1.600000000000000033e-01
2.433832999999999913e+01,1.670000000000000095e-01
2.433999999999999986e+01,1.680000000000000104e-01
2.434167000000000058e+01,1.539999999999999980e-01
2.434333000000000169e+01,1.620000000000000051e-01
2.434499999999999886e+01,1.739999999999999880e-01
2.434666999999999959e+01,1.749999999999999889e-01
2.434833000000000069e+01,1.610000000000000042e-01
2.435000000000000142e+01,1.660000000000000087e-01
2.435166999999999859e+01,1.749999999999999889e-01
2.435332999999999970e+01,1.749999999999999889e-01
2.435500000000000043e+01,1.559999999999999998e-01
2.435667000000000115e+01,1.600000000000000033e-01
2.435832999999999871e+01,1.719999999999999862e-01
2.435999999999999943e+01,1.719999999999999862e-01
2.436167000000000016e+01,1.559999999999999998e-01
2.436333000000000126e+01,1.630000000000000060e-01
2.436499999999999844e+01,1.739999999999999880e-01
2.436666999999999916e+01,1.749999999999999889e-01
2.436833000000000027e+01,1.620000000000000051e-01
2.437000000000000099e+01,1.680000000000000104e-01
2.437167000000000172e+01,1.799999999999999933e-01
2.437332999999999927e+01,1.779999999999999916e-01
2.437500000000000000e+01,1.620000000000000051e-01
2.437667000000000073e+01,1.690000000000000113e-01
2.437832999999999828e+01,1.809999999999999942e-01
2.437999999999999901e+01,1.789999999999999925e-01
2.438166999999999973e+01,1.620000000000000051e-01
2.438333000000000084e+01,1.610000000000000042e-01
2.438500000000000156e+01,1.680000000000000104e-01
2.438666999999999874e+01,1.690000000000000113e-01
2.438832999999999984e+01,1.570000000000000007e-01
2.439000000000000057e+01,1.600000000000000033e-01
2.439167000000000129e+01,1.729999999999999871e-01
2.439332999999999885e+01,1.759999999999999898e-01
2.439499999999999957e+01,1.600000000000000033e-01
2.439667000000000030e+01,1.620000000000000051e-01
2.439833000000000141e+01,1.749999999999999889e-01
2.439999999999999858e+01,1.769999999999999907e-01
2.440166999999999931e+01,1.600000000000000033e-01
2.440333000000000041e+01,1.559999999999999998e-01
2.440500000000000114e+01,1.690000000000000113e-01
2.440666999999999831e+01,1.729999999999999871e-01
2.440832999999999942e+01,1.610000000000000042e-01
2.441000000000000014e+01,1.600000000000000033e-01
2.441167000000000087e+01,1.729999999999999871e-01
2.441332999999999842e+01,1.769999999999999907e-01
2.441499999999999915e+01,1.660000000000000087e-01
2.441666999999999987e+01,1.650000000000000078e-01
2.441833000000000098e+01,1.769999999999999907e-01
2.442000000000000171e+01,1.769999999999999907e-01
2.442166999999999888e+01,1.640000000000000069e-01
2.442332999999999998e+01,1.600000000000000033e-01
2.442500000000000071e+01,1.739999999999999880e-01
2.442667000000000144e+01,1.789999999999999925e-01
2.442832999999999899e+01,1.710000000000000131e-01
2.442999999999999972e+01,1.660000000000000087e-01
2.443167000000000044e+01,1.779999999999999916e-01
2.443333000000000155e+01,1.839999999999999969e-01
2.443499999999999872e+01,1.719999999999999862e-01
2.443666999999999945e+01,1.640000000000000069e-01
2.443833000000000055e+01,1.819999999999999951e-01
2.444000000000000128e+01,1.869999999999999996e-01
2.444166999999999845e+01,1.759999999999999898e-01
2.444332999999999956e+01,1.670000000000000095e-01
2.444500000000000028e+01,1.809999999999999942e-01
2.444667000000000101e+01,1.849999999999999978e-01
2.444832999999999856e+01,1.729999999999999871e-01
2.444999999999999929e+01,1.650000000000000078e-01
2.445167000000000002e+01,1.769999999999999907e-01
2.445333000000000112e+01,1.769999999999999907e-01
2.445499999999999829e+01,1.660000000000000087e-01
2.445666999999999902e+01,1.580000000000000016e-01
2.445833000000000013e+01,1.749999999999999889e-01
2.446000000000000085e+01,1.789999999999999925e-01
2.446167000000000158e+01,1.680000000000000104e-01
2.446332999999999913e+01,1.600000000000000033e-01
2.446499999999999986e+01,1.749999999999999889e-01
2.446667000000000058e+01,1.789999999999999925e-01
2.446833000000000169e+01,1.690000000000000113e-01
2.446999999999999886e+01,1.620000000000000051e-01
2.447166999999999959e+01,1.769999999999999907e-01
2.447333000000000069e+01,1.829999999999999960e-01
2.447500000000000142e+01,1.739999999999999880e-01
2.447666999999999859e+01,1.640000000000000069e-01
2.447832999999999970e+01,1.779999999999999916e-01
2.448000000000000043e+01,1.829999999999999960e-01
2.448167000000000115e+01,1.729999999999999871e-01
2.448332999999999871e+01,1.610000000000000042e-01
2.448499999999999943e+01,1.719999999999999862e-01
2.448667000000000016e+01,1.739999999999999880e-01
2.448833000000000126e+01,1.640000000000000069e-01
2.448999999999999844e+01,1.549999999999999989e-01
2.449166999999999916e+01,1.680000000000000104e-01
2.449333000000000027e+01,1.749999999999999889e-01
2.449500000000000099e+01,1.680000000000000104e-01
2.449667000000000172e+01,1.590000000000000024e-01
2.449832999999999927e+01,1.729999999999999871e-01
2.450000000000000000e+01,1.799999999999999933e-01
2.450167000000000073e+01,1.769999999999999907e-01
2.450332999999999828e+01,1.640000000000000069e-01
2.450499999999999901e+01,1.779999999999999916e-01
2.450666999999999973e+01,1.859999999999999987e-01
2.450833000000000084e+01,1.799999999999999933e-01
2.451000000000000156e+01,1.620000000000000051e-01
2.451166999999999874e+01,1.729999999999999871e-01
2.451332999999999984e+01,1.809999999999999942e-01
2.451500000000000057e+01,1.759999999999999898e-01
2.451667000000000129e+01,1.670000000000000095e-01
2.451832999999999885e+01,1.799999999999999933e-01
2.451999999999999957e+01,1.900000000000000022e-01
2.452167000000000030e+01,1.859999999999999987e-01
2.452333000000000141e+01,1.739999999999999880e-01
2.452499999999999858e+01,1.880000000000000004e-01
2.452666999999999931e+01,1.990000000000000102e-01
2.452833000000000041e+01,1.960000000000000075e-01
2.453000000000000114e+01,1.829999999999999960e-01
2.453166999999999831e+01,1.940000000000000058e-01
2.453332999999999942e+01,2.030000000000000138e-01
2.453500000000000014e+01,1.980000000000000093e-01
2.453667000000000087e+01,1.849999999999999978e-01
2.453832999999999842e+01,1.960000000000000075e-01
2.453999999999999915e+01,2.059999999999999887e-01
2.454166999999999987e+01,2.030000000000000138e-01
2.454333000000000098e+01,1.869999999999999996e-01
2.454500000000000171e+01,1.970000000000000084e-01
2.454666999999999888e+01,2.079999999999999905e-01
2.454832999999999998e+01,2.069999999999999896e-01
2.455000000000000071e+01,1.940000000000000058e-01
2.455167000000000144e+01,2.020000000000000129e-01
2.455332999999999899e+01,2.119999999999999940e-01
2.455499999999999972e+01,2.069999999999999896e-01
2.455667000000000044e+01,1.930000000000000049e-01
2.455833000000000155e+01,2.049999999999999878e-01
2.455999999999999872e+01,2.169999999999999984e-01
2.456166999999999945e+01,2.149999999999999967e-01
2.456333000000000055e+01,2.020000000000000129e-01
2.456500000000000128e+01,2.049999999999999878e-01
2.456666999999999845e+01,2.129999999999999949e-01
2.456832999999999956e+01,2.129999999999999949e-01
2.457000000000000028e+01,2.000000000000000111e-01
2.457167000000000101e+01,2.069999999999999896e-01
2.457332999999999856e+01,2.210000000000000020e-01
2.457499999999999929e+01,2.210000000000000020e-01
2.457667000000000002e+01,2.099999999999999922e-01
2.457833000000000112e+01,2.119999999999999940e-01
2.457999999999999829e+01,2.240000000000000047e-01
2.458166999999999902e+01,2.210000000000000020e-01
2.458333000000000013e+01,2.099999999999999922e-01
2.458500000000000085e+01,2.169999999999999984e-01
2.458667000000000158e+01,2.330000000000000127e-01
2.458832999999999913e+01,2.369999999999999885e-01
2.458999999999999986e+01,2.270000000000000073e-01
2.459167000000000058e+01,2.290000000000000091e-01
2.459333000000000169e+01,2.429999999999999938e-01
2.459499999999999886e+01,2.439999999999999947e-01
2.459666999999999959e+01,2.359999999999999876e-01
2.459833000000000069e+01,2.389999999999999902e-01
2.460000000000000142e+01,2.570000000000000062e-01
2.460166999999999859e+01,2.600000000000000089e-01
2.460332999999999970e+01,2.479999999999999982e-01
2.460500000000000043e+01,2.479999999999999982e-01
2.460667000000000115e+01,2.640000000000000124e-01
2.460832999999999871e+01,2.650000000000000133e-01
2.460999999999999943e+01,2.540000000000000036e-01
2.461167000000000016e+01,2.530000000000000027e-01
2.461333000000000126e+01,2.710000000000000187e-01
2.461499999999999844e+01,2.760000000000000231e-01
2.461666999999999916e+01,2.640000000000000124e-01
2.461833000000000027e+01,2.630000000000000115e-01
2.462000000000000099e+01,2.800000000000000266e-01
2.462167000000000172e+01,2.839999999999999747e-01
2.462332999999999927e+01,2.740000000000000213e-01
2.462500000000000000e+01,2.740000000000000213e-01
2.462667000000000073e+01,2.869999999999999774e-01
2.462832999999999828e+01,2.919999999999999818e-01
2.462999999999999901e+01,2.849999999999999756e-01
2.463166999999999973e+01,2.810000000000000275e-01
2.463333000000000084e+01,2.929999999999999827e-01
2.463500000000000156e+01,2.939999999999999836e-01
2.463666999999999874e+01,2.849999999999999756e-01
2.463832999999999984e+01,2.849999999999999756e-01
2.464000000000000057e+01,3.039999999999999925e-01
2.464167000000000129e+01,3.099999999999999978e-01
2.464332999999999885e+01,2.999999999999999889e-01
2.464499999999999957e+01,2.969999999999999862e-01
2.464667000000000030e+01,3.140000000000000013e-01
2.464833000000000141e+01,3.200000000000000067e-01
2.464999999999999858e+01,3.150000000000000022e-01
2.465166999999999931e+01,3.109999999999999987e-01
2.465333000000000041e+01,3.290000000000000147e-01
2.465500000000000114e+01,3.350000000000000200e-01
2.465666999999999831e+01,3.280000000000000138e-01
2.465832999999999942e+01,3.220000000000000084e-01
2.466000000000000014e+01,3.420000000000000262e-01
2.466167000000000087e+01,3.489999999999999769e-01
2.466332999999999842e+01,3.420000000000000262e-01
2.466499999999999915e+01,3.360000000000000209e-01
2.466666999999999987e+01,3.499999999999999778e-01
2.466833000000000098e+01,3.549999999999999822e-01
2.467000000000000171e+01,3.499999999999999778e-01
2.467166999999999888e+01,3.449999999999999734e-01
2.467332999999999998e+01,3.599999999999999867e-01
2.467500000000000071e+01,3.669999999999999929e-01
2.467667000000000144e+01,3.649999999999999911e-01
2.467832999999999899e+01,3.619999999999999885e-01
2.467999999999999972e+01,3.810000000000000053e-01
2.468167000000000044e+01,3.850000000000000089e-01
2.468333000000000155e+01,3.780000000000000027e-01
2.468499999999999872e+01,3.719999999999999973e-01
2.468666999999999945e+01,3.920000000000000151e-01
2.468833000000000055e+01,3.990000000000000213e-01
2.469000000000000128e+01,3.930000000000000160e-01
2.469166999999999845e+01,3.850000000000000089e-01
2.469332999999999956e+01,3.970000000000000195e-01
2.469500000000000028e+01,4.060000000000000275e-01
2.469667000000000101e+01,4.020000000000000240e-01
2.469832999999999856e+01,3.960000000000000187e-01
2.469999999999999929e+01,4.109999999999999765e-01
2.470167000000000002e+01,4.219999999999999862e-01
2.470333000000000112e+01,4.189999999999999836e-01
2.470499999999999829e+01,4.099999999999999756e-01
2.470666999999999902e+01,4.259999999999999898e-01
2.470833000000000013e+01,4.349999999999999978e-01
2.471000000000000085e+01,4.339999999999999969e-01
2.471167000000000158e+01,4.279999999999999916e-01
2.471332999999999913e+01,4.440000000000000058e-01
2.471499999999999986e+01,4.540000000000000147e-01
2.471667000000000058e+01,4.520000000000000129e-01
2.471833000000000169e+01,4.410000000000000031e-01
2.471999999999999886e+01,4.550000000000000155e-01
2.472166999999999959e+01,4.660000000000000253e-01
2.472333000000000069e+01,4.630000000000000226e-01
2.472500000000000142e+01,4.530000000000000138e-01
2.472666999999999859e+01,4.670000000000000262e-01
2.472832999999999970e+01,4.779999999999999805e-01
2.473000000000000043e+01,4.759999999999999787e-01
2.473167000000000115e+01,4.650000000000000244e-01
2.473332999999999871e+01,4.789999999999999813e-01
2.473499999999999943e+01,4.929999999999999938e-01
2.473667000000000016e+01,4.929999999999999938e-01
2.473833000000000126e+01,4.869999999999999885e-01
2.473999999999999844e+01,5.000000000000000000e-01
2.474166999999999916e+01,5.130000000000000115e-01
2.474333000000000027e+01,5.100000000000000089e-01
2.474500000000000099e+01,4.979999999999999982e-01
2.474667000000000172e+01,5.090000000000000080e-01
2.474832999999999927e+01,5.220000000000000195e-01
2.475000000000000000e+01,5.190000000000000169e-01
2.475167000000000073e+01,5.120000000000000107e-01
2.475332999999999828e+01,5.220000000000000195e-01
2.475499999999999901e+01,5.350000000000000311e-01
2.475666999999999973e+01,5.350000000000000311e-01
2.475833000000000084e+01,5.300000000000000266e-01
2.476000000000000156e+01,5.370000000000000329e-01
2.476166999999999874e+01,5.490000000000000435e-01
2.476332999999999984e+01,5.490000000000000435e-01
2.476500000000000057e+01,5.400000000000000355e-01
2.476667000000000129e+01,5.460000000000000409e-01
2.476832999999999885e+01,5.610000000000000542e-01
2.476999999999999957e+01,5.620000000000000551e-01
2.477167000000000030e+01,5.510000000000000453e-01
2.477333000000000141e+01,5.580000000000000515e-01
2.477499999999999858e+01,5.749999999999999556e-01
2.477666999999999931e+01,5.789999999999999591e-01
2.477833000000000041e+01,5.729999999999999538e-01
2.478000000000000114e+01,5.809999999999999609e-01
2.478166999999999831e+01,5.989999999999999769e-01
2.478332999999999942e+01,6.009999999999999787e-01
2.478500000000000014e+01,5.909999999999999698e-01
2.478667000000000087e+01,5.959999999999999742e-01
2.478832999999999842e+01,6.109999999999999876e-01
2.478999999999999915e+01,6.139999999999999902e-01
2.479166999999999987e+01,6.059999999999999831e-01
2.479333000000000098e+01,6.139999999999999902e-01
2.479500000000000171e+01,6.300000000000000044e-01
2.479666999999999888e+01,6.310000000000000053e-01
2.479832999999999998e+01,6.239999999999999991e-01
2.480000000000000071e+01,6.290000000000000036e-01
2.480167000000000144e+01,6.450000000000000178e-01
2.480332999999999899e+01,6.470000000000000195e-01
2.480499999999999972e+01,6.370000000000000107e-01
2.480667000000000044e+01,6.410000000000000142e-01
2.480833000000000155e+01,6.560000000000000275e-01
2.480999999999999872e+01,6.590000000000000302e-01
2.481166999999999945e+01,6.500000000000000222e-01
2.481333000000000055e+01,6.570000000000000284e-01
2.481500000000000128e+01,6.760000000000000453e-01
2.481666999999999845e+01,6.790000000000000480e-01
2.481832999999999956e+01,6.730000000000000426e-01
2.482000000000000028e+01,6.740000000000000435e-01
2.482167000000000101e+01,6.919999999999999485e-01
2.482332999999999856e+01,6.969999999999999529e-01
2.482499999999999929e+01,6.889999999999999458e-01
2.482667000000000002e+01,6.870000000000000551e-01
2.482833000000000112e+01,7.029999999999999583e-01
2.482999999999999829e+01,7.109999999999999654e-01
2.483166999999999902e+01,7.069999999999999618e-01
2.483333000000000013e+01,7.089999999999999636e-01
2.483500000000000085e+01,7.259999999999999787e-01
2.483667000000000158e+01,7.299999999999999822e-01
2.483832999999999913e+01,7.189999999999999725e-01
2.483999999999999986e+01,7.199999999999999734e-01
2.484167000000000058e+01,7.339999999999999858e-01
2.484333000000000169e+01,7.389999999999999902e-01
2.484499999999999886e+01,7.309999999999999831e-01
2.484666999999999959e+01,7.299999999999999822e-01
2.484833000000000069e+01,7.479999999999999982e-01
2.485000000000000142e+01,7.540000000000000036e-01
2.485166999999999859e+01,7.449999999999999956e-01
2.485332999999999970e+01,7.409999999999999920e-01
2.485500000000000043e+01,7.570000000000000062e-01
2.485667000000000115e+01,7.620000000000000107e-01
2.485832999999999871e+01,7.560000000000000053e-01
2.485999999999999943e+01,7.540000000000000036e-01
2.486167000000000016e+01,7.700000000000000178e-01
2.486333000000000126e+01,7.780000000000000249e-01
2.486499999999999844e+01,7.700000000000000178e-01
2.486666999999999916e+01,7.660000000000000142e-01
2.486833000000000027e+01,7.780000000000000249e-01
2.487000000000000099e+01,7.810000000000000275e-01
2.487167000000000172e+01,7.740000000000000213e-01
2.487332999999999927e+01,7.710000000000000187e-01
2.487500000000000000e+01,7.890000000000000346e-01
2.487667000000000073e+01,7.950000000000000400e-01
2.487832999999999828e+01,7.880000000000000338e-01
2.487999999999999901e+01,7.860000000000000320e-01
2.488166999999999973e+01,8.010000000000000453e-01
2.488333000000000084e+01,8.070000000000000506e-01
2.488500000000000156e+01,8.020000000000000462e-01
2.488666999999999874e+01,7.970000000000000417e-01
2.488832999999999984e+01,8.129999999999999449e-01
2.489000000000000057e+01,8.209999999999999520e-01
2.489167000000000129e+01,8.149999999999999467e-01
2.489332999999999885e+01,8.100000000000000533e-01
2.489499999999999957e+01,8.229999999999999538e-01
2.489667000000000030e+01,8.309999999999999609e-01
2.489833000000000141e+01,8.239999999999999547e-01
2.489999999999999858e+01,8.169999999999999485e-01
2.490166999999999931e+01,8.299999999999999600e-01
2.490333000000000041e+01,8.349999999999999645e-01
2.490500000000000114e+01,8.279999999999999583e-01
2.490666999999999831e+01,8.189999999999999503e-01
2.490832999999999942e+01,8.339999999999999636e-01
2.491000000000000014e+01,8.439999999999999725e-01
2.491167000000000087e+01,8.369999999999999662e-01
2.491332999999999842e+01,8.269999999999999574e-01
2.491499999999999915e+01,8.369999999999999662e-01
2.491666999999999987e+01,8.469999999999999751e-01
2.491833000000000098e+01,8.429999999999999716e-01
2.492000000000000171e+01,8.339999999999999636e-01
2.492166999999999888e+01,8.469999999999999751e-01
2.492332999999999998e+01,8.589999999999999858e-01
2.492500000000000071e+01,8.549999999999999822e-01
2.492667000000000144e+01,8.479999999999999760e-01
2.492832999999999899e+01,8.589999999999999858e-01
2.492999999999999972e+01,8.649999999999999911e-01
2.493167000000000044e+01,8.589999999999999858e-01
2.493333000000000155e+01,8.469999999999999751e-01
2.493499999999999872e+01,8.579999999999999849e-01
2.493666999999999945e+01,8.669999999999999929e-01
2.493833000000000055e+01,8.639999999999999902e-01
2.494000000000000128e+01,8.539999999999999813e-01
2.494166999999999845e+01,8.659999999999999920e-01
2.494332999999999956e+01,8.760000000000000009e-01
2.494500000000000028e+01,8.719999999999999973e-01
2.494667000000000101e+01,8.639999999999999902e-01
2.494832999999999856e+01,8.729999999999999982e-01
2.494999999999999929e+01,8.830000000000000071e-01
2.495167000000000002e+01,8.770000000000000018e-01
2.495333000000000112e+01,8.649999999999999911e-01
2.495499999999999829e+01,8.739999999999999991e-01
2.495666999999999902e+01,8.810000000000000053e-01
2.495833000000000013e+01,8.729999999999999982e-01
2.496000000000000085e+01,8.619999999999999885e-01
2.496167000000000158e+01,8.729999999999999982e-01
2.496332999999999913e+01,8.820000000000000062e-01
2.496499999999999986e+01,8.760000000000000009e-01
2.496667000000000058e+01,8.629999999999999893e-01
2.496833000000000169e+01,8.699999999999999956e-01
2.496999999999999886e+01,8.800000000000000044e-01
2.497166999999999959e+01,8.770000000000000018e-01
2.497333000000000069e+01,8.629999999999999893e-01
2.497500000000000142e+01,8.679999999999999938e-01
2.497666999999999859e+01,8.790000000000000036e-01
2.497832999999999970e+01,8.760000000000000009e-01
2.498000000000000043e+01,8.639999999999999902e-01
2.498167000000000115e+01,8.679999999999999938e-01
2.498332999999999871e+01,8.770000000000000018e-01
2.498499999999999943e+01,8.750000000000000000e-01
2.498667000000000016e+01,8.629999999999999893e-01
2.498833000000000126e+01,8.679999999999999938e-01
2.498999999999999844e+01,8.780000000000000027e-01
2.499166999999999916e+01,8.750000000000000000e-01
2.499333000000000027e+01,8.599999999999999867e-01
2.499500000000000099e+01,8.639999999999999902e-01
2.499667000000000172e+01,8.729999999999999982e-01
2.499832999999999927e+01,8.709999999999999964e-01
2.500000000000000000e+01,8.589999999999999858e-01
2.500167000000000073e+01,8.659999999999999920e-01
2.500332999999999828e+01,8.770000000000000018e-01
2.500499999999999901e+01,8.760000000000000009e-01
2.500666999999999973e+01,8.619999999999999885e-01
2.500833000000000084e+01,8.639999999999999902e-01
2.501000000000000156e+01,8.739999999999999991e-01
2.501166999999999874e+01,8.739999999999999991e-01
2.501332999999999984e+01,8.629999999999999893e-01
2.501500000000000057e+01,8.649999999999999911e-01
2.501667000000000129e+01,8.750000000000000000e-01
2.501832999999999885e+01,8.750000000000000000e-01
2.501999999999999957e+01,8.629999999999999893e-01
2.502167000000000030e+01,8.649999999999999911e-01
2.502333000000000141e+01,8.760000000000000009e-01
2.502499999999999858e+01,8.729999999999999982e-01
2.502666999999999931e+01,8.559999999999999831e-01
2.502833000000000041e+01,8.539999999999999813e-01
2.503000000000000114e+01,8.639999999999999902e-01
2.503166999999999831e+01,8.619999999999999885e-01
2.503332999999999942e+01,8.449999999999999734e-01
2.503500000000000014e+01,8.429999999999999716e-01
2.503667000000000087e+01,8.539999999999999813e-01
2.503832999999999842e+01,8.539999999999999813e-01
2.503999999999999915e+01,8.409999999999999698e-01
2.504166999999999987e+01,8.419999999999999707e-01
2.504333000000000098e+01,8.549999999999999822e-01
2.504500000000000171e+01,8.529999999999999805e-01
2.504666999999999888e+01,8.389999999999999680e-01
2.504832999999999998e+01,8.339999999999999636e-01
2.505000000000000071e+01,8.409999999999999698e-01
2.505167000000000144e+01,8.439999999999999725e-01
2.505332999999999899e+01,8.319999999999999618e-01
2.505499999999999972e+01,8.289999999999999591e-01
2.505667000000000044e+01,8.389999999999999680e-01
2.505833000000000155e+01,8.379999999999999671e-01
2.505999999999999872e+01,8.259999999999999565e-01
2.506166999999999945e+01,8.269999999999999574e-01
2.506333000000000055e+01,8.409999999999999698e-01
2.506500000000000128e+01,8.389999999999999680e-01
2.506666999999999845e+01,8.239999999999999547e-01
2.506832999999999956e+01,8.189999999999999503e-01
2.507000000000000028e+01,8.279999999999999583e-01
2.507167000000000101e+01,8.309999999999999609e-01
2.507332999999999856e+01,8.189999999999999503e-01
2.507499999999999929e+01,8.129999999999999449e-01
2.507667000000000002e+01,8.239999999999999547e-01
2.507833000000000112e+01,8.269999999999999574e-01
2.507999999999999829e+01,8.149999999999999467e-01
2.508166999999999902e+01,8.100000000000000533e-01
2.508333000000000013e+01,8.229999999999999538e-01
2.508500000000000085e+01,8.219999999999999529e-01
2.508667000000000158e+01,8.050000000000000488e-01
2.508832999999999913e+01,7.960000000000000409e-01
2.508999999999999986e+01,8.040000000000000480e-01
2.509167000000000058e+01,8.070000000000000506e-01
2.509333000000000169e+01,7.960000000000000409e-01
2.509499999999999886e+01,7.820000000000000284e-01
2.509666999999999959e+01,7.920000000000000373e-01
2.509833000000000069e+01,7.920000000000000373e-01
2.510000000000000142e+01,7.790000000000000258e-01
2.510166999999999859e+01,7.680000000000000160e-01
2.510332999999999970e+01,7.780000000000000249e-01
2.510500000000000043e+01,7.790000000000000258e-01
2.510667000000000115e+01,7.670000000000000151e-01
2.510832999999999871e+01,7.550000000000000044e-01
2.510999999999999943e+01,7.640000000000000124e-01
2.511167000000000016e+01,7.690000000000000169e-01
2.511333000000000126e+01,7.600000000000000089e-01
2.511499999999999844e+01,7.510000000000000009e-01
2.511666999999999916e+01,7.610000000000000098e-01
2.511833000000000027e+01,7.680000000000000160e-01
2.512000000000000099e+01,7.580000000000000071e-01
2.512167000000000172e+01,7.449999999999999956e-01
2.512332999999999927e+01,7.540000000000000036e-01
2.512500000000000000e+01,7.600000000000000089e-01
2.512667000000000073e+01,7.500000000000000000e-01
2.512832999999999828e+01,7.409999999999999920e-01
2.512999999999999901e+01,7.479999999999999982e-01
2.513166999999999973e+01,7.520000000000000018e-01
2.513333000000000084e+01,7.409999999999999920e-01
2.513500000000000156e+01,7.269999999999999796e-01
2.513666999999999874e+01,7.369999999999999885e-01
2.513832999999999984e+01,7.409999999999999920e-01
2.514000000000000057e+01,7.289999999999999813e-01
2.514167000000000129e+01,7.169999999999999707e-01
2.514332999999999885e+01,7.259999999999999787e-01
2.514499999999999957e+01,7.289999999999999813e-01
2.514667000000000030e+01,7.199999999999999734e-01
2.514833000000000141e+01,7.059999999999999609e-01
2.514999999999999858e+01,7.149999999999999689e-01
2.515166999999999931e+01,7.189999999999999725e-01
2.515333000000000041e+01,7.079999999999999627e-01
2.515500000000000114e+01,6.939999999999999503e-01
2.515666999999999831e+01,7.029999999999999583e-01
2.515832999999999942e+01,7.079999999999999627e-01
2.516000000000000014e+01,7.009999999999999565e-01
2.516167000000000087e+01,6.879999999999999449e-01
2.516332999999999842e+01,6.939999999999999503e-01
2.516499999999999915e+01,7.019999999999999574e-01
2.516666999999999987e+01,6.929999999999999494e-01
2.516833000000000098e+01,6.750000000000000444e-01
2.517000000000000171e+01,6.840000000000000524e-01
2.517166999999999888e+01,6.909999999999999476e-01
2.517332999999999998e+01,6.830000000000000515e-01
2.517500000000000071e+01,6.660000000000000364e-01
2.517667000000000144e+01,6.740000000000000435e-01
2.517832999999999899e+01,6.810000000000000497e-01
2.517999999999999972e+01,6.740000000000000435e-01
2.518167000000000044e+01,6.550000000000000266e-01
2.518333000000000155e+01,6.580000000000000293e-01
2.518499999999999872e+01,6.650000000000000355e-01
2.518666999999999945e+01,6.620000000000000329e-01
2.518833000000000055e+01,6.470000000000000195e-01
2.519000000000000128e+01,6.530000000000000249e-01
2.519166999999999845e+01,6.590000000000000302e-01
2.519332999999999956e+01,6.520000000000000240e-01
2.519500000000000028e+01,6.370000000000000107e-01
2.519667000000000101e+01,6.410000000000000142e-01
2.519832999999999856e+01,6.500000000000000222e-01
2.519999999999999929e+01,6.450000000000000178e-01
2.520167000000000002e+01,6.300000000000000044e-01
2.520333000000000112e+01,6.320000000000000062e-01
2.520499999999999829e+01,6.360000000000000098e-01
2.520666999999999902e+01,6.320000000000000062e-01
2.520833000000000013e+01,6.159999999999999920e-01
2.521000000000000085e+01,6.209999999999999964e-01
2.521167000000000158e+01,6.290000000000000036e-01
2.521332999999999913e+01,6.250000000000000000e-01
2.521499999999999986e+01,6.089999999999999858e-01
2.521667000000000058e+01,6.089999999999999858e-01
2.521833000000000169e+01,6.169999999999999929e-01
2.521999999999999886e+01,6.149999999999999911e-01
2.522166999999999959e+01,5.959999999999999742e-01
2.522333000000000069e+01,5.989999999999999769e-01
2.522500000000000142e+01,6.099999999999999867e-01
2.522666999999999859e+01,6.119999999999999885e-01
2.522832999999999970e+01,5.959999999999999742e-01
2.523000000000000043e+01,5.959999999999999742e-01
2.523167000000000115e+01,6.029999999999999805e-01
2.523332999999999871e+01,5.979999999999999760e-01
2.523499999999999943e+01,5.789999999999999591e-01
2.523667000000000016e+01,5.779999999999999583e-01
2.523833000000000126e+01,5.869999999999999662e-01
2.523999999999999844e+01,5.849999999999999645e-01
2.524166999999999916e+01,5.709999999999999520e-01
2.524333000000000027e+01,5.669999999999999485e-01
2.524500000000000099e+01,5.729999999999999538e-01
2.524667000000000172e+01,5.719999999999999529e-01
2.524832999999999927e+01,5.580000000000000515e-01
2.525000000000000000e+01,5.560000000000000497e-01
2.525167000000000073e+01,5.649999999999999467e-01
2.525332999999999828e+01,5.620000000000000551e-01
2.525499999999999901e+01,5.470000000000000417e-01
2.525666999999999973e+01,5.460000000000000409e-01
2.525833000000000084e+01,5.570000000000000506e-01
2.526000000000000156e+01,5.570000000000000506e-01
2.526166999999999874e+01,5.390000000000000346e-01
2.526332999999999984e+01,5.320000000000000284e-01
2.526500000000000057e+01,5.410000000000000364e-01
2.526667000000000129e+01,5.410000000000000364e-01
2.526832999999999885e+01,5.290000000000000258e-01
2.526999999999999957e+01,5.230000000000000204e-01
2.527167000000000030e+01,5.340000000000000302e-01
2.527333000000000141e+01,5.340000000000000302e-01
2.527499999999999858e+01,5.190000000000000169e-01
2.527666999999999931e+01,5.130000000000000115e-01
2.527833000000000041e+01,5.280000000000000249e-01
2.528000000000000114e+01,5.290000000000000258e-01
2.528166999999999831e+01,5.170000000000000151e-01
2.528332999999999942e+01,5.080000000000000071e-01
2.528500000000000014e+01,5.180000000000000160e-01
2.528667000000000087e+01,5.150000000000000133e-01
2.528832999999999842e+01,5.010000000000000009e-01
2.528999999999999915e+01,4.939999999999999947e-01
2.529166999999999987e+01,5.050000000000000044e-01
2.529333000000000098e+01,5.050000000000000044e-01
2.529500000000000171e+01,4.939999999999999947e-01
2.529666999999999888e+01,4.849999999999999867e-01
2.529832999999999998e+01,4.969999999999999973e-01
2.530000000000000071e+01,4.949999999999999956e-01
2.530167000000000144e+01,4.819999999999999840e-01
2.530332999999999899e+01,4.709999999999999742e-01
2.530499999999999972e+01,4.849999999999999867e-01
2.530667000000000044e+01,4.869999999999999885e-01
2.530833000000000155e+01,4.779999999999999805e-01
2.530999999999999872e+01,4.670000000000000262e-01
2.531166999999999945e+01,4.779999999999999805e-01
2.531333000000000055e+01,4.799999999999999822e-01
2.531500000000000128e+01,4.689999999999999725e-01
2.531666999999999845e+01,4.560000000000000164e-01
2.531832999999999956e+01,4.670000000000000262e-01
2.532000000000000028e+01,4.660000000000000253e-01
2.532167000000000101e+01,4.530000000000000138e-01
2.532332999999999856e+01,4.390000000000000013e-01
2.532499999999999929e+01,4.500000000000000111e-01
2.532667000000000002e+01,4.530000000000000138e-01
2.532833000000000112e+01,4.450000000000000067e-01
2.532999999999999829e+01,4.339999999999999969e-01
2.533166999999999902e+01,4.460000000000000075e-01
2.533333000000000013e+01,4.500000000000000111e-01
2.533500000000000085e+01,4.420000000000000040e-01
2.533667000000000158e+01,4.279999999999999916e-01
2.533832999999999913e+01,4.329999999999999960e-01
2.533999999999999986e+01,4.339999999999999969e-01
2.534167000000000058e+01,4.279999999999999916e-01
2.534333000000000169e+01,4.159999999999999809e-01
2.534499999999999886e+01,4.259999999999999898e-01
2.534666999999999959e+01,4.289999999999999925e-01
2.534833000000000069e+01,4.169999999999999818e-01
2.535000000000000142e+01,4.010000000000000231e-01
2.535166999999999859e+01,4.119999999999999774e-01
2.535332999999999970e+01,4.179999999999999827e-01
2.535500000000000043e+01,4.089999999999999747e-01
2.535667000000000115e+01,3.980000000000000204e-01
2.535832999999999871e+01,4.089999999999999747e-01
2.535999999999999943e+01,4.129999999999999782e-01
2.536167000000000016e+01,4.050000000000000266e-01
2.536333000000000126e+01,3.890000000000000124e-01
2.536499999999999844e+01,3.950000000000000178e-01
2.536666999999999916e+01,4.040000000000000258e-01
2.536833000000000027e+01,4.000000000000000222e-01
2.537000000000000099e+01,3.850000000000000089e-01
2.537167000000000172e+01,3.930000000000000160e-01
2.537332999999999927e+01,4.030000000000000249e-01
2.537500000000000000e+01,3.970000000000000195e-01
2.537667000000000073e+01,3.820000000000000062e-01
2.537832999999999828e+01,3.890000000000000124e-01
2.537999999999999901e+01,3.960000000000000187e-01
2.538166999999999973e+01,3.890000000000000124e-01
2.538333000000000084e+01,3.719999999999999973e-01
2.538500000000000156e+01,3.800000000000000044e-01
2.538666999999999874e+01,3.870000000000000107e-01
2.538832999999999984e+01,3.830000000000000071e-01
2.539000000000000057e+01,3.679999999999999938e-01
2.539167000000000129e+01,3.739999999999999991e-01
2.539332999999999885e+01,3.820000000000000062e-01
2.539499999999999957e+01,3.750000000000000000e-01
2.539667000000000030e+01,3.589999999999999858e-01
2.539833000000000141e+01,3.629999999999999893e-01
2.539999999999999858e+01,3.760000000000000009e-01
2.540166999999999931e+01,3.729999999999999982e-01
2.540333000000000041e+01,3.589999999999999858e-01
2.540500000000000114e+01,3.589999999999999858e-01
2.540666999999999831e+01,3.709999999999999964e-01
2.540832999999999942e+01,3.689999999999999947e-01
2.541000000000000014e+01,3.549999999999999822e-01
2.541167000000000087e+01,3.569999999999999840e-01
2.541332999999999842e+01,3.649999999999999911e-01
2.541499999999999915e+01,3.629999999999999893e-01
2.541666999999999987e+01,3.459999999999999742e-01
2.541833000000000098e+01,3.479999999999999760e-01
2.542000000000000171e+01,3.589999999999999858e-01
2.542166999999999888e+01,3.539999999999999813e-01
2.542332999999999998e+01,3.390000000000000235e-01
2.542500000000000071e+01,3.370000000000000218e-01
2.542667000000000144e+01,3.449999999999999734e-01
2.542832999999999899e+01,3.430000000000000271e-01
2.542999999999999972e+01,3.300000000000000155e-01
2.543167000000000044e+01,3.260000000000000120e-01
2.543333000000000155e+01,3.380000000000000226e-01
2.543499999999999872e+01,3.400000000000000244e-01
2.543666999999999945e+01,3.280000000000000138e-01
2.543833000000000055e+01,3.220000000000000084e-01
2.544000000000000128e+01,3.320000000000000173e-01
2.544166999999999845e+01,3.340000000000000191e-01
2.544332999999999956e+01,3.230000000000000093e-01
2.544500000000000028e+01,3.200000000000000067e-01
2.544667000000000101e+01,3.340000000000000191e-01
2.544832999999999856e+01,3.320000000000000173e-01
2.544999999999999929e+01,3.170000000000000040e-01
2.545167000000000002e+01,3.079999999999999960e-01
2.545333000000000112e+01,3.200000000000000067e-01
2.545499999999999829e+01,3.250000000000000111e-01
2.545666999999999902e+01,3.140000000000000013e-01
2.545833000000000013e+01,3.079999999999999960e-01
2.546000000000000085e+01,3.190000000000000058e-01
2.546167000000000158e+01,3.160000000000000031e-01
2.546332999999999913e+01,3.009999999999999898e-01
2.546499999999999986e+01,2.919999999999999818e-01
2.546667000000000058e+01,2.999999999999999889e-01
2.546833000000000169e+01,2.999999999999999889e-01
2.546999999999999886e+01,2.929999999999999827e-01
2.547166999999999959e+01,2.889999999999999791e-01
2.547333000000000069e+01,3.029999999999999916e-01
2.547500000000000142e+01,3.039999999999999925e-01
2.547666999999999859e+01,2.919999999999999818e-01
2.547832999999999970e+01,2.790000000000000258e-01
2.548000000000000043e+01,2.889999999999999791e-01
2.548167000000000115e+01,2.899999999999999800e-01
2.548332999999999871e+01,2.810000000000000275e-01
2.548499999999999943e+01,2.730000000000000204e-01
2.548667000000000016e+01,2.879999999999999782e-01
2.548833000000000126e+01,2.919999999999999818e-01
2.548999999999999844e+01,2.829999999999999738e-01
2.549166999999999916e+01,2.730000000000000204e-01
2.549333000000000027e+01,2.849999999999999756e-01
2.549500000000000099e+01,2.879999999999999782e-01
2.549667000000000172e+01,2.790000000000000258e-01
2.549832999999999927e+01,2.680000000000000160e-01
2.550000000000000000e+01,2.810000000000000275e-01
2.550167000000000073e+01,2.849999999999999756e-01
2.550332999999999828e+01,2.770000000000000240e-01
2.550499999999999901e+01,2.660000000000000142e-01
2.550666999999999973e+01,2.740000000000000213e-01
2.550833000000000084e+01,2.770000000000000240e-01
2.551000000000000156e+01,2.650000000000000133e-01
2.551166999999999874e+01,2.550000000000000044e-01
2.551332999999999984e+01,2.690000000000000169e-01
2.551500000000000057e+01,2.740000000000000213e-01
2.551667000000000129e+01,2.630000000000000115e-01
2.551832999999999885e+01,2.489999999999999991e-01
2.551999999999999957e+01,2.640000000000000124e-01
2.552167000000000030e+01,2.700000000000000178e-01
2.552333000000000141e+01,2.590000000000000080e-01
2.552499999999999858e+01,2.449999999999999956e-01
2.552666999999999931e+01,2.560000000000000053e-01
2.552833000000000041e+01,2.640000000000000124e-01
2.553000000000000114e+01,2.610000000000000098e-01
2.553166999999999831e+01,2.459999999999999964e-01
2.553332999999999942e+01,2.510000000000000009e-01
2.553500000000000014e+01,2.540000000000000036e-01
2.553667000000000087e+01,2.459999999999999964e-01
2.553832999999999842e+01,2.310000000000000109e-01
2.553999999999999915e+01,2.409999999999999920e-01
2.554166999999999987e+01,2.459999999999999964e-01
2.554333000000000098e+01,2.399999999999999911e-01
2.554500000000000171e+01,2.250000000000000056e-01
2.554666999999999888e+01,2.359999999999999876e-01
2.554832999999999998e+01,2.479999999999999982e-01
2.555000000000000071e+01,2.439999999999999947e-01
2.555167000000000144e+01,2.290000000000000091e-01
2.555332999999999899e+01,2.389999999999999902e-01
2.555499999999999972e+01,2.479999999999999982e-01
2.555667000000000044e+01,2.439999999999999947e-01
2.555833000000000155e+01,2.280000000000000082e-01
2.555999999999999872e+01,2.359999999999999876e-01
2.556166999999999945e+01,2.399999999999999911e-01
2.556333000000000055e+01,2.340000000000000135e-01
2.556500000000000128e+01,2.169999999999999984e-01
2.556666999999999845e+01,2.220000000000000029e-01
2.556832999999999956e+01,2.300000000000000100e-01
2.557000000000000028e+01,2.230000000000000038e-01
2.557167000000000101e+01,2.109999999999999931e-01
2.557332999999999856e+01,2.179999999999999993e-01
2.557499999999999929e+01,2.270000000000000073e-01
2.557667000000000002e+01,2.230000000000000038e-01
2.557833000000000112e+01,2.099999999999999922e-01
2.557999999999999829e+01,2.159999999999999976e-01
2.558166999999999902e+01,2.280000000000000082e-01
2.558333000000000013e+01,2.230000000000000038e-01
2.558500000000000085e+01,2.069999999999999896e-01
2.558667000000000158e+01,2.119999999999999940e-01
2.558832999999999913e+01,2.210000000000000020e-01
2.558999999999999986e+01,2.190000000000000002e-01
2.559167000000000058e+01,2.059999999999999887e-01
2.559333000000000169e+01,2.099999999999999922e-01
2.559499999999999886e+01,2.230000000000000038e-01
2.559666999999999959e+01,2.230000000000000038e-01
2.559833000000000069e+01,2.109999999999999931e-01
2.560000000000000142e+01,2.129999999999999949e-01
2.560166999999999859e+01,2.250000000000000056e-01
2.560332999999999970e+01,2.230000000000000038e-01
2.560500000000000043e+01,2.089999999999999913e-01
2.560667000000000115e+01,2.089999999999999913e-01
2.560832999999999871e+01,2.210000000000000020e-01
2.560999999999999943e+01,2.169999999999999984e-01
2.561167000000000016e+01,2.020000000000000129e-01
2.561333000000000126e+01,2.010000000000000120e-01
2.561499999999999844e+01,2.179999999999999993e-01
2.561666999999999916e+01,2.179999999999999993e-01
2.561833000000000027e+01,2.039999999999999869e-01
2.562000000000000099e+01,2.030000000000000138e-01
2.562167000000000172e+01,2.159999999999999976e-01
2.562332999999999927e+01,2.169999999999999984e-01
2.562500000000000000e+01,2.059999999999999887e-01
2.562667000000000073e+01,2.020000000000000129e-01
2.562832999999999828e+01,2.109999999999999931e-01
2.562999999999999901e+01,2.079999999999999905e-01
2.563166999999999973e+01,1.950000000000000067e-01
2.563333000000000084e+01,1.930000000000000049e-01
2.563500000000000156e+01,2.069999999999999896e-01
2.563666999999999874e+01,2.069999999999999896e-01
2.563832999999999984e+01,1.960000000000000075e-01
2.564000000000000057e+01,1.920000000000000040e-01
2.564167000000000129e+01,2.020000000000000129e-01
2.564332999999999885e+01,1.970000000000000084e-01
2.564499999999999957e+01,1.819999999999999951e-01
2.564667000000000030e+01,1.749999999999999889e-01
2.564833000000000141e+01,1.869999999999999996e-01
2.564999999999999858e+01,1.900000000000000022e-01
2.565166999999999931e+01,1.819999999999999951e-01
2.565333000000000041e+01,1.779999999999999916e-01
2.565500000000000114e+01,1.930000000000000049e-01
2.565666999999999831e+01,1.930000000000000049e-01
2.565832999999999942e+01,1.819999999999999951e-01
2.566000000000000014e+01,1.759999999999999898e-01
2.566167000000000087e+01,1.900000000000000022e-01
2.566332999999999842e+01,1.930000000000000049e-01
2.566499999999999915e+01,1.819999999999999951e-01
2.566666999999999987e+01,1.749999999999999889e-01
2.566833000000000098e+01,1.859999999999999987e-01
2.567000000000000171e+01,1.890000000000000013e-01
2.567166999999999888e+01,1.779999999999999916e-01
2.567332999999999998e+01,1.690000000000000113e-01
2.567500000000000071e+01,1.839999999999999969e-01
2.567667000000000144e+01,1.859999999999999987e-01
2.567832999999999899e+01,1.759999999999999898e-01
2.567999999999999972e+01,1.660000000000000087e-01
2.568167000000000044e+01,1.779999999999999916e-01
2.568333000000000155e+01,1.809999999999999942e-01
2.568499999999999872e+01,1.739999999999999880e-01
2.568666999999999945e+01,1.650000000000000078e-01
2.568833000000000055e+01,1.789999999999999925e-01
2.569000000000000128e+01,1.809999999999999942e-01
2.569166999999999845e+01,1.690000000000000113e-01
2.569332999999999956e+01,1.610000000000000042e-01
2.569500000000000028e+01,1.769999999999999907e-01
2.569667000000000101e+01,1.829999999999999960e-01
2.569832999999999856e+01,1.729999999999999871e-01
2.569999999999999929e+01,1.590000000000000024e-01
2.570167000000000002e+01,1.739999999999999880e-01
2.570333000000000112e+01,1.819999999999999951e-01
2.570499999999999829e+01,1.759999999999999898e-01
2.570666999999999902e+01,1.680000000000000104e-01
2.570833000000000013e+01,1.799999999999999933e-01
2.571000000000000085e+01,1.819999999999999951e-01
2.571167000000000158e+01,1.729999999999999871e-01
2.571332999999999913e+01,1.590000000000000024e-01
2.571499999999999986e+01,1.670000000000000095e-01
2.571667000000000058e+01,1.690000000000000113e-01
2.571833000000000169e+01,1.630000000000000060e-01
2.571999999999999886e+01,1.519999999999999962e-01
2.572166999999999959e+01,1.620000000000000051e-01
2.572333000000000069e+01,1.700000000000000122e-01
2.572500000000000142e+01,1.660000000000000087e-01
2.572666999999999859e+01,1.549999999999999989e-01
2.572832999999999970e+01,1.650000000000000078e-01
2.573000000000000043e+01,1.700000000000000122e-01
2.573167000000000115e+01,1.600000000000000033e-01
2.573332999999999871e+01,1.469999999999999918e-01
2.573499999999999943e+01,1.590000000000000024e-01
2.573667000000000016e+01,1.650000000000000078e-01
2.573833000000000126e+01,1.580000000000000016e-01
2.573999999999999844e+01,1.449999999999999900e-01
2.574166999999999916e+01,1.559999999999999998e-01
2.574333000000000027e+01,1.640000000000000069e-01
2.574500000000000099e+01,1.570000000000000007e-01
2.574667000000000172e+01,1.439999999999999891e-01
2.574832999999999927e+01,1.539999999999999980e-01
2.575000000000000000e+01,1.640000000000000069e-01
2.575167000000000073e+01,1.600000000000000033e-01
2.575332999999999828e+01,1.509999999999999953e-01
2.575499999999999901e+01,1.580000000000000016e-01
2.575666999999999973e+01,1.640000000000000069e-01
2.575833000000000084e+01,1.549999999999999989e-01
2.576000000000000156e+01,1.390000000000000124e-01
2.576166999999999874e+01,1.449999999999999900e-01
2.576332999999999984e+01,1.570000000000000007e-01
2.576500000000000057e+01,1.529999999999999971e-01
2.576667000000000129e+01,1.400000000000000133e-01
2.576832999999999885e+01,1.439999999999999891e-01
2.576999999999999957e+01,1.529999999999999971e-01
2.577167000000000030e+01,1.489999999999999936e-01
2.577333000000000141e+01,1.380000000000000115e-01
2.577499999999999858e+01,1.439999999999999891e-01
2.577666999999999931e+01,1.559999999999999998e-01
2.577833000000000041e+01,1.539999999999999980e-01
2.578000000000000114e+01,1.439999999999999891e-01
2.578166999999999831e+01,1.489999999999999936e-01
2.578332999999999942e+01,1.580000000000000016e-01
2.578500000000000014e+01,1.559999999999999998e-01
2.578667000000000087e+01,1.459999999999999909e-01
2.578832999999999842e+01,1.519999999999999962e-01
2.578999999999999915e+01,1.660000000000000087e-01
2.579166999999999987e+01,1.590000000000000024e-01
2.579333000000000098e+01,1.439999999999999891e-01
2.579500000000000171e+01,1.459999999999999909e-01
2.579666999999999888e+01,1.580000000000000016e-01
2.579832999999999998e+01,1.539999999999999980e-01
2.580000000000000071e+01,1.400000000000000133e-01
2.580167000000000144e+01,1.419999999999999873e-01
2.580332999999999899e+01,1.539999999999999980e-01
2.580499999999999972e+01,1.519999999999999962e-01
2.580667000000000044e+01,1.380000000000000115e-01
2.580833000000000155e+01,1.350000000000000089e-01
2.580999999999999872e+01,1.469999999999999918e-01
2.581166999999999945e+01,1.429999999999999882e-01
2.581333000000000055e+01,1.310000000000000053e-01
2.581500000000000128e+01,1.290000000000000036e-01
2.581666999999999845e+01,1.439999999999999891e-01
2.581832999999999956e+01,1.419999999999999873e-01
2.582000000000000028e+01,1.280000000000000027e-01
2.582167000000000101e+01,1.300000000000000044e-01
2.582332999999999856e+01,1.400000000000000133e-01
2.582499999999999929e+01,1.390000000000000124e-01
2.582667000000000002e+01,1.290000000000000036e-01
2.582833000000000112e+01,1.290000000000000036e-01
2.582999999999999829e+01,1.419999999999999873e-01
2.583166999999999902e+01,1.400000000000000133e-01
2.583333000000000013e+01,1.300000000000000044e-01
2.583500000000000085e+01,1.300000000000000044e-01
2.583667000000000158e+01,1.419999999999999873e-01
2.583832999999999913e+01,1.409999999999999865e-01
2.583999999999999986e+01,1.300000000000000044e-01
2.584167000000000058e+01,1.310000000000000053e-01
2.584333000000000169e+01,1.419999999999999873e-01
2.584499999999999886e+01,1.419999999999999873e-01
2.584666999999999959e+01,1.280000000000000027e-01
2.584833000000000069e+01,1.250000000000000000e-01
2.585000000000000142e+01,1.390000000000000124e-01
2.585166999999999859e+01,1.400000000000000133e-01
2.585332999999999970e+01,1.310000000000000053e-01
2.585500000000000043e+01,1.290000000000000036e-01
2.585667000000000115e+01,1.400000000000000133e-01
2.585832999999999871e+01,1.400000000000000133e-01
2.585999999999999943e+01,1.280000000000000027e-01
2.586167000000000016e+01,1.229999999999999982e-01
2.586333000000000126e+01,1.380000000000000115e-01
2.586499999999999844e+01,1.419999999999999873e-01
2.586666999999999916e+01,1.270000000000000018e-01
2.586833000000000027e+01,1.189999999999999947e-01
2.587000000000000099e+01,1.300000000000000044e-01
2.587167000000000172e+01,1.320000000000000062e-01
2.587332999999999927e+01,1.199999999999999956e-01
2.587500000000000000e+01,1.140000000000000041e-01
2.587667000000000073e+01,1.270000000000000018e-01
2.587832999999999828e+01,1.310000000000000053e-01
2.587999999999999901e+01,1.219999999999999973e-01
2.588166999999999973e+01,1.170000000000000068e-01
2.588333000000000084e+01,1.290000000000000036e-01
2.588500000000000156e+01,1.290000000000000036e-01
2.588666999999999874e+01,1.199999999999999956e-01
2.588832999999999984e+01,1.140000000000000041e-01
2.589000000000000057e+01,1.239999999999999991e-01
2.589167000000000129e+01,1.270000000000000018e-01
2.589332999999999885e+01,1.189999999999999947e-01
2.589499999999999957e+01,1.100000000000000006e-01
2.589667000000000030e+01,1.189999999999999947e-01
2.589833000000000141e+01,1.239999999999999991e-01
2.589999999999999858e+01,1.179999999999999938e-01
2.590166999999999931e+01,1.110000000000000014e-01
2.590333000000000041e+01,1.229999999999999982e-01
2.590500000000000114e+01,1.280000000000000027e-01
2.590666999999999831e+01,1.199999999999999956e-01
2.590832999999999942e+01,1.120000000000000023e-01
2.591000000000000014e+01,1.209999999999999964e-01
2.591167000000000087e+01,1.239999999999999991e-01
2.591332999999999842e+01,1.150000000000000050e-01
2.591499999999999915e+01,1.059999999999999970e-01
2.591666999999999987e+01,1.189999999999999947e-01
2.591833000000000098e+01,1.229999999999999982e-01
2.592000000000000171e+01,1.140000000000000041e-01
2.592166999999999888e+01,1.069999999999999979e-01
2.592332999999999998e+01,1.199999999999999956e-01
2.592500000000000071e+01,1.260000000000000009e-01
2.592667000000000144e+01,1.179999999999999938e-01
2.592832999999999899e+01,1.079999999999999988e-01
2.592999999999999972e+01,1.160000000000000059e-01
2.593167000000000044e+01,1.229999999999999982e-01
2.593333000000000155e+01,1.150000000000000050e-01
2.593499999999999872e+01,1.039999999999999952e-01
2.593666999999999945e+01,1.150000000000000050e-01
2.593833000000000055e+01,1.179999999999999938e-01
2.594000000000000128e+01,1.079999999999999988e-01
2.594166999999999845e+01,9.800000000000000377e-02
2.594332999999999956e+01,1.059999999999999970e-01
2.594500000000000028e+01,1.120000000000000023e-01
2.594667000000000101e+01,1.079999999999999988e-01
2.594832999999999856e+01,9.900000000000000466e-02
2.594999999999999929e+01,1.089999999999999997e-01
2.595167000000000002e+01,1.140000000000000041e-01
2.595333000000000112e+01,1.029999999999999943e-01
2.595499999999999829e+01,8.999999999999999667e-02
2.595666999999999902e+01,9.900000000000000466e-02
2.595833000000000013e+01,1.089999999999999997e-01
2.596000000000000085e+01,1.019999999999999934e-01
2.596167000000000158e+01,8.999999999999999667e-02
2.596332999999999913e+01,1.019999999999999934e-01
2.596499999999999986e+01,1.089999999999999997e-01
2.596667000000000058e+01,1.049999999999999961e-01
2.596833000000000169e+01,9.500000000000000111e-02
2.596999999999999886e+01,1.029999999999999943e-01
2.597166999999999959e+01,1.089999999999999997e-01
2.597333000000000069e+01,1.029999999999999943e-01
2.597500000000000142e+01,9.099999999999999756e-02
2.597666999999999859e+01,1.000000000000000056e-01
2.597832999999999970e+01,1.130000000000000032e-01
2.598000000000000043e+01,1.110000000000000014e-01
2.598167000000000115e+01,1.010000000000000064e-01
2.598332999999999871e+01,1.069999999999999979e-01
2.598499999999999943e+01,1.160000000000000059e-01
2.598667000000000016e+01,1.110000000000000014e-01
2.598833000000000126e+01,9.500000000000000111e-02
2.598999999999999844e+01,1.019999999999999934e-01
2.599166999999999916e+01,1.110000000000000014e-01
2.599333000000000027e+01,1.049999999999999961e-01
2.599500000000000099e+01,9.299999999999999933e-02
2.599667000000000172e+01,1.019999999999999934e-01
2.599832999999999927e+01,1.100000000000000006e-01
2.600000000000000000e+01,1.019999999999999934e-01
2.600167000000000073e+01,8.799999999999999489e-02
2.600332999999999828e+01,9.299999999999999933e-02
2.600499999999999901e+01,1.079999999999999988e-01
2.600666999999999973e+01,1.039999999999999952e-01
2.600833000000000084e+01,8.999999999999999667e-02
2.601000000000000156e+01,9.500000000000000111e-02
2.601166999999999874e+01,1.069999999999999979e-01
2.601332999999999984e+01,1.069999999999999979e-01
2.601500000000000057e+01,9.299999999999999933e-02
2.601667000000000129e+01,9.700000000000000289e-02
2.601832999999999885e+01,1.089999999999999997e-01
2.601999999999999957e+01,1.069999999999999979e-01
2.602167000000000030e+01,9.500000000000000111e-02
2.602333000000000141e+01,1.000000000000000056e-01
2.602499999999999858e+01,1.079999999999999988e-01
2.602666999999999931e+01,1.049999999999999961e-01
2.602833000000000041e+01,9.299999999999999933e-02
2.603000000000000114e+01,9.400000000000000022e-02
2.603166999999999831e+01,1.010000000000000064e-01
2.603332999999999942e+01,9.900000000000000466e-02
2.603500000000000014e+01,8.899999999999999578e-02
2.603667000000000087e+01,9.199999999999999845e-02
2.603832999999999842e+01,1.049999999999999961e-01
2.603999999999999915e+01,1.059999999999999970e-01
2.604166999999999987e+01,9.299999999999999933e-02
2.604333000000000098e+01,9.600000000000000200e-02
2.604500000000000171e+01,1.110000000000000014e-01
2.604666999999999888e+01,1.089999999999999997e-01
2.604832999999999998e+01,9.700000000000000289e-02
2.605000000000000071e+01,9.500000000000000111e-02
2.605167000000000144e+01,1.059999999999999970e-01
2.605332999999999899e+01,1.059999999999999970e-01
2.605499999999999972e+01,9.099999999999999756e-02
2.605667000000000044e+01,8.999999999999999667e-02
2.605833000000000155e+01,1.029999999999999943e-01
2.605999999999999872e+01,1.049999999999999961e-01
2.606166999999999945e+01,9.099999999999999756e-02
2.606333000000000055e+01,8.799999999999999489e-02
2.606500000000000128e+01,9.700000000000000289e-02
2.606666999999999845e+01,9.900000000000000466e-02
2.606832999999999956e+01,8.599999999999999312e-02
2.607000000000000028e+01,8.500000000000000611e-02
2.607167000000000101e+01,9.700000000000000289e-02
2.607332999999999856e+01,1.000000000000000056e-01
2.607499999999999929e+01,8.599999999999999312e-02
2.607667000000000002e+01,8.200000000000000344e-02
2.607833000000000112e+01,9.199999999999999845e-02
2.607999999999999829e+01,9.500000000000000111e-02
2.608166999999999902e+01,8.500000000000000611e-02
2.608333000000000013e+01,8.799999999999999489e-02
2.608500000000000085e+01,1.019999999999999934e-01
2.608667000000000158e+01,1.059999999999999970e-01
2.608832999999999913e+01,9.700000000000000289e-02
2.608999999999999986e+01,9.500000000000000111e-02
2.609167000000000058e+01,1.079999999999999988e-01
2.609333000000000169e+01,1.069999999999999979e-01
2.609499999999999886e+01,9.600000000000000200e-02
2.609666999999999959e+01,9.500000000000000111e-02
2.609833000000000069e+01,1.059999999999999970e-01
2.610000000000000142e+01,1.039999999999999952e-01
2.610166999999999859e+01,9.400000000000000022e-02
2.610332999999999970e+01,8.799999999999999489e-02
2.610500000000000043e+01,9.900000000000000466e-02
2.610667000000000115e+01,1.039999999999999952e-01
2.610832999999999871e+01,9.099999999999999756e-02
2.610999999999999943e+01,8.100000000000000255e-02
2.611167000000000016e+01,9.299999999999999933e-02
2.611333000000000126e+01,9.700000000000000289e-02
2.611499999999999844e+01,8.500000000000000611e-02
2.611666999999999916e+01,7.900000000000000078e-02
2.611833000000000027e+01,9.299999999999999933e-02
2.612000000000000099e+01,9.800000000000000377e-02
2.612167000000000172e+01,8.799999999999999489e-02
2.612332999999999927e+01,7.799999999999999989e-02
2.612500000000000000e+01,8.899999999999999578e-02
2.612667000000000073e+01,9.299999999999999933e-02
2.612832999999999828e+01,8.500000000000000611e-02
2.612999999999999901e+01,7.599999999999999811e-02
2.613166999999999973e+01,8.699999999999999400e-02
2.613333000000000084e+01,9.400000000000000022e-02
2.613500000000000156e+01,8.699999999999999400e-02
2.613666999999999874e+01,8.000000000000000167e-02
2.613832999999999984e+01,8.999999999999999667e-02
2.614000000000000057e+01,9.500000000000000111e-02
2.614167000000000129e+01,8.599999999999999312e-02
2.614332999999999885e+01,7.699999999999999900e-02
2.614499999999999957e+01,8.999999999999999667e-02
2.614667000000000030e+01,9.800000000000000377e-02
2.614833000000000141e+01,8.899999999999999578e-02
2.614999999999999858e+01,7.699999999999999900e-02
2.615166999999999931e+01,8.899999999999999578e-02
2.615333000000000041e+01,9.400000000000000022e-02
2.615500000000000114e+01,8.799999999999999489e-02
2.615666999999999831e+01,7.499999999999999722e-02
2.615832999999999942e+01,8.699999999999999400e-02
2.616000000000000014e+01,9.500000000000000111e-02
2.616167000000000087e+01,8.999999999999999667e-02
2.616332999999999842e+01,7.499999999999999722e-02
2.616499999999999915e+01,8.400000000000000522e-02
2.616666999999999987e+01,9.099999999999999756e-02
2.616833000000000098e+01,8.500000000000000611e-02
2.617000000000000171e+01,7.299999999999999545e-02
2.617166999999999888e+01,8.599999999999999312e-02
2.617332999999999998e+01,9.400000000000000022e-02
2.617500000000000071e+01,8.899999999999999578e-02
2.617667000000000144e+01,7.799999999999999989e-02
2.617832999999999899e+01,8.799999999999999489e-02
2.617999999999999972e+01,9.400000000000000022e-02
2.618167000000000044e+01,8.400000000000000522e-02
2.618333000000000155e+01,7.000000000000000666e-02
2.618499999999999872e+01,8.000000000000000167e-02
2.618666999999999945e+01,8.999999999999999667e-02
2.618833000000000055e+01,8.599999999999999312e-02
2.619000000000000128e+01,7.299999999999999545e-02
2.619166999999999845e+01,8.200000000000000344e-02
2.619332999999999956e+01,8.899999999999999578e-02
2.619500000000000028e+01,8.200000000000000344e-02
2.619667000000000101e+01,6.900000000000000577e-02
2.619832999999999856e+01,7.900000000000000078e-02
2.619999999999999929e+01,8.699999999999999400e-02
2.620167000000000002e+01,8.500000000000000611e-02
2.620333000000000112e+01,7.099999999999999367e-02
2.620499999999999829e+01,7.799999999999999989e-02
2.620666999999999902e+01,8.500000000000000611e-02
2.620833000000000013e+01,8.100000000000000255e-02
2.621000000000000085e+01,7.000000000000000666e-02
2.621167000000000158e+01,8.000000000000000167e-02
2.621332999999999913e+01,9.099999999999999756e-02
2.621499999999999986e+01,8.699999999999999400e-02
2.621667000000000058e+01,7.199999999999999456e-02
2.621833000000000169e+01,8.100000000000000255e-02
2.621999999999999886e+01,8.799999999999999489e-02
2.622166999999999959e+01,8.200000000000000344e-02
2.622333000000000069e+01,6.400000000000000133e-02
2.622500000000000142e+01,7.399999999999999634e-02
2.622666999999999859e+01,8.400000000000000522e-02
2.622832999999999970e+01,8.200000000000000344e-02
2.623000000000000043e+01,7.099999999999999367e-02
2.623167000000000115e+01,7.699999999999999900e-02
2.623332999999999871e+01,8.799999999999999489e-02
2.623499999999999943e+01,8.599999999999999312e-02
2.623667000000000016e+01,7.399999999999999634e-02
2.623833000000000126e+01,7.699999999999999900e-02
2.623999999999999844e+01,8.599999999999999312e-02
2.624166999999999916e+01,8.300000000000000433e-02
2.624333000000000027e+01,6.700000000000000400e-02
2.624500000000000099e+01,7.299999999999999545e-02
2.624667000000000172e+01,8.699999999999999400e-02
2.624832999999999927e+01,8.599999999999999312e-02
2.625000000000000000e+01,6.900000000000000577e-02
2.625167000000000073e+01,7.199999999999999456e-02
2.625332999999999828e+01,8.400000000000000522e-02
2.625499999999999901e+01,8.500000000000000611e-02
2.625666999999999973e+01,7.199999999999999456e-02
2.625833000000000084e+01,7.099999999999999367e-02
2.626000000000000156e+01,8.200000000000000344e-02
2.626166999999999874e+01,8.100000000000000255e-02
2.626332999999999984e+01,6.800000000000000488e-02
2.626500000000000057e+01,6.900000000000000577e-02
2.626667000000000129e+01,8.100000000000000255e-02
2.626832999999999885e+01,8.200000000000000344e-02
2.626999999999999957e+01,7.099999999999999367e-02
2.627167000000000030e+01,7.199999999999999456e-02
2.627333000000000141e+01,8.799999999999999489e-02
2.627499999999999858e+01,9.099999999999999756e-02
2.627666999999999931e+01,7.399999999999999634e-02
2.627833000000000041e+01,6.700000000000000400e-02
2.628000000000000114e+01,7.799999999999999989e-02
2.628166999999999831e+01,8.200000000000000344e-02
2.628332999999999942e+01,6.900000000000000577e-02
2.628500000000000014e+01,6.700000000000000400e-02
2.628667000000000087e+01,7.900000000000000078e-02
2.628832999999999842e+01,7.900000000000000078e-02
2.628999999999999915e+01,7.000000000000000666e-02
2.629166999999999987e+01,6.600000000000000311e-02
2.629333000000000098e+01,8.000000000000000167e-02
2.629500000000000171e+01,7.900000000000000078e-02
2.629666999999999888e+01,6.400000000000000133e-02
2.629832999999999998e+01,5.700000000000000205e-02
2.630000000000000071e+01,7.399999999999999634e-02
2.630167000000000144e+01,7.599999999999999811e-02
2.630332999999999899e+01,6.199999999999999956e-02
2.630499999999999972e+01,5.399999999999999939e-02
2.630667000000000044e+01,6.700000000000000400e-02
2.630833000000000155e+01,6.900000000000000577e-02
2.630999999999999872e+01,6.199999999999999956e-02
2.631166999999999945e+01,5.500000000000000028e-02
2.631333000000000055e+01,6.900000000000000577e-02
2.631500000000000128e+01,7.399999999999999634e-02
2.631666999999999845e+01,6.500000000000000222e-02
2.631832999999999956e+01,5.800000000000000294e-02
2.632000000000000028e+01,7.099999999999999367e-02
2.632167000000000101e+01,7.499999999999999722e-02
2.632332999999999856e+01,6.400000000000000133e-02
2.632499999999999929e+01,5.700000000000000205e-02
2.632667000000000002e+01,6.900000000000000577e-02
2.632833000000000112e+01,7.399999999999999634e-02
2.632999999999999829e+01,6.600000000000000311e-02
2.633166999999999902e+01,5.800000000000000294e-02
2.633333000000000013e+01,7.299999999999999545e-02
2.633500000000000085e+01,8.000000000000000167e-02
2.633667000000000158e+01,7.399999999999999634e-02
2.633832999999999913e+01,6.600000000000000311e-02
2.633999999999999986e+01,8.000000000000000167e-02
2.634167000000000058e+01,8.300000000000000433e-02
2.634333000000000169e+01,7.499999999999999722e-02
2.634499999999999886e+01,6.199999999999999956e-02
2.634666999999999959e+01,7.499999999999999722e-02
2.634833000000000069e+01,8.000000000000000167e-02
2.635000000000000142e+01,7.299999999999999545e-02
2.635166999999999859e+01,5.999999999999999778e-02
2.635332999999999970e+01,7.399999999999999634e-02
2.635500000000000043e+01,7.900000000000000078e-02
2.635667000000000115e+01,7.000000000000000666e-02
2.635832999999999871e+01,5.600000000000000117e-02
2.635999999999999943e+01,7.099999999999999367e-02
2.636167000000000016e+01,7.799999999999999989e-02
2.636333000000000126e+01,7.099999999999999367e-02
2.636499999999999844e+01,5.999999999999999778e-02
2.636666999999999916e+01,7.399999999999999634e-02
2.636833000000000027e+01,8.000000000000000167e-02
2.637000000000000099e+01,7.199999999999999456e-02
2.637167000000000172e+01,5.999999999999999778e-02
2.637332999999999927e+01,7.199999999999999456e-02
2.637500000000000000e+01,7.599999999999999811e-02
2.637667000000000073e+01,6.700000000000000400e-02
2.637832999999999828e+01,5.099999999999999672e-02
2.637999999999999901e+01,6.600000000000000311e-02
2.638166999999999973e+01,7.399999999999999634e-02
2.638333000000000084e+01,6.800000000000000488e-02
2.638500000000000156e+01,5.500000000000000028e-02
2.638666999999999874e+01,6.700000000000000400e-02
2.638832999999999984e+01,7.499999999999999722e-02
2.639000000000000057e+01,7.099999999999999367e-02
2.639167000000000129e+01,5.800000000000000294e-02
2.639332999999999885e+01,7.000000000000000666e-02
2.639499999999999957e+01,7.699999999999999900e-02
2.639667000000000030e+01,7.399999999999999634e-02
2.639833000000000141e+01,5.899999999999999689e-02
2.639999999999999858e+01,6.900000000000000577e-02
2.640166999999999931e+01,7.699999999999999900e-02
2.640333000000000041e+01,7.199999999999999456e-02
2.640500000000000114e+01,5.899999999999999689e-02
2.640666999999999831e+01,6.700000000000000400e-02
2.640832999999999942e+01,7.699999999999999900e-02
2.641000000000000014e+01,7.199999999999999456e-02
2.641167000000000087e+01,5.800000000000000294e-02
2.641332999999999842e+01,6.900000000000000577e-02
2.641499999999999915e+01,7.900000000000000078e-02
2.641666999999999987e+01,7.599999999999999811e-02
2.641833000000000098e+01,6.099999999999999867e-02
2.642000000000000171e+01,6.600000000000000311e-02
2.642166999999999888e+01,7.599999999999999811e-02
2.642332999999999998e+01,7.199999999999999456e-02
2.642500000000000071e+01,5.899999999999999689e-02
2.642667000000000144e+01,6.300000000000000044e-02
2.642832999999999899e+01,7.399999999999999634e-02
2.642999999999999972e+01,7.099999999999999367e-02
2.643167000000000044e+01,5.500000000000000028e-02
2.643333000000000155e+01,5.899999999999999689e-02
2.643499999999999872e+01,7.000000000000000666e-02
2.643666999999999945e+01,6.600000000000000311e-02
2.643833000000000055e+01,5.500000000000000028e-02
2.644000000000000128e+01,6.300000000000000044e-02
2.644166999999999845e+01,7.299999999999999545e-02
2.644332999999999956e+01,7.399999999999999634e-02
2.644500000000000028e+01,6.099999999999999867e-02
2.644667000000000101e+01,6.199999999999999956e-02
2.644832999999999856e+01,7.399999999999999634e-02
2.644999999999999929e+01,7.199999999999999456e-02
2.645167000000000002e+01,6.099999999999999867e-02
2.645333000000000112e+01,6.500000000000000222e-02
2.645499999999999829e+01,7.399999999999999634e-02
2.645666999999999902e+01,7.399999999999999634e-02
2.645833000000000013e+01,6.199999999999999956e-02
2.646000000000000085e+01,6.300000000000000044e-02
2.646167000000000158e+01,7.399999999999999634e-02
2.646332999999999913e+01,7.099999999999999367e-02
2.646499999999999986e+01,5.700000000000000205e-02
2.646667000000000058e+01,5.500000000000000028e-02
2.646833000000000169e+01,7.199999999999999456e-02
2.646999999999999886e+01,7.000000000000000666e-02
2.647166999999999959e+01,5.700000000000000205e-02
2.647333000000000069e+01,5.500000000000000028e-02
2.647500000000000142e+01,6.800000000000000488e-02
2.647666999999999859e+01,7.000000000000000666e-02
2.647832999999999970e+01,5.500000000000000028e-02
2.648000000000000043e+01,5.000000000000000278e-02
2.648167000000000115e+01,5.999999999999999778e-02
2.648332999999999871e+01,6.099999999999999867e-02
2.648499999999999943e+01,4.900000000000000189e-02
2.648667000000000016e+01,4.399999999999999745e-02
2.648833000000000126e+01,5.899999999999999689e-02
2.648999999999999844e+01,5.999999999999999778e-02
2.649166999999999916e+01,5.000000000000000278e-02
2.649333000000000027e+01,4.800000000000000100e-02
2.649500000000000099e+01,6.199999999999999956e-02
2.649667000000000172e+01,6.300000000000000044e-02
2.649832999999999927e+01,5.099999999999999672e-02
2.650000000000000000e+01,4.800000000000000100e-02
2.650167000000000073e+01,6.400000000000000133e-02
2.650332999999999828e+01,6.700000000000000400e-02
2.650499999999999901e+01,5.899999999999999689e-02
2.650666999999999973e+01,5.500000000000000028e-02
2.650833000000000084e+01,7.099999999999999367e-02
2.651000000000000156e+01,7.599999999999999811e-02
2.651166999999999874e+01,6.400000000000000133e-02
2.651332999999999984e+01,5.600000000000000117e-02
2.651500000000000057e+01,6.800000000000000488e-02
2.651667000000000129e+01,6.900000000000000577e-02
2.651832999999999885e+01,5.800000000000000294e-02
2.651999999999999957e+01,5.000000000000000278e-02
2.652167000000000030e+01,6.700000000000000400e-02
2.652333000000000141e+01,7.199999999999999456e-02
2.652499999999999858e+01,6.400000000000000133e-02
2.652666999999999931e+01,5.700000000000000205e-02
2.652833000000000041e+01,7.000000000000000666e-02
2.653000000000000114e+01,7.299999999999999545e-02
2.653166999999999831e+01,6.099999999999999867e-02
2.653332999999999942e+01,5.099999999999999672e-02
2.653500000000000014e+01,6.300000000000000044e-02
2.653667000000000087e+01,6.600000000000000311e-02
2.653832999999999842e+01,5.500000000000000028e-02
2.653999999999999915e+01,4.499999999999999833e-02
2.654166999999999987e+01,5.700000000000000205e-02
2.654333000000000098e+01,6.099999999999999867e-02
2.654500000000000171e+01,5.199999999999999761e-02
2.654666999999999888e+01,4.499999999999999833e-02
2.654832999999999998e+01,5.899999999999999689e-02
2.655000000000000071e+01,6.700000000000000400e-02
2.655167000000000144e+01,5.899999999999999689e-02
2.655332999999999899e+01,5.099999999999999672e-02
2.655499999999999972e+01,6.600000000000000311e-02
2.655667000000000044e+01,6.800000000000000488e-02
2.655833000000000155e+01,5.800000000000000294e-02
2.655999999999999872e+01,5.099999999999999672e-02
2.656166999999999945e+01,6.600000000000000311e-02
2.656333000000000055e+01,7.000000000000000666e-02
2.656500000000000128e+01,6.099999999999999867e-02
2.656666999999999845e+01,4.900000000000000189e-02
2.656832999999999956e+01,6.099999999999999867e-02
2.657000000000000028e+01,6.700000000000000400e-02
2.657167000000000101e+01,6.400000000000000133e-02
2.657332999999999856e+01,5.099999999999999672e-02
2.657499999999999929e+01,6.400000000000000133e-02
2.657667000000000002e+01,7.199999999999999456e-02
2.657833000000000112e+01,6.500000000000000222e-02
2.657999999999999829e+01,5.299999999999999850e-02
2.658166999999999902e+01,6.500000000000000222e-02
2.658333000000000013e+01,7.299999999999999545e-02
2.658500000000000085e+01,6.800000000000000488e-02
2.658667000000000158e+01,5.600000000000000117e-02
2.658832999999999913e+01,6.600000000000000311e-02
2.658999999999999986e+01,7.499999999999999722e-02
2.659167000000000058e+01,6.900000000000000577e-02
2.659333000000000169e+01,5.899999999999999689e-02
2.659499999999999886e+01,6.800000000000000488e-02
2.659666999999999959e+01,7.599999999999999811e-02
2.659833000000000069e+01,7.199999999999999456e-02
2.660000000000000142e+01,6.199999999999999956e-02
2.660166999999999859e+01,6.900000000000000577e-02
2.660332999999999970e+01,7.799999999999999989e-02
2.660500000000000043e+01,7.099999999999999367e-02
2.660667000000000115e+01,5.800000000000000294e-02
2.660832999999999871e+01,6.500000000000000222e-02
2.660999999999999943e+01,7.599999999999999811e-02
2.661167000000000016e+01,7.199999999999999456e-02
2.661333000000000126e+01,5.999999999999999778e-02
2.661499999999999844e+01,6.600000000000000311e-02
2.661666999999999916e+01,7.599999999999999811e-02
2.661833000000000027e+01,7.099999999999999367e-02
2.662000000000000099e+01,5.800000000000000294e-02
2.662167000000000172e+01,6.400000000000000133e-02
2.662332999999999927e+01,7.599999999999999811e-02
2.662500000000000000e+01,7.599999999999999811e-02
2.662667000000000073e+01,6.400000000000000133e-02
2.662832999999999828e+01,6.800000000000000488e-02
2.662999999999999901e+01,7.499999999999999722e-02
2.663166999999999973e+01,6.500000000000000222e-02
2.663333000000000084e+01,5.000000000000000278e-02
2.663500000000000156e+01,5.199999999999999761e-02
2.663666999999999874e+01,6.300000000000000044e-02
2.663832999999999984e+01,5.999999999999999778e-02
2.664000000000000057e+01,4.900000000000000189e-02
2.664167000000000129e+01,5.299999999999999850e-02
2.664332999999999885e+01,5.999999999999999778e-02
2.664499999999999957e+01,5.600000000000000117e-02
2.664667000000000030e+01,4.499999999999999833e-02
2.664833000000000141e+01,4.800000000000000100e-02
2.664999999999999858e+01,5.899999999999999689e-02
2.665166999999999931e+01,5.600000000000000117e-02
2.665333000000000041e+01,4.700000000000000011e-02
2.665500000000000114e+01,5.199999999999999761e-02
2.665666999999999831e+01,6.500000000000000222e-02
2.665832999999999942e+01,6.199999999999999956e-02
2.666000000000000014e+01,5.299999999999999850e-02
2.666167000000000087e+01,5.600000000000000117e-02
2.666332999999999842e+01,7.000000000000000666e-02
2.666499999999999915e+01,7.000000000000000666e-02
2.666666999999999987e+01,5.700000000000000205e-02
2.666833000000000098e+01,5.399999999999999939e-02
2.667000000000000171e+01,6.400000000000000133e-02
2.667166999999999888e+01,5.999999999999999778e-02
2.667332999999999998e+01,4.599999999999999922e-02
2.667500000000000071e+01,4.499999999999999833e-02
2.667667000000000144e+01,5.999999999999999778e-02
2.667832999999999899e+01,5.700000000000000205e-02
2.667999999999999972e+01,4.299999999999999656e-02
2.668167000000000044e+01,4.200000000000000261e-02
2.668333000000000155e+01,5.800000000000000294e-02
2.668499999999999872e+01,6.199999999999999956e-02
2.668666999999999945e+01,5.099999999999999672e-02
2.668833000000000055e+01,4.700000000000000011e-02
2.669000000000000128e+01,6.099999999999999867e-02
2.669166999999999845e+01,6.199999999999999956e-02
2.669332999999999956e+01,5.099999999999999672e-02
2.669500000000000028e+01,5.000000000000000278e-02
2.669667000000000101e+01,6.300000000000000044e-02
2.669832999999999856e+01,6.500000000000000222e-02
2.669999999999999929e+01,5.199999999999999761e-02
2.670167000000000002e+01,4.700000000000000011e-02
2.670333000000000112e+01,5.899999999999999689e-02
2.670499999999999829e+01,6.300000000000000044e-02
2.670666999999999902e+01,5.000000000000000278e-02
2.670833000000000013e+01,4.800000000000000100e-02
2.671000000000000085e+01,5.800000000000000294e-02
2.671167000000000158e+01,5.899999999999999689e-02
2.671332999999999913e+01,5.299999999999999850e-02
2.671499999999999986e+01,5.199999999999999761e-02
2.671667000000000058e+01,6.300000000000000044e-02
2.671833000000000169e+01,6.199999999999999956e-02
2.671999999999999886e+01,4.700000000000000011e-02
2.672166999999999959e+01,4.100000000000000172e-02
2.672333000000000069e+01,5.399999999999999939e-02
2.672500000000000142e+01,5.600000000000000117e-02
2.672666999999999859e+01,4.299999999999999656e-02
2.672832999999999970e+01,3.599999999999999728e-02
2.673000000000000043e+01,5.000000000000000278e-02
2.673167000000000115e+01,5.500000000000000028e-02
2.673332999999999871e+01,4.800000000000000100e-02
2.673499999999999943e+01,4.299999999999999656e-02
2.673667000000000016e+01,5.299999999999999850e-02
2.673833000000000126e+01,5.600000000000000117e-02
2.673999999999999844e+01,4.599999999999999922e-02
2.674166999999999916e+01,4.100000000000000172e-02
2.674333000000000027e+01,5.299999999999999850e-02
2.674500000000000099e+01,5.999999999999999778e-02
2.674667000000000172e+01,5.000000000000000278e-02
2.674832999999999927e+01,4.499999999999999833e-02
2.675000000000000000e+01,5.800000000000000294e-02
2.675167000000000073e+01,6.300000000000000044e-02
2.675332999999999828e+01,5.099999999999999672e-02
2.675499999999999901e+01,4.100000000000000172e-02
2.675666999999999973e+01,5.199999999999999761e-02
2.675833000000000084e+01,5.700000000000000205e-02
2.676000000000000156e+01,5.000000000000000278e-02
2.676166999999999874e+01,4.299999999999999656e-02
2.676332999999999984e+01,5.500000000000000028e-02
2.676500000000000057e+01,6.099999999999999867e-02
2.676667000000000129e+01,5.399999999999999939e-02
2.676832999999999885e+01,4.700000000000000011e-02
2.676999999999999957e+01,5.999999999999999778e-02
2.677167000000000030e+01,6.800000000000000488e-02
2.677333000000000141e+01,5.999999999999999778e-02
2.677499999999999858e+01,4.900000000000000189e-02
2.677666999999999931e+01,5.600000000000000117e-02
2.677833000000000041e+01,5.800000000000000294e-02
2.678000000000000114e+01,5.099999999999999672e-02
2.678166999999999831e+01,4.200000000000000261e-02
2.678332999999999942e+01,5.399999999999999939e-02
2.678500000000000014e+01,6.099999999999999867e-02
2.678667000000000087e+01,5.099999999999999672e-02
2.678832999999999842e+01,4.100000000000000172e-02
2.678999999999999915e+01,5.099999999999999672e-02
2.679166999999999987e+01,5.700000000000000205e-02
2.679333000000000098e+01,4.900000000000000189e-02
2.679500000000000171e+01,3.699999999999999817e-02
2.679666999999999888e+01,4.399999999999999745e-02
2.679832999999999998e+01,5.199999999999999761e-02
2.680000000000000071e+01,4.700000000000000011e-02
2.680167000000000144e+01,3.599999999999999728e-02
2.680332999999999899e+01,4.700000000000000011e-02
2.680499999999999972e+01,5.800000000000000294e-02
2.680667000000000044e+01,5.399999999999999939e-02
2.680833000000000155e+01,4.399999999999999745e-02
2.680999999999999872e+01,5.000000000000000278e-02
2.681166999999999945e+01,5.999999999999999778e-02
2.681333000000000055e+01,5.700000000000000205e-02
2.681500000000000128e+01,4.599999999999999922e-02
2.681666999999999845e+01,5.399999999999999939e-02
2.681832999999999956e+01,6.500000000000000222e-02
2.682000000000000028e+01,6.099999999999999867e-02
2.682167000000000101e+01,5.000000000000000278e-02
2.682332999999999856e+01,6.300000000000000044e-02
2.682499999999999929e+01,7.199999999999999456e-02
2.682667000000000002e+01,6.300000000000000044e-02
2.682833000000000112e+01,4.900000000000000189e-02
2.682999999999999829e+01,5.500000000000000028e-02
2.683166999999999902e+01,6.199999999999999956e-02
2.683333000000000013e+01,5.899999999999999689e-02
2.683500000000000085e+01,4.700000000000000011e-02
2.683667000000000158e+01,5.500000000000000028e-02
2.683832999999999913e+01,6.600000000000000311e-02
2.683999999999999986e+01,6.199999999999999956e-02
2.684167000000000058e+01,4.499999999999999833e-02
2.684333000000000169e+01,4.700000000000000011e-02
2.684499999999999886e+01,5.600000000000000117e-02
2.684666999999999959e+01,5.199999999999999761e-02
2.684833000000000069e+01,3.599999999999999728e-02
2.685000000000000142e+01,4.000000000000000083e-02
2.685166999999999859e+01,4.900000000000000189e-02
2.685332999999999970e+01,4.800000000000000100e-02
2.685500000000000043e+01,3.899999999999999994e-02
2.685667000000000115e+01,4.299999999999999656e-02
2.685832999999999871e+01,5.600000000000000117e-02
2.685999999999999943e+01,5.500000000000000028e-02
2.686167000000000016e+01,4.299999999999999656e-02
2.686333000000000126e+01,5.099999999999999672e-02
2.686499999999999844e+01,6.300000000000000044e-02
2.686666999999999916e+01,6.199999999999999956e-02
2.686833000000000027e+01,5.299999999999999850e-02
2.687000000000000099e+01,5.600000000000000117e-02
2.687167000000000172e+01,6.700000000000000400e-02
2.687332999999999927e+01,6.500000000000000222e-02
2.687500000000000000e+01,4.800000000000000100e-02
2.687667000000000073e+01,5.000000000000000278e-02
2.687832999999999828e+01,5.899999999999999689e-02
2.687999999999999901e+01,5.899999999999999689e-02
2.688166999999999973e+01,4.599999999999999922e-02
2.688333000000000084e+01,4.700000000000000011e-02
2.688500000000000156e+01,5.399999999999999939e-02
2.688666999999999874e+01,5.199999999999999761e-02
2.688832999999999984e+01,3.899999999999999994e-02
2.689000000000000057e+01,4.000000000000000083e-02
2.689167000000000129e+01,5.299999999999999850e-02
2.689332999999999885e+01,5.700000000000000205e-02
2.689499999999999957e+01,4.299999999999999656e-02
2.689667000000000030e+01,4.399999999999999745e-02
2.689833000000000141e+01,5.800000000000000294e-02
2.689999999999999858e+01,5.899999999999999689e-02
2.690166999999999931e+01,4.399999999999999745e-02
2.690333000000000041e+01,4.399999999999999745e-02
2.690500000000000114e+01,5.899999999999999689e-02
2.690666999999999831e+01,6.500000000000000222e-02
2.690832999999999942e+01,5.399999999999999939e-02
2.691000000000000014e+01,5.399999999999999939e-02
2.691167000000000087e+01,6.600000000000000311e-02
2.691332999999999842e+01,6.800000000000000488e-02
2.691499999999999915e+01,5.700000000000000205e-02
2.691666999999999987e+01,5.500000000000000028e-02
2.691833000000000098e+01,6.500000000000000222e-02
2.692000000000000171e+01,6.600000000000000311e-02
2.692166999999999888e+01,5.199999999999999761e-02
2.692332999999999998e+01,4.900000000000000189e-02
2.692500000000000071e+01,5.999999999999999778e-02
2.692667000000000144e+01,6.500000000000000222e-02
2.692832999999999899e+01,5.399999999999999939e-02
2.692999999999999972e+01,4.700000000000000011e-02
2.693167000000000044e+01,5.700000000000000205e-02
2.693333000000000155e+01,6.199999999999999956e-02
2.693499999999999872e+01,5.399999999999999939e-02
2.693666999999999945e+01,5.199999999999999761e-02
2.693833000000000055e+01,6.300000000000000044e-02
2.694000000000000128e+01,6.300000000000000044e-02
2.694166999999999845e+01,5.299999999999999850e-02
2.694332999999999956e+01,4.800000000000000100e-02
2.694500000000000028e+01,5.899999999999999689e-02
2.694667000000000101e+01,6.099999999999999867e-02
2.694832999999999856e+01,5.199999999999999761e-02
2.694999999999999929e+01,4.700000000000000011e-02
2.695167000000000002e+01,5.999999999999999778e-02
2.695333000000000112e+01,6.300000000000000044e-02
2.695499999999999829e+01,5.099999999999999672e-02
2.695666999999999902e+01,4.399999999999999745e-02
2.695833000000000013e+01,5.500000000000000028e-02
2.696000000000000085e+01,6.199999999999999956e-02
2.696167000000000158e+01,5.399999999999999939e-02
2.696332999999999913e+01,4.399999999999999745e-02
2.696499999999999986e+01,5.299999999999999850e-02
2.696667000000000058e+01,5.600000000000000117e-02
2.696833000000000169e+01,4.599999999999999922e-02
2.696999999999999886e+01,3.799999999999999906e-02
2.697166999999999959e+01,5.099999999999999672e-02
2.697333000000000069e+01,5.600000000000000117e-02
2.697500000000000142e+01,4.499999999999999833e-02
2.697666999999999859e+01,3.899999999999999994e-02
2.697832999999999970e+01,4.900000000000000189e-02
2.698000000000000043e+01,5.600000000000000117e-02
2.698167000000000115e+01,5.000000000000000278e-02
2.698332999999999871e+01,4.100000000000000172e-02
2.698499999999999943e+01,5.000000000000000278e-02
2.698667000000000016e+01,5.600000000000000117e-02
2.698833000000000126e+01,4.800000000000000100e-02
2.698999999999999844e+01,3.899999999999999994e-02
2.699166999999999916e+01,5.199999999999999761e-02
2.699333000000000027e+01,5.899999999999999689e-02
2.699500000000000099e+01,5.399999999999999939e-02
2.699667000000000172e+01,4.499999999999999833e-02
2.699832999999999927e+01,5.399999999999999939e-02
2.700000000000000000e+01,5.899999999999999689e-02
2.700167000000000073e+01,5.299999999999999850e-02
2.700332999999999828e+01,4.200000000000000261e-02
2.700499999999999901e+01,5.199999999999999761e-02
2.700666999999999973e+01,5.800000000000000294e-02
2.700833000000000084e+01,4.900000000000000189e-02
2.701000000000000156e+01,3.599999999999999728e-02
2.701166999999999874e+01,4.599999999999999922e-02
2.701332999999999984e+01,5.000000000000000278e-02
2.701500000000000057e+01,4.399999999999999745e-02
2.701667000000000129e+01,3.400000000000000244e-02
2.701832999999999885e+01,4.900000000000000189e-02
2.701999999999999957e+01,5.999999999999999778e-02
2.702167000000000030e+01,5.700000000000000205e-02
2.702333000000000141e+01,4.599999999999999922e-02
2.702499999999999858e+01,5.500000000000000028e-02
2.702666999999999931e+01,6.099999999999999867e-02
2.702833000000000041e+01,5.299999999999999850e-02
2.703000000000000114e+01,3.699999999999999817e-02
2.703166999999999831e+01,4.599999999999999922e-02
2.703332999999999942e+01,5.399999999999999939e-02
2.703500000000000014e+01,5.099999999999999672e-02
2.703667000000000087e+01,4.000000000000000083e-02
2.703832999999999842e+01,4.599999999999999922e-02
2.703999999999999915e+01,5.199999999999999761e-02
2.704166999999999987e+01,4.900000000000000189e-02
2.704333000000000098e+01,3.500000000000000333e-02
2.704500000000000171e+01,4.399999999999999745e-02
2.704666999999999888e+01,5.399999999999999939e-02
2.704832999999999998e+01,4.900000000000000189e-02
2.705000000000000071e+01,3.699999999999999817e-02
2.705167000000000144e+01,4.299999999999999656e-02
2.705332999999999899e+01,5.000000000000000278e-02
2.705499999999999972e+01,4.800000000000000100e-02
2.705667000000000044e+01,3.799999999999999906e-02
2.705833000000000155e+01,4.200000000000000261e-02
2.705999999999999872e+01,4.900000000000000189e-02
2.706166999999999945e+01,4.499999999999999833e-02
2.706333000000000055e+01,3.300000000000000155e-02
2.706500000000000128e+01,4.499999999999999833e-02
2.706666999999999845e+01,5.299999999999999850e-02
2.706832999999999956e+01,5.099999999999999672e-02
2.707000000000000028e+01,3.400000000000000244e-02
2.707167000000000101e+01,4.100000000000000172e-02
2.707332999999999856e+01,5.399999999999999939e-02
2.707499999999999929e+01,5.299999999999999850e-02
2.707667000000000002e+01,3.799999999999999906e-02
2.707833000000000112e+01,4.399999999999999745e-02
2.707999999999999829e+01,5.500000000000000028e-02
2.708166999999999902e+01,5.099999999999999672e-02
2.708333000000000013e+01,3.599999999999999728e-02
2.708500000000000085e+01,4.200000000000000261e-02
2.708667000000000158e+01,5.399999999999999939e-02
2.708832999999999913e+01,5.399999999999999939e-02
2.708999999999999986e+01,4.100000000000000172e-02
2.709167000000000058e+01,4.700000000000000011e-02
2.709333000000000169e+01,5.899999999999999689e-02
2.709499999999999886e+01,5.500000000000000028e-02
2.709666999999999959e+01,3.799999999999999906e-02
2.709833000000000069e+01,3.899999999999999994e-02
2.710000000000000142e+01,5.099999999999999672e-02
2.710166999999999859e+01,5.299999999999999850e-02
2.710332999999999970e+01,3.599999999999999728e-02
2.710500000000000043e+01,3.699999999999999817e-02
2.710667000000000115e+01,5.099999999999999672e-02
2.710832999999999871e+01,5.000000000000000278e-02
2.710999999999999943e+01,3.699999999999999817e-02
2.711167000000000016e+01,4.100000000000000172e-02
2.711333000000000126e+01,5.500000000000000028e-02
2.711499999999999844e+01,5.500000000000000028e-02
2.711666999999999916e+01,4.200000000000000261e-02
2.711833000000000027e+01,4.299999999999999656e-02
2.712000000000000099e+01,5.500000000000000028e-02
2.712167000000000172e+01,5.299999999999999850e-02
2.712332999999999927e+01,3.899999999999999994e-02
2.712500000000000000e+01,3.599999999999999728e-02
2.712667000000000073e+01,4.800000000000000100e-02
2.712832999999999828e+01,4.800000000000000100e-02
2.712999999999999901e+01,3.400000000000000244e-02
2.713166999999999973e+01,2.999999999999999889e-02
2.713333000000000084e+01,4.000000000000000083e-02
2.713500000000000156e+01,4.399999999999999745e-02
2.713666999999999874e+01,3.400000000000000244e-02
2.713832999999999984e+01,3.200000000000000067e-02
2.714000000000000057e+01,4.499999999999999833e-02
2.714167000000000129e+01,5.099999999999999672e-02
2.714332999999999885e+01,4.299999999999999656e-02
2.714499999999999957e+01,3.699999999999999817e-02
2.714667000000000030e+01,5.199999999999999761e-02
2.714833000000000141e+01,5.800000000000000294e-02
2.714999999999999858e+01,4.700000000000000011e-02
2.715166999999999931e+01,3.799999999999999906e-02
2.715333000000000041e+01,4.900000000000000189e-02
2.715500000000000114e+01,5.000000000000000278e-02
2.715666999999999831e+01,3.899999999999999994e-02
2.715832999999999942e+01,3.099999999999999978e-02
2.716000000000000014e+01,4.399999999999999745e-02
2.716167000000000087e+01,4.900000000000000189e-02
2.716332999999999842e+01,4.200000000000000261e-02
2.716499999999999915e+01,3.500000000000000333e-02
2.716666999999999987e+01,5.099999999999999672e-02
2.716833000000000098e+01,5.700000000000000205e-02
2.717000000000000171e+01,4.499999999999999833e-02
2.717166999999999888e+01,3.300000000000000155e-02
2.717332999999999998e+01,4.299999999999999656e-02
2.717500000000000071e+01,4.900000000000000189e-02
2.717667000000000144e+01,3.599999999999999728e-02
2.717832999999999899e+01,2.400000000000000050e-02
2.717999999999999972e+01,4.000000000000000083e-02
2.718167000000000044e+01,4.299999999999999656e-02
2.718333000000000155e+01,3.500000000000000333e-02
2.718499999999999872e+01,2.800000000000000058e-02
2.718666999999999945e+01,4.200000000000000261e-02
2.718833000000000055e+01,4.800000000000000100e-02
2.719000000000000128e+01,4.299999999999999656e-02
2.719166999999999845e+01,3.500000000000000333e-02
2.719332999999999956e+01,4.700000000000000011e-02
2.719500000000000028e+01,4.900000000000000189e-02
2.719667000000000101e+01,4.200000000000000261e-02
2.719832999999999856e+01,3.300000000000000155e-02
2.719999999999999929e+01,4.599999999999999922e-02
2.720167000000000002e+01,5.000000000000000278e-02
2.720333000000000112e+01,4.100000000000000172e-02
2.720499999999999829e+01,2.699999999999999969e-02
2.720666999999999902e+01,4.299999999999999656e-02
2.720833000000000013e+01,5.000000000000000278e-02
2.721000000000000085e+01,4.200000000000000261e-02
2.721167000000000158e+01,2.999999999999999889e-02
2.721332999999999913e+01,4.200000000000000261e-02
2.721499999999999986e+01,4.800000000000000100e-02
2.721667000000000058e+01,3.799999999999999906e-02
2.721833000000000169e+01,2.199999999999999872e-02
2.721999999999999886e+01,3.500000000000000333e-02
2.722166999999999959e+01,4.100000000000000172e-02
2.722333000000000069e+01,3.500000000000000333e-02
2.722500000000000142e+01,1.799999999999999864e-02
2.722666999999999859e+01,3.200000000000000067e-02
2.722832999999999970e+01,4.200000000000000261e-02
2.723000000000000043e+01,3.500000000000000333e-02
2.723167000000000115e+01,2.000000000000000042e-02
2.723332999999999871e+01,3.099999999999999978e-02
2.723499999999999943e+01,3.699999999999999817e-02
2.723667000000000016e+01,3.099999999999999978e-02
2.723833000000000126e+01,1.799999999999999864e-02
2.723999999999999844e+01,2.999999999999999889e-02
2.724166999999999916e+01,3.599999999999999728e-02
2.724333000000000027e+01,2.999999999999999889e-02
2.724500000000000099e+01,1.799999999999999864e-02
2.724667000000000172e+01,2.999999999999999889e-02
2.724832999999999927e+01,3.899999999999999994e-02
2.725000000000000000e+01,3.500000000000000333e-02
2.725167000000000073e+01,2.100000000000000130e-02
2.725332999999999828e+01,3.200000000000000067e-02
2.725499999999999901e+01,4.100000000000000172e-02
2.725666999999999973e+01,3.500000000000000333e-02
2.725833000000000084e+01,2.199999999999999872e-02
2.726000000000000156e+01,3.200000000000000067e-02
2.726166999999999874e+01,4.000000000000000083e-02
2.726332999999999984e+01,3.500000000000000333e-02
2.726500000000000057e+01,2.100000000000000130e-02
2.726667000000000129e+01,2.800000000000000058e-02
2.726832999999999885e+01,3.599999999999999728e-02
2.726999999999999957e+01,3.300000000000000155e-02
2.727167000000000030e+01,1.899999999999999953e-02
2.727333000000000141e+01,2.500000000000000139e-02
2.727499999999999858e+01,3.500000000000000333e-02
2.727666999999999931e+01,2.999999999999999889e-02
2.727833000000000041e+01,1.799999999999999864e-02
2.728000000000000114e+01,2.199999999999999872e-02
2.728166999999999831e+01,3.300000000000000155e-02
2.728332999999999942e+01,3.099999999999999978e-02
2.728500000000000014e+01,1.899999999999999953e-02
2.728667000000000087e+01,1.899999999999999953e-02
2.728832999999999842e+01,2.900000000000000147e-02
2.728999999999999915e+01,2.599999999999999881e-02
2.729166999999999987e+01,1.400000000000000029e-02
2.729333000000000098e+01,1.700000000000000122e-02
2.729500000000000171e+01,2.800000000000000058e-02
2.729666999999999888e+01,2.699999999999999969e-02
2.729832999999999998e+01,1.099999999999999936e-02
2.730000000000000071e+01,1.200000000000000025e-02
2.730167000000000144e+01,2.299999999999999961e-02
2.730332999999999899e+01,2.299999999999999961e-02
2.730499999999999972e+01,1.400000000000000029e-02
2.730667000000000044e+01,1.499999999999999944e-02
2.730833000000000155e+01,2.699999999999999969e-02
2.730999999999999872e+01,2.599999999999999881e-02
2.731166999999999945e+01,1.099999999999999936e-02
2.731333000000000055e+01,1.200000000000000025e-02
2.731500000000000128e+01,2.599999999999999881e-02
2.731666999999999845e+01,2.800000000000000058e-02
2.731832999999999956e+01,1.600000000000000033e-02
2.732000000000000028e+01,1.099999999999999936e-02
2.732167000000000101e+01,2.299999999999999961e-02
2.732332999999999856e+01,2.100000000000000130e-02
2.732499999999999929e+01,7.000000000000000146e-03
2.732667000000000002e+01,3.000000000000000062e-03
2.732833000000000112e+01,1.499999999999999944e-02
2.732999999999999829e+01,1.499999999999999944e-02
2.733166999999999902e+01,6.000000000000000125e-03
2.733333000000000013e+01,5.000000000000000104e-03
2.733500000000000085e+01,2.100000000000000130e-02
2.733667000000000158e+01,2.299999999999999961e-02
2.733832999999999913e+01,1.099999999999999936e-02
2.733999999999999986e+01,1.000000000000000021e-02
2.734167000000000058e+01,2.400000000000000050e-02
2.734333000000000169e+01,2.900000000000000147e-02
2.734499999999999886e+01,1.600000000000000033e-02
2.734666999999999959e+01,1.000000000000000021e-02
2.734833000000000069e+01,2.299999999999999961e-02
2.735000000000000142e+01,1.899999999999999953e-02
2.735166999999999859e+01,7.000000000000000146e-03
2.735332999999999970e+01,-3.000000000000000062e-03
2.735500000000000043e+01,1.200000000000000025e-02
2.735667000000000115e+01,1.400000000000000029e-02
2.735832999999999871e+01,4.000000000000000083e-03
2.735999999999999943e+01,1.000000000000000021e-03
2.736167000000000016e+01,1.299999999999999940e-02
2.736333000000000126e+01,1.499999999999999944e-02
2.736499999999999844e+01,4.000000000000000083e-03
2.736666999999999916e+01,1.000000000000000021e-03
2.736833000000000027e+01,1.600000000000000033e-02
2.737000000000000099e+01,1.700000000000000122e-02
2.737167000000000172e+01,6.000000000000000125e-03
2.737332999999999927e+01,0.000000000000000000e+00
2.737500000000000000e+01,1.400000000000000029e-02
2.737667000000000073e+01,1.899999999999999953e-02
2.737832999999999828e+01,8.999999999999999320e-03
2.737999999999999901e+01,-3.000000000000000062e-03
2.738166999999999973e+01,8.999999999999999320e-03
2.738333000000000084e+01,1.400000000000000029e-02
2.738500000000000156e+01,6.000000000000000125e-03
2.738666999999999874e+01,-5.000000000000000104e-03
2.738832999999999984e+01,8.999999999999999320e-03
2.739000000000000057e+01,1.299999999999999940e-02
2.739167000000000129e+01,6.000000000000000125e-03
2.739332999999999885e+01,-5.000000000000000104e-03
2.739499999999999957e+01,8.000000000000000167e-03
2.739667000000000030e+01,1.099999999999999936e-02
2.739833000000000141e+01,2.000000000000000042e-03
2.739999999999999858e+01,-1.000000000000000021e-02
2.740166999999999931e+01,1.000000000000000021e-03
2.740333000000000041e+01,4.000000000000000083e-03
2.740500000000000114e+01,-4.000000000000000083e-03
2.740666999999999831e+01,-1.499999999999999944e-02
2.740832999999999942e+01,-3.000000000000000062e-03
2.741000000000000014e+01,0.000000000000000000e+00
2.741167000000000087e+01,-7.000000000000000146e-03
2.741332999999999842e+01,-2.100000000000000130e-02
2.741499999999999915e+01,-1.099999999999999936e-02
2.741666999999999987e+01,-8.000000000000000167e-03
2.741833000000000098e+01,-1.499999999999999944e-02
2.742000000000000171e+01,-2.699999999999999969e-02
2.742166999999999888e+01,-1.200000000000000025e-02
2.742332999999999998e+01,-4.000000000000000083e-03
2.742500000000000071e+01,-1.200000000000000025e-02
2.742667000000000144e+01,-2.699999999999999969e-02
2.742832999999999899e+01,-1.200000000000000025e-02
2.742999999999999972e+01,-3.000000000000000062e-03
2.743167000000000044e+01,-8.000000000000000167e-03
2.743333000000000155e+01,-1.600000000000000033e-02
2.743499999999999872e+01,-3.000000000000000062e-03
2.743666999999999945e+01,2.000000000000000042e-03
2.743833000000000055e+01,-8.000000000000000167e-03
2.744000000000000128e+01,-2.100000000000000130e-02
2.744166999999999845e+01,-8.999999999999999320e-03
2.744332999999999956e+01,1.000000000000000021e-03
2.744500000000000028e+01,-4.000000000000000083e-03
2.744667000000000101e+01,-1.799999999999999864e-02
2.744832999999999856e+01,-7.000000000000000146e-03
2.744999999999999929e+01,1.000000000000000021e-03
2.745167000000000002e+01,-4.000000000000000083e-03
2.745333000000000112e+01,-1.799999999999999864e-02
2.745499999999999829e+01,-1.200000000000000025e-02
2.745666999999999902e+01,-1.000000000000000021e-03
2.745833000000000013e+01,-3.000000000000000062e-03
2.746000000000000085e+01,-1.299999999999999940e-02
2.746167000000000158e+01,-6.000000000000000125e-03
2.746332999999999913e+01,2.000000000000000042e-03
2.746499999999999986e+01,-3.000000000000000062e-03
2.746667000000000058e+01,-1.700000000000000122e-02
2.746833000000000169e+01,-1.400000000000000029e-02
2.746999999999999886e+01,-5.000000000000000104e-03
2.747166999999999959e+01,-1.299999999999999940e-02
2.747333000000000069e+01,-2.500000000000000139e-02
2.747500000000000142e+01,-1.899999999999999953e-02
2.747666999999999859e+01,-8.999999999999999320e-03
2.747832999999999970e+01,-1.200000000000000025e-02
2.748000000000000043e+01,-2.800000000000000058e-02
2.748167000000000115e+01,-2.100000000000000130e-02
2.748332999999999871e+01,-1.000000000000000021e-02
2.748499999999999943e+01,-1.499999999999999944e-02
2.748667000000000016e+01,-2.999999999999999889e-02
2.748833000000000126e+01,-2.400000000000000050e-02
2.748999999999999844e+01,-1.099999999999999936e-02
2.749166999999999916e+01,-1.499999999999999944e-02
2.749333000000000027e+01,-2.800000000000000058e-02
2.749500000000000099e+01,-2.599999999999999881e-02
2.749667000000000172e+01,-1.600000000000000033e-02
2.749832999999999927e+01,-2.000000000000000042e-02
2.750000000000000000e+01,-3.500000000000000333e-02
2.750167000000000073e+01,-3.599999999999999728e-02
2.750332999999999828e+01,-2.599999999999999881e-02
2.750499999999999901e+01,-2.800000000000000058e-02
2.750666999999999973e+01,-3.799999999999999906e-02
2.750833000000000084e+01,-3.799999999999999906e-02
2.751000000000000156e+01,-2.299999999999999961e-02
2.751166999999999874e+01,-2.400000000000000050e-02
2.751332999999999984e+01,-3.599999999999999728e-02
2.751500000000000057e+01,-3.699999999999999817e-02
2.751667000000000129e+01,-2.299999999999999961e-02
2.751832999999999885e+01,-2.100000000000000130e-02
2.751999999999999957e+01,-3.400000000000000244e-02
2.752167000000000030e+01,-3.500000000000000333e-02
2.752333000000000141e+01,-2.199999999999999872e-02
2.752499999999999858e+01,-2.299999999999999961e-02
2.752666999999999931e+01,-3.599999999999999728e-02
2.752833000000000041e+01,-3.699999999999999817e-02
2.753000000000000114e+01,-2.599999999999999881e-02
2.753166999999999831e+01,-2.900000000000000147e-02
2.753332999999999942e+01,-4.000000000000000083e-02
2.753500000000000014e+01,-4.000000000000000083e-02
2.753667000000000087e+01,-2.500000000000000139e-02
2.753832999999999842e+01,-2.599999999999999881e-02
2.753999999999999915e+01,-3.799999999999999906e-02
2.754166999999999987e+01,-4.200000000000000261e-02
2.754333000000000098e+01,-2.999999999999999889e-02
2.754500000000000171e+01,-3.099999999999999978e-02
2.754666999999999888e+01,-4.399999999999999745e-02
2.754832999999999998e+01,-4.599999999999999922e-02
2.755000000000000071e+01,-3.200000000000000067e-02
2.755167000000000144e+01,-3.200000000000000067e-02
2.755332999999999899e+01,-4.499999999999999833e-02
2.755499999999999972e+01,-5.000000000000000278e-02
2.755667000000000044e+01,-3.599999999999999728e-02
2.755833000000000155e+01,-3.500000000000000333e-02
2.755999999999999872e+01,-4.499999999999999833e-02
2.756166999999999945e+01,-5.000000000000000278e-02
2.756333000000000055e+01,-3.799999999999999906e-02
2.756500000000000128e+01,-3.599999999999999728e-02
2.756666999999999845e+01,-4.900000000000000189e-02
2.756832999999999956e+01,-5.399999999999999939e-02
2.757000000000000028e+01,-4.000000000000000083e-02
2.757167000000000101e+01,-3.500000000000000333e-02
2.757332999999999856e+01,-4.599999999999999922e-02
2.757499999999999929e+01,-5.600000000000000117e-02
2.757667000000000002e+01,-4.499999999999999833e-02
2.757833000000000112e+01,-4.100000000000000172e-02
2.757999999999999829e+01,-5.099999999999999672e-02
2.758166999999999902e+01,-5.500000000000000028e-02
2.758333000000000013e+01,-4.399999999999999745e-02
2.758500000000000085e+01,-4.100000000000000172e-02
2.758667000000000158e+01,-5.000000000000000278e-02
2.758832999999999913e+01,-5.500000000000000028e-02
2.758999999999999986e+01,-4.299999999999999656e-02
2.759167000000000058e+01,-4.100000000000000172e-02
2.759333000000000169e+01,-5.299999999999999850e-02
2.759499999999999886e+01,-5.999999999999999778e-02
2.759666999999999959e+01,-4.800000000000000100e-02
2.759833000000000069e+01,-4.399999999999999745e-02
2.760000000000000142e+01,-5.399999999999999939e-02
2.760166999999999859e+01,-6.300000000000000044e-02
2.760332999999999970e+01,-5.199999999999999761e-02
2.760500000000000043e+01,-4.900000000000000189e-02
2.760667000000000115e+01,-5.600000000000000117e-02
2.760832999999999871e+01,-6.600000000000000311e-02
2.760999999999999943e+01,-5.600000000000000117e-02
2.761167000000000016e+01,-4.800000000000000100e-02
2.761333000000000126e+01,-5.600000000000000117e-02
2.761499999999999844e+01,-6.199999999999999956e-02
2.761666999999999916e+01,-5.399999999999999939e-02
2.761833000000000027e+01,-4.700000000000000011e-02
2.762000000000000099e+01,-5.299999999999999850e-02
2.762167000000000172e+01,-6.300000000000000044e-02
2.762332999999999927e+01,-5.500000000000000028e-02
2.762500000000000000e+01,-5.299999999999999850e-02
2.762667000000000073e+01,-5.999999999999999778e-02
2.762832999999999828e+01,-7.099999999999999367e-02
2.762999999999999901e+01,-5.999999999999999778e-02
2.763166999999999973e+01,-5.000000000000000278e-02
2.763333000000000084e+01,-5.800000000000000294e-02
2.763500000000000156e+01,-6.800000000000000488e-02
2.763666999999999874e+01,-5.700000000000000205e-02
2.763832999999999984e+01,-4.900000000000000189e-02
2.764000000000000057e+01,-5.500000000000000028e-02
2.764167000000000129e+01,-6.800000000000000488e-02
2.764332999999999885e+01,-5.600000000000000117e-02
2.764499999999999957e+01,-4.599999999999999922e-02
2.764667000000000030e+01,-5.299999999999999850e-02
2.764833000000000141e+01,-6.400000000000000133e-02
2.764999999999999858e+01,-5.600000000000000117e-02
2.765166999999999931e+01,-4.299999999999999656e-02
2.765333000000000041e+01,-4.800000000000000100e-02
2.765500000000000114e+01,-6.099999999999999867e-02
2.765666999999999831e+01,-5.500000000000000028e-02
2.765832999999999942e+01,-4.900000000000000189e-02
2.766000000000000014e+01,-5.500000000000000028e-02
2.766167000000000087e+01,-6.600000000000000311e-02
2.766332999999999842e+01,-5.700000000000000205e-02
2.766499999999999915e+01,-4.900000000000000189e-02
2.766666999999999987e+01,-5.800000000000000294e-02
2.766833000000000098e+01,-7.399999999999999634e-02
2.767000000000000171e+01,-6.600000000000000311e-02
2.767166999999999888e+01,-5.700000000000000205e-02
2.767332999999999998e+01,-6.300000000000000044e-02
2.767500000000000071e+01,-7.299999999999999545e-02
2.767667000000000144e+01,-6.600000000000000311e-02
2.767832999999999899e+01,-6.099999999999999867e-02
2.767999999999999972e+01,-6.600000000000000311e-02
2.768167000000000044e+01,-7.699999999999999900e-02
2.768333000000000155e+01,-7.299999999999999545e-02
2.768499999999999872e+01,-6.300000000000000044e-02
2.768666999999999945e+01,-6.600000000000000311e-02
2.768833000000000055e+01,-8.300000000000000433e-02
2.769000000000000128e+01,-7.900000000000000078e-02
2.769166999999999845e+01,-6.800000000000000488e-02
2.769332999999999956e+01,-6.900000000000000577e-02
2.769500000000000028e+01,-8.100000000000000255e-02
2.769667000000000101e+01,-7.399999999999999634e-02
2.769832999999999856e+01,-6.199999999999999956e-02
2.769999999999999929e+01,-6.500000000000000222e-02
2.770167000000000002e+01,-8.000000000000000167e-02
2.770333000000000112e+01,-7.299999999999999545e-02
2.770499999999999829e+01,-6.300000000000000044e-02
2.770666999999999902e+01,-6.199999999999999956e-02
2.770833000000000013e+01,-7.499999999999999722e-02
2.771000000000000085e+01,-7.399999999999999634e-02
2.771167000000000158e+01,-6.800000000000000488e-02
2.771332999999999913e+01,-7.099999999999999367e-02
2.771499999999999986e+01,-8.200000000000000344e-02
2.771667000000000058e+01,-8.100000000000000255e-02
2.771833000000000169e+01,-7.099999999999999367e-02
2.771999999999999886e+01,-7.099999999999999367e-02
2.772166999999999959e+01,-8.500000000000000611e-02
2.772333000000000069e+01,-8.000000000000000167e-02
2.772500000000000142e+01,-6.900000000000000577e-02
2.772666999999999859e+01,-7.000000000000000666e-02
2.772832999999999970e+01,-8.599999999999999312e-02
2.773000000000000043e+01,-8.400000000000000522e-02
2.773167000000000115e+01,-7.199999999999999456e-02
2.773332999999999871e+01,-7.299999999999999545e-02
2.773499999999999943e+01,-8.599999999999999312e-02
2.773667000000000016e+01,-8.500000000000000611e-02
2.773833000000000126e+01,-7.599999999999999811e-02
2.773999999999999844e+01,-7.499999999999999722e-02
2.774166999999999916e+01,-9.099999999999999756e-02
2.774333000000000027e+01,-9.400000000000000022e-02
2.774500000000000099e+01,-8.300000000000000433e-02
2.774667000000000172e+01,-8.400000000000000522e-02
2.774832999999999927e+01,-9.500000000000000111e-02
2.775000000000000000e+01,-9.400000000000000022e-02
2.775167000000000073e+01,-7.699999999999999900e-02
2.775332999999999828e+01,-7.299999999999999545e-02
2.775499999999999901e+01,-8.400000000000000522e-02
2.775666999999999973e+01,-8.300000000000000433e-02
2.775833000000000084e+01,-7.199999999999999456e-02
2.776000000000000156e+01,-7.000000000000000666e-02
2.776166999999999874e+01,-8.300000000000000433e-02
2.776332999999999984e+01,-8.400000000000000522e-02
2.776500000000000057e+01,-7.199999999999999456e-02
2.776667000000000129e+01,-7.299999999999999545e-02
2.776832999999999885e+01,-8.799999999999999489e-02
2.776999999999999957e+01,-9.099999999999999756e-02
2.777167000000000030e+01,-7.799999999999999989e-02
2.777333000000000141e+01,-7.499999999999999722e-02
2.777499999999999858e+01,-8.799999999999999489e-02
2.777666999999999931e+01,-8.999999999999999667e-02
2.777833000000000041e+01,-7.699999999999999900e-02
2.778000000000000114e+01,-7.599999999999999811e-02
2.778166999999999831e+01,-9.099999999999999756e-02
2.778332999999999942e+01,-9.299999999999999933e-02
2.778500000000000014e+01,-8.400000000000000522e-02
2.778667000000000087e+01,-8.100000000000000255e-02
2.778832999999999842e+01,-8.999999999999999667e-02
2.778999999999999915e+01,-9.400000000000000022e-02
2.779166999999999987e+01,-8.400000000000000522e-02
2.779333000000000098e+01,-8.400000000000000522e-02
2.779500000000000171e+01,-9.400000000000000022e-02
2.779666999999999888e+01,-9.700000000000000289e-02
2.779832999999999998e+01,-8.500000000000000611e-02
2.780000000000000071e+01,-7.900000000000000078e-02
2.780167000000000144e+01,-8.699999999999999400e-02
2.780332999999999899e+01,-9.400000000000000022e-02
2.780499999999999972e+01,-8.500000000000000611e-02
2.780667000000000044e+01,-8.100000000000000255e-02
2.780833000000000155e+01,-9.299999999999999933e-02
2.780999999999999872e+01,-1.010000000000000064e-01
2.781166999999999945e+01,-8.899999999999999578e-02
2.781333000000000055e+01,-8.300000000000000433e-02
2.781500000000000128e+01,-9.199999999999999845e-02
2.781666999999999845e+01,-1.010000000000000064e-01
2.781832999999999956e+01,-9.099999999999999756e-02
2.782000000000000028e+01,-8.799999999999999489e-02
2.782167000000000101e+01,-9.800000000000000377e-02
2.782332999999999856e+01,-1.089999999999999997e-01
2.782499999999999929e+01,-9.500000000000000111e-02
2.782667000000000002e+01,-8.999999999999999667e-02
2.782833000000000112e+01,-1.010000000000000064e-01
2.782999999999999829e+01,-1.110000000000000014e-01
2.783166999999999902e+01,-9.900000000000000466e-02
2.783333000000000013e+01,-8.999999999999999667e-02
2.783500000000000085e+01,-9.700000000000000289e-02
2.783667000000000158e+01,-1.059999999999999970e-01
2.783832999999999913e+01,-9.299999999999999933e-02
2.783999999999999986e+01,-8.699999999999999400e-02
2.784167000000000058e+01,-9.500000000000000111e-02
2.784333000000000169e+01,-1.059999999999999970e-01
2.784499999999999886e+01,-9.400000000000000022e-02
2.784666999999999959e+01,-8.599999999999999312e-02
2.784833000000000069e+01,-9.400000000000000022e-02
2.785000000000000142e+01,-1.079999999999999988e-01
2.785166999999999859e+01,-9.600000000000000200e-02
2.785332999999999970e+01,-8.500000000000000611e-02
2.785500000000000043e+01,-8.999999999999999667e-02
2.785667000000000115e+01,-1.019999999999999934e-01
2.785832999999999871e+01,-8.999999999999999667e-02
2.785999999999999943e+01,-8.200000000000000344e-02
2.786167000000000016e+01,-8.999999999999999667e-02
2.786333000000000126e+01,-1.039999999999999952e-01
2.786499999999999844e+01,-9.400000000000000022e-02
2.786666999999999916e+01,-8.799999999999999489e-02
2.786833000000000027e+01,-9.299999999999999933e-02
2.787000000000000099e+01,-1.029999999999999943e-01
2.787167000000000172e+01,-8.899999999999999578e-02
2.787332999999999927e+01,-8.100000000000000255e-02
2.787500000000000000e+01,-8.500000000000000611e-02
2.787667000000000073e+01,-9.800000000000000377e-02
2.787832999999999828e+01,-8.799999999999999489e-02
2.787999999999999901e+01,-7.900000000000000078e-02
2.788166999999999973e+01,-8.599999999999999312e-02
2.788333000000000084e+01,-9.900000000000000466e-02
2.788500000000000156e+01,-8.799999999999999489e-02
2.788666999999999874e+01,-7.799999999999999989e-02
2.788832999999999984e+01,-8.200000000000000344e-02
2.789000000000000057e+01,-9.400000000000000022e-02
2.789167000000000129e+01,-8.699999999999999400e-02
2.789332999999999885e+01,-8.000000000000000167e-02
2.789499999999999957e+01,-8.200000000000000344e-02
2.789667000000000030e+01,-9.500000000000000111e-02
2.789833000000000141e+01,-8.799999999999999489e-02
2.789999999999999858e+01,-7.900000000000000078e-02
2.790166999999999931e+01,-7.799999999999999989e-02
2.790333000000000041e+01,-9.199999999999999845e-02
2.790500000000000114e+01,-8.799999999999999489e-02
2.790666999999999831e+01,-8.100000000000000255e-02
2.790832999999999942e+01,-8.500000000000000611e-02
2.791000000000000014e+01,-1.000000000000000056e-01
2.791167000000000087e+01,-9.099999999999999756e-02
2.791332999999999842e+01,-7.799999999999999989e-02
2.791499999999999915e+01,-7.599999999999999811e-02
2.791666999999999987e+01,-9.199999999999999845e-02
2.791833000000000098e+01,-8.899999999999999578e-02
2.792000000000000171e+01,-8.100000000000000255e-02
2.792166999999999888e+01,-8.200000000000000344e-02
2.792332999999999998e+01,-9.700000000000000289e-02
2.792500000000000071e+01,-9.400000000000000022e-02
2.792667000000000144e+01,-8.300000000000000433e-02
2.792832999999999899e+01,-8.400000000000000522e-02
2.792999999999999972e+01,-9.800000000000000377e-02
2.793167000000000044e+01,-9.500000000000000111e-02
2.793333000000000155e+01,-8.400000000000000522e-02
2.793499999999999872e+01,-8.500000000000000611e-02
2.793666999999999945e+01,-9.900000000000000466e-02
2.793833000000000055e+01,-9.600000000000000200e-02
2.794000000000000128e+01,-8.599999999999999312e-02
2.794166999999999845e+01,-8.699999999999999400e-02
2.794332999999999956e+01,-1.039999999999999952e-01
2.794500000000000028e+01,-1.000000000000000056e-01
2.794667000000000101e+01,-8.599999999999999312e-02
2.794832999999999856e+01,-8.500000000000000611e-02
2.794999999999999929e+01,-9.900000000000000466e-02
2.795167000000000002e+01,-9.700000000000000289e-02
2.795333000000000112e+01,-8.200000000000000344e-02
2.795499999999999829e+01,-8.100000000000000255e-02
2.795666999999999902e+01,-9.400000000000000022e-02
2.795833000000000013e+01,-9.700000000000000289e-02
2.796000000000000085e+01,-8.599999999999999312e-02
2.796167000000000158e+01,-8.400000000000000522e-02
2.796332999999999913e+01,-9.800000000000000377e-02
2.796499999999999986e+01,-9.600000000000000200e-02
2.796667000000000058e+01,-8.300000000000000433e-02
2.796833000000000169e+01,-8.200000000000000344e-02
2.796999999999999886e+01,-9.299999999999999933e-02
2.797166999999999959e+01,-9.400000000000000022e-02
2.797333000000000069e+01,-8.300000000000000433e-02
2.797500000000000142e+01,-8.400000000000000522e-02
2.797666999999999859e+01,-1.000000000000000056e-01
2.797832999999999970e+01,-9.900000000000000466e-02
2.798000000000000043e+01,-8.699999999999999400e-02
2.798167000000000115e+01,-8.400000000000000522e-02
2.798332999999999871e+01,-9.400000000000000022e-02
2.798499999999999943e+01,-9.099999999999999756e-02
2.798667000000000016e+01,-7.399999999999999634e-02
2.798833000000000126e+01,-7.000000000000000666e-02
2.798999999999999844e+01,-8.100000000000000255e-02
2.799166999999999916e+01,-8.300000000000000433e-02
2.799333000000000027e+01,-7.199999999999999456e-02
2.799500000000000099e+01,-7.399999999999999634e-02
2.799667000000000172e+01,-8.799999999999999489e-02
2.799832999999999927e+01,-9.099999999999999756e-02
2.800000000000000000e+01,-7.599999999999999811e-02
2.800167000000000073e+01,-7.399999999999999634e-02
2.800332999999999828e+01,-8.599999999999999312e-02
2.800499999999999901e+01,-9.099999999999999756e-02
2.800666999999999973e+01,-7.599999999999999811e-02
2.800833000000000084e+01,-7.499999999999999722e-02
2.801000000000000156e+01,-8.799999999999999489e-02
2.801166999999999874e+01,-9.299999999999999933e-02
2.801332999999999984e+01,-8.000000000000000167e-02
2.801500000000000057e+01,-7.799999999999999989e-02
2.801667000000000129e+01,-8.699999999999999400e-02
2.801832999999999885e+01,-9.500000000000000111e-02
2.801999999999999957e+01,-7.900000000000000078e-02
2.802167000000000030e+01,-7.499999999999999722e-02
2.802333000000000141e+01,-8.400000000000000522e-02
2.802499999999999858e+01,-9.400000000000000022e-02
2.802666999999999931e+01,-8.000000000000000167e-02
2.802833000000000041e+01,-7.399999999999999634e-02
2.803000000000000114e+01,-8.500000000000000611e-02
2.803166999999999831e+01,-9.500000000000000111e-02
2.803332999999999942e+01,-8.000000000000000167e-02
2.803500000000000014e+01,-7.499999999999999722e-02
2.803667000000000087e+01,-8.300000000000000433e-02
2.803832999999999842e+01,-9.099999999999999756e-02
2.803999999999999915e+01,-7.799999999999999989e-02
2.804166999999999987e+01,-7.099999999999999367e-02
2.804333000000000098e+01,-8.000000000000000167e-02
2.804500000000000171e+01,-9.199999999999999845e-02
2.804666999999999888e+01,-8.200000000000000344e-02
2.804832999999999998e+01,-7.699999999999999900e-02
2.805000000000000071e+01,-8.100000000000000255e-02
2.805167000000000144e+01,-9.299999999999999933e-02
2.805332999999999899e+01,-7.900000000000000078e-02
2.805499999999999972e+01,-7.099999999999999367e-02
2.805667000000000044e+01,-7.399999999999999634e-02
2.805833000000000155e+01,-8.500000000000000611e-02
2.805999999999999872e+01,-7.499999999999999722e-02
2.806166999999999945e+01,-7.000000000000000666e-02
2.806333000000000055e+01,-7.799999999999999989e-02
2.806500000000000128e+01,-8.899999999999999578e-02
2.806666999999999845e+01,-7.299999999999999545e-02
2.806832999999999956e+01,-6.700000000000000400e-02
2.807000000000000028e+01,-7.499999999999999722e-02
2.807167000000000101e+01,-9.099999999999999756e-02
2.807332999999999856e+01,-7.799999999999999989e-02
2.807499999999999929e+01,-7.099999999999999367e-02
2.807667000000000002e+01,-7.799999999999999989e-02
2.807833000000000112e+01,-9.500000000000000111e-02
2.807999999999999829e+01,-8.500000000000000611e-02
2.808166999999999902e+01,-8.000000000000000167e-02
2.808333000000000013e+01,-8.799999999999999489e-02
2.808500000000000085e+01,-9.600000000000000200e-02
2.808667000000000158e+01,-8.200000000000000344e-02
2.808832999999999913e+01,-7.399999999999999634e-02
2.808999999999999986e+01,-7.699999999999999900e-02
2.809167000000000058e+01,-9.099999999999999756e-02
2.809333000000000169e+01,-7.799999999999999989e-02
2.809499999999999886e+01,-7.000000000000000666e-02
2.809666999999999959e+01,-7.599999999999999811e-02
2.809833000000000069e+01,-8.699999999999999400e-02
2.810000000000000142e+01,-7.499999999999999722e-02
2.810166999999999859e+01,-6.900000000000000577e-02
2.810332999999999970e+01,-7.299999999999999545e-02
2.810500000000000043e+01,-8.899999999999999578e-02
2.810667000000000115e+01,-8.000000000000000167e-02
2.810832999999999871e+01,-7.199999999999999456e-02
2.810999999999999943e+01,-7.499999999999999722e-02
2.811167000000000016e+01,-8.699999999999999400e-02
2.811333000000000126e+01,-7.599999999999999811e-02
2.811499999999999844e+01,-6.700000000000000400e-02
2.811666999999999916e+01,-7.199999999999999456e-02
2.811833000000000027e+01,-8.599999999999999312e-02
2.812000000000000099e+01,-7.799999999999999989e-02
2.812167000000000172e+01,-6.700000000000000400e-02
2.812332999999999927e+01,-7.000000000000000666e-02
2.812500000000000000e+01,-8.200000000000000344e-02
2.812667000000000073e+01,-7.599999999999999811e-02
2.812832999999999828e+01,-6.500000000000000222e-02
2.812999999999999901e+01,-7.000000000000000666e-02
2.813166999999999973e+01,-8.799999999999999489e-02
2.813333000000000084e+01,-8.400000000000000522e-02
2.813500000000000156e+01,-7.000000000000000666e-02
2.813666999999999874e+01,-7.099999999999999367e-02
2.813832999999999984e+01,-8.500000000000000611e-02
2.814000000000000057e+01,-7.900000000000000078e-02
2.814167000000000129e+01,-6.700000000000000400e-02
2.814332999999999885e+01,-7.199999999999999456e-02
2.814499999999999957e+01,-8.599999999999999312e-02
2.814667000000000030e+01,-8.200000000000000344e-02
2.814833000000000141e+01,-7.000000000000000666e-02
2.814999999999999858e+01,-7.199999999999999456e-02
2.815166999999999931e+01,-8.400000000000000522e-02
2.815333000000000041e+01,-8.300000000000000433e-02
2.815500000000000114e+01,-7.199999999999999456e-02
2.815666999999999831e+01,-7.299999999999999545e-02
2.815832999999999942e+01,-8.500000000000000611e-02
2.816000000000000014e+01,-8.699999999999999400e-02
2.816167000000000087e+01,-7.499999999999999722e-02
2.816332999999999842e+01,-7.699999999999999900e-02
2.816499999999999915e+01,-8.799999999999999489e-02
2.816666999999999987e+01,-8.599999999999999312e-02
2.816833000000000098e+01,-6.800000000000000488e-02
2.817000000000000171e+01,-6.700000000000000400e-02
2.817166999999999888e+01,-8.000000000000000167e-02
2.817332999999999998e+01,-8.400000000000000522e-02
2.817500000000000071e+01,-7.099999999999999367e-02
2.817667000000000144e+01,-7.099999999999999367e-02
2.817832999999999899e+01,-8.100000000000000255e-02
2.817999999999999972e+01,-8.300000000000000433e-02
2.818167000000000044e+01,-7.000000000000000666e-02
2.818333000000000155e+01,-7.000000000000000666e-02
2.818499999999999872e+01,-8.000000000000000167e-02
2.818666999999999945e+01,-8.599999999999999312e-02
2.818833000000000055e+01,-6.900000000000000577e-02
2.819000000000000128e+01,-6.800000000000000488e-02
2.819166999999999845e+01,-7.900000000000000078e-02
2.819332999999999956e+01,-8.400000000000000522e-02
2.819500000000000028e+01,-7.199999999999999456e-02
2.819667000000000101e+01,-7.099999999999999367e-02
2.819832999999999856e+01,-8.300000000000000433e-02
2.819999999999999929e+01,-8.899999999999999578e-02
2.820167000000000002e+01,-7.199999999999999456e-02
2.820333000000000112e+01,-6.700000000000000400e-02
2.820499999999999829e+01,-7.499999999999999722e-02
2.820666999999999902e+01,-7.900000000000000078e-02
2.820833000000000013e+01,-6.199999999999999956e-02
2.821000000000000085e+01,-5.899999999999999689e-02
2.821167000000000158e+01,-6.900000000000000577e-02
2.821332999999999913e+01,-7.799999999999999989e-02
2.821499999999999986e+01,-6.400000000000000133e-02
2.821667000000000058e+01,-6.300000000000000044e-02
2.821833000000000169e+01,-7.399999999999999634e-02
2.821999999999999886e+01,-7.799999999999999989e-02
2.822166999999999959e+01,-6.500000000000000222e-02
2.822333000000000069e+01,-6.300000000000000044e-02
2.822500000000000142e+01,-7.099999999999999367e-02
2.822666999999999859e+01,-7.399999999999999634e-02
2.822832999999999970e+01,-6.199999999999999956e-02
2.823000000000000043e+01,-6.099999999999999867e-02
2.823167000000000115e+01,-7.399999999999999634e-02
2.823332999999999871e+01,-8.699999999999999400e-02
2.823499999999999943e+01,-7.099999999999999367e-02
2.823667000000000016e+01,-6.600000000000000311e-02
2.823833000000000126e+01,-7.299999999999999545e-02
2.823999999999999844e+01,-7.900000000000000078e-02
2.824166999999999916e+01,-6.500000000000000222e-02
2.824333000000000027e+01,-6.199999999999999956e-02
2.824500000000000099e+01,-6.900000000000000577e-02
2.824667000000000172e+01,-7.900000000000000078e-02
2.824832999999999927e+01,-6.600000000000000311e-02
2.825000000000000000e+01,-6.099999999999999867e-02
2.825167000000000073e+01,-7.299999999999999545e-02
2.825332999999999828e+01,-8.300000000000000433e-02
2.825499999999999901e+01,-7.199999999999999456e-02
2.825666999999999973e+01,-6.600000000000000311e-02
2.825833000000000084e+01,-7.099999999999999367e-02
2.826000000000000156e+01,-8.100000000000000255e-02
2.826166999999999874e+01,-7.000000000000000666e-02
2.826332999999999984e+01,-6.500000000000000222e-02
2.826500000000000057e+01,-7.099999999999999367e-02
2.826667000000000129e+01,-8.200000000000000344e-02
2.826832999999999885e+01,-6.700000000000000400e-02
2.826999999999999957e+01,-5.800000000000000294e-02
2.827167000000000030e+01,-6.600000000000000311e-02
2.827333000000000141e+01,-8.100000000000000255e-02
2.827499999999999858e+01,-6.600000000000000311e-02
2.827666999999999931e+01,-5.600000000000000117e-02
2.827833000000000041e+01,-6.300000000000000044e-02
2.828000000000000114e+01,-7.399999999999999634e-02
2.828166999999999831e+01,-6.099999999999999867e-02
2.828332999999999942e+01,-5.099999999999999672e-02
2.828500000000000014e+01,-5.700000000000000205e-02
2.828667000000000087e+01,-7.099999999999999367e-02
2.828832999999999842e+01,-6.300000000000000044e-02
2.828999999999999915e+01,-5.199999999999999761e-02
2.829166999999999987e+01,-5.800000000000000294e-02
2.829333000000000098e+01,-7.099999999999999367e-02
2.829500000000000171e+01,-6.300000000000000044e-02
2.829666999999999888e+01,-5.199999999999999761e-02
2.829832999999999998e+01,-5.500000000000000028e-02
2.830000000000000071e+01,-6.600000000000000311e-02
2.830167000000000144e+01,-5.999999999999999778e-02
2.830332999999999899e+01,-5.500000000000000028e-02
2.830499999999999972e+01,-5.800000000000000294e-02
2.830667000000000044e+01,-6.800000000000000488e-02
2.830833000000000155e+01,-5.999999999999999778e-02
2.830999999999999872e+01,-5.199999999999999761e-02
2.831166999999999945e+01,-5.800000000000000294e-02
2.831333000000000055e+01,-7.099999999999999367e-02
2.831500000000000128e+01,-6.600000000000000311e-02
2.831666999999999845e+01,-5.800000000000000294e-02
2.831832999999999956e+01,-6.400000000000000133e-02
2.832000000000000028e+01,-7.499999999999999722e-02
2.832167000000000101e+01,-6.800000000000000488e-02
2.832332999999999856e+01,-5.899999999999999689e-02
2.832499999999999929e+01,-6.500000000000000222e-02
2.832667000000000002e+01,-7.699999999999999900e-02
2.832833000000000112e+01,-7.000000000000000666e-02
2.832999999999999829e+01,-6.199999999999999956e-02
2.833166999999999902e+01,-6.800000000000000488e-02
2.833333000000000013e+01,-8.100000000000000255e-02
2.833500000000000085e+01,-7.900000000000000078e-02
2.833667000000000158e+01,-6.900000000000000577e-02
2.833832999999999913e+01,-7.000000000000000666e-02
2.833999999999999986e+01,-8.200000000000000344e-02
2.834167000000000058e+01,-7.499999999999999722e-02
2.834333000000000169e+01,-5.899999999999999689e-02
2.834499999999999886e+01,-5.999999999999999778e-02
2.834666999999999959e+01,-7.099999999999999367e-02
2.834833000000000069e+01,-6.400000000000000133e-02
2.835000000000000142e+01,-5.000000000000000278e-02
2.835166999999999859e+01,-5.099999999999999672e-02
2.835332999999999970e+01,-6.500000000000000222e-02
2.835500000000000043e+01,-6.400000000000000133e-02
2.835667000000000115e+01,-5.099999999999999672e-02
2.835832999999999871e+01,-5.600000000000000117e-02
2.835999999999999943e+01,-6.800000000000000488e-02
2.836167000000000016e+01,-6.900000000000000577e-02
2.836333000000000126e+01,-5.899999999999999689e-02
2.836499999999999844e+01,-6.099999999999999867e-02
2.836666999999999916e+01,-7.099999999999999367e-02
2.836833000000000027e+01,-7.099999999999999367e-02
2.837000000000000099e+01,-5.899999999999999689e-02
2.837167000000000172e+01,-5.700000000000000205e-02
2.837332999999999927e+01,-6.700000000000000400e-02
2.837500000000000000e+01,-7.000000000000000666e-02
2.837667000000000073e+01,-5.800000000000000294e-02
2.837832999999999828e+01,-5.800000000000000294e-02
2.837999999999999901e+01,-6.800000000000000488e-02
2.838166999999999973e+01,-6.700000000000000400e-02
2.838333000000000084e+01,-5.500000000000000028e-02
2.838500000000000156e+01,-5.299999999999999850e-02
2.838666999999999874e+01,-6.500000000000000222e-02
2.838832999999999984e+01,-6.800000000000000488e-02
2.839000000000000057e+01,-5.500000000000000028e-02
2.839167000000000129e+01,-5.399999999999999939e-02
2.839332999999999885e+01,-6.500000000000000222e-02
2.839499999999999957e+01,-6.800000000000000488e-02
2.839667000000000030e+01,-5.600000000000000117e-02
2.839833000000000141e+01,-5.600000000000000117e-02
2.839999999999999858e+01,-6.700000000000000400e-02
2.840166999999999931e+01,-7.199999999999999456e-02
2.840333000000000041e+01,-5.899999999999999689e-02
2.840500000000000114e+01,-5.700000000000000205e-02
2.840666999999999831e+01,-7.000000000000000666e-02
2.840832999999999942e+01,-7.299999999999999545e-02
2.841000000000000014e+01,-5.899999999999999689e-02
2.841167000000000087e+01,-5.600000000000000117e-02
2.841332999999999842e+01,-6.900000000000000577e-02
2.841499999999999915e+01,-7.299999999999999545e-02
2.841666999999999987e+01,-5.700000000000000205e-02
2.841833000000000098e+01,-5.199999999999999761e-02
2.842000000000000171e+01,-5.999999999999999778e-02
2.842166999999999888e+01,-6.600000000000000311e-02
2.842332999999999998e+01,-5.399999999999999939e-02
2.842500000000000071e+01,-4.900000000000000189e-02
2.842667000000000144e+01,-5.899999999999999689e-02
2.842832999999999899e+01,-6.500000000000000222e-02
2.842999999999999972e+01,-5.299999999999999850e-02
2.843167000000000044e+01,-5.099999999999999672e-02
2.843333000000000155e+01,-6.099999999999999867e-02
2.843499999999999872e+01,-6.700000000000000400e-02
2.843666999999999945e+01,-5.399999999999999939e-02
2.843833000000000055e+01,-4.900000000000000189e-02
2.844000000000000128e+01,-5.800000000000000294e-02
2.844166999999999845e+01,-6.400000000000000133e-02
2.844332999999999956e+01,-5.199999999999999761e-02
2.844500000000000028e+01,-4.800000000000000100e-02
2.844667000000000101e+01,-5.700000000000000205e-02
2.844832999999999856e+01,-6.400000000000000133e-02
2.844999999999999929e+01,-5.099999999999999672e-02
2.845167000000000002e+01,-4.499999999999999833e-02
2.845333000000000112e+01,-5.199999999999999761e-02
2.845499999999999829e+01,-6.099999999999999867e-02
2.845666999999999902e+01,-4.599999999999999922e-02
2.845833000000000013e+01,-4.200000000000000261e-02
2.846000000000000085e+01,-5.199999999999999761e-02
2.846167000000000158e+01,-6.300000000000000044e-02
2.846332999999999913e+01,-5.600000000000000117e-02
2.846499999999999986e+01,-5.099999999999999672e-02
2.846667000000000058e+01,-5.800000000000000294e-02
2.846833000000000169e+01,-6.700000000000000400e-02
2.846999999999999886e+01,-5.299999999999999850e-02
2.847166999999999959e+01,-4.599999999999999922e-02
2.847333000000000069e+01,-5.299999999999999850e-02
2.847500000000000142e+01,-6.400000000000000133e-02
2.847666999999999859e+01,-5.199999999999999761e-02
2.847832999999999970e+01,-4.200000000000000261e-02
2.848000000000000043e+01,-4.900000000000000189e-02
2.848167000000000115e+01,-5.800000000000000294e-02
2.848332999999999871e+01,-4.900000000000000189e-02
2.848499999999999943e+01,-4.399999999999999745e-02
2.848667000000000016e+01,-4.900000000000000189e-02
2.848833000000000126e+01,-5.600000000000000117e-02
2.848999999999999844e+01,-4.499999999999999833e-02
2.849166999999999916e+01,-3.799999999999999906e-02
2.849333000000000027e+01,-4.700000000000000011e-02
2.849500000000000099e+01,-5.700000000000000205e-02
2.849667000000000172e+01,-4.800000000000000100e-02
2.849832999999999927e+01,-4.100000000000000172e-02
2.850000000000000000e+01,-4.700000000000000011e-02
2.850167000000000073e+01,-5.700000000000000205e-02
2.850332999999999828e+01,-4.700000000000000011e-02
2.850499999999999901e+01,-3.799999999999999906e-02
2.850666999999999973e+01,-4.700000000000000011e-02
2.850833000000000084e+01,-5.899999999999999689e-02
2.851000000000000156e+01,-5.000000000000000278e-02
2.851166999999999874e+01,-4.399999999999999745e-02
2.851332999999999984e+01,-5.299999999999999850e-02
2.851500000000000057e+01,-6.300000000000000044e-02
2.851667000000000129e+01,-5.099999999999999672e-02
2.851832999999999885e+01,-4.200000000000000261e-02
2.851999999999999957e+01,-4.800000000000000100e-02
2.852167000000000030e+01,-6.099999999999999867e-02
2.852333000000000141e+01,-5.399999999999999939e-02
2.852499999999999858e+01,-4.900000000000000189e-02
2.852666999999999931e+01,-5.500000000000000028e-02
2.852833000000000041e+01,-6.900000000000000577e-02
2.853000000000000114e+01,-6.300000000000000044e-02
2.853166999999999831e+01,-5.299999999999999850e-02
2.853332999999999942e+01,-5.999999999999999778e-02
2.853500000000000014e+01,-7.299999999999999545e-02
2.853667000000000087e+01,-6.300000000000000044e-02
2.853832999999999842e+01,-5.000000000000000278e-02
2.853999999999999915e+01,-5.199999999999999761e-02
2.854166999999999987e+01,-6.500000000000000222e-02
2.854333000000000098e+01,-6.099999999999999867e-02
2.854500000000000171e+01,-5.199999999999999761e-02
2.854666999999999888e+01,-5.700000000000000205e-02
2.854832999999999998e+01,-6.700000000000000400e-02
2.855000000000000071e+01,-6.099999999999999867e-02
2.855167000000000144e+01,-4.900000000000000189e-02
2.855332999999999899e+01,-4.700000000000000011e-02
2.855499999999999972e+01,-5.500000000000000028e-02
2.855667000000000044e+01,-5.000000000000000278e-02
2.855833000000000155e+01,-4.200000000000000261e-02
2.855999999999999872e+01,-4.399999999999999745e-02
2.856166999999999945e+01,-5.800000000000000294e-02
2.856333000000000055e+01,-5.500000000000000028e-02
2.856500000000000128e+01,-4.700000000000000011e-02
2.856666999999999845e+01,-4.800000000000000100e-02
2.856832999999999956e+01,-5.800000000000000294e-02
2.857000000000000028e+01,-5.500000000000000028e-02
2.857167000000000101e+01,-4.499999999999999833e-02
2.857332999999999856e+01,-5.000000000000000278e-02
2.857499999999999929e+01,-6.199999999999999956e-02
2.857667000000000002e+01,-6.199999999999999956e-02
2.857833000000000112e+01,-5.000000000000000278e-02
2.857999999999999829e+01,-4.800000000000000100e-02
2.858166999999999902e+01,-5.700000000000000205e-02
2.858333000000000013e+01,-5.600000000000000117e-02
2.858500000000000085e+01,-4.399999999999999745e-02
2.858667000000000158e+01,-4.800000000000000100e-02
2.858832999999999913e+01,-6.300000000000000044e-02
2.858999999999999986e+01,-6.099999999999999867e-02
2.859167000000000058e+01,-4.599999999999999922e-02
2.859333000000000169e+01,-4.499999999999999833e-02
2.859499999999999886e+01,-5.899999999999999689e-02
2.859666999999999959e+01,-5.800000000000000294e-02
2.859833000000000069e+01,-4.700000000000000011e-02
2.860000000000000142e+01,-4.700000000000000011e-02
2.860166999999999859e+01,-5.899999999999999689e-02
2.860332999999999970e+01,-5.899999999999999689e-02
2.860500000000000043e+01,-4.499999999999999833e-02
2.860667000000000115e+01,-4.200000000000000261e-02
2.860832999999999871e+01,-5.000000000000000278e-02
2.860999999999999943e+01,-4.700000000000000011e-02
2.861167000000000016e+01,-3.699999999999999817e-02
2.861333000000000126e+01,-3.799999999999999906e-02
2.861499999999999844e+01,-5.299999999999999850e-02
2.861666999999999916e+01,-5.500000000000000028e-02
2.861833000000000027e+01,-4.200000000000000261e-02
2.862000000000000099e+01,-3.799999999999999906e-02
2.862167000000000172e+01,-5.000000000000000278e-02
2.862332999999999927e+01,-5.299999999999999850e-02
2.862500000000000000e+01,-4.200000000000000261e-02
2.862667000000000073e+01,-4.000000000000000083e-02
2.862832999999999828e+01,-4.800000000000000100e-02
2.862999999999999901e+01,-5.000000000000000278e-02
2.863166999999999973e+01,-3.899999999999999994e-02
2.863333000000000084e+01,-3.500000000000000333e-02
2.863500000000000156e+01,-4.399999999999999745e-02
2.863666999999999874e+01,-4.399999999999999745e-02
2.863832999999999984e+01,-3.099999999999999978e-02
2.864000000000000057e+01,-2.699999999999999969e-02
2.864167000000000129e+01,-3.699999999999999817e-02
2.864332999999999885e+01,-4.000000000000000083e-02
2.864499999999999957e+01,-2.800000000000000058e-02
2.864667000000000030e+01,-2.299999999999999961e-02
2.864833000000000141e+01,-3.300000000000000155e-02
2.864999999999999858e+01,-3.899999999999999994e-02
2.865166999999999931e+01,-2.699999999999999969e-02
2.865333000000000041e+01,-2.599999999999999881e-02
2.865500000000000114e+01,-4.100000000000000172e-02
2.865666999999999831e+01,-5.399999999999999939e-02
2.865832999999999942e+01,-4.200000000000000261e-02
2.866000000000000014e+01,-3.400000000000000244e-02
2.866167000000000087e+01,-4.299999999999999656e-02
2.866332999999999842e+01,-5.099999999999999672e-02
2.866499999999999915e+01,-4.100000000000000172e-02
2.866666999999999987e+01,-3.599999999999999728e-02
2.866833000000000098e+01,-4.599999999999999922e-02
2.867000000000000171e+01,-5.700000000000000205e-02
2.867166999999999888e+01,-4.499999999999999833e-02
2.867332999999999998e+01,-3.899999999999999994e-02
2.867500000000000071e+01,-4.499999999999999833e-02
2.867667000000000144e+01,-5.199999999999999761e-02
2.867832999999999899e+01,-4.200000000000000261e-02
2.867999999999999972e+01,-3.200000000000000067e-02
2.868167000000000044e+01,-3.599999999999999728e-02
2.868333000000000155e+01,-4.700000000000000011e-02
2.868499999999999872e+01,-3.799999999999999906e-02
2.868666999999999945e+01,-3.300000000000000155e-02
2.868833000000000055e+01,-4.100000000000000172e-02
2.869000000000000128e+01,-5.199999999999999761e-02
2.869166999999999845e+01,-4.100000000000000172e-02
2.869332999999999956e+01,-3.400000000000000244e-02
2.869500000000000028e+01,-4.299999999999999656e-02
2.869667000000000101e+01,-5.399999999999999939e-02
2.869832999999999856e+01,-3.899999999999999994e-02
2.869999999999999929e+01,-3.099999999999999978e-02
2.870167000000000002e+01,-3.899999999999999994e-02
2.870333000000000112e+01,-5.199999999999999761e-02
2.870499999999999829e+01,-4.100000000000000172e-02
2.870666999999999902e+01,-3.300000000000000155e-02
2.870833000000000013e+01,-3.799999999999999906e-02
2.871000000000000085e+01,-4.900000000000000189e-02
2.871167000000000158e+01,-3.699999999999999817e-02
2.871332999999999913e+01,-2.800000000000000058e-02
2.871499999999999986e+01,-3.300000000000000155e-02
2.871667000000000058e+01,-4.499999999999999833e-02
2.871833000000000169e+01,-3.599999999999999728e-02
2.871999999999999886e+01,-2.800000000000000058e-02
2.872166999999999959e+01,-3.300000000000000155e-02
2.872333000000000069e+01,-4.700000000000000011e-02
2.872500000000000142e+01,-3.799999999999999906e-02
2.872666999999999859e+01,-2.999999999999999889e-02
2.872832999999999970e+01,-3.400000000000000244e-02
2.873000000000000043e+01,-4.599999999999999922e-02
2.873167000000000115e+01,-3.699999999999999817e-02
2.873332999999999871e+01,-2.999999999999999889e-02
2.873499999999999943e+01,-3.099999999999999978e-02
2.873667000000000016e+01,-4.299999999999999656e-02
2.873833000000000126e+01,-3.400000000000000244e-02
2.873999999999999844e+01,-2.900000000000000147e-02
2.874166999999999916e+01,-3.300000000000000155e-02
2.874333000000000027e+01,-4.700000000000000011e-02
2.874500000000000099e+01,-3.899999999999999994e-02
2.874667000000000172e+01,-2.800000000000000058e-02
2.874832999999999927e+01,-2.999999999999999889e-02
2.875000000000000000e+01,-4.399999999999999745e-02
2.875167000000000073e+01,-3.799999999999999906e-02
2.875332999999999828e+01,-3.099999999999999978e-02
2.875499999999999901e+01,-3.799999999999999906e-02
2.875666999999999973e+01,-5.500000000000000028e-02
2.875833000000000084e+01,-4.700000000000000011e-02
2.876000000000000156e+01,-3.699999999999999817e-02
2.876166999999999874e+01,-4.000000000000000083e-02
2.876332999999999984e+01,-5.700000000000000205e-02
2.876500000000000057e+01,-4.800000000000000100e-02
2.876667000000000129e+01,-3.899999999999999994e-02
2.876832999999999885e+01,-4.299999999999999656e-02
2.876999999999999957e+01,-5.600000000000000117e-02
2.877167000000000030e+01,-4.800000000000000100e-02
2.877333000000000141e+01,-3.799999999999999906e-02
2.877499999999999858e+01,-3.699999999999999817e-02
2.877666999999999931e+01,-4.900000000000000189e-02
2.877833000000000041e+01,-4.200000000000000261e-02
2.878000000000000114e+01,-2.999999999999999889e-02
2.878166999999999831e+01,-3.099999999999999978e-02
2.878332999999999942e+01,-4.700000000000000011e-02
2.878500000000000014e+01,-4.399999999999999745e-02
2.878667000000000087e+01,-2.999999999999999889e-02
2.878832999999999842e+01,-3.300000000000000155e-02
2.878999999999999915e+01,-5.099999999999999672e-02
2.879166999999999987e+01,-4.800000000000000100e-02
2.879333000000000098e+01,-3.400000000000000244e-02
2.879500000000000171e+01,-3.400000000000000244e-02
2.879666999999999888e+01,-5.000000000000000278e-02
2.879832999999999998e+01,-4.700000000000000011e-02
2.880000000000000071e+01,-3.599999999999999728e-02
2.880167000000000144e+01,-3.799999999999999906e-02
2.880332999999999899e+01,-5.199999999999999761e-02
2.880499999999999972e+01,-5.099999999999999672e-02
2.880667000000000044e+01,-4.299999999999999656e-02
2.880833000000000155e+01,-4.299999999999999656e-02
2.880999999999999872e+01,-5.899999999999999689e-02
2.881166999999999945e+01,-5.800000000000000294e-02
2.881333000000000055e+01,-4.100000000000000172e-02
2.881500000000000128e+01,-4.000000000000000083e-02
2.881666999999999845e+01,-5.199999999999999761e-02
2.881832999999999956e+01,-5.299999999999999850e-02
2.882000000000000028e+01,-3.799999999999999906e-02
2.882167000000000101e+01,-3.500000000000000333e-02
2.882332999999999856e+01,-4.599999999999999922e-02
2.882499999999999929e+01,-4.800000000000000100e-02
2.882667000000000002e+01,-3.500000000000000333e-02
2.882833000000000112e+01,-3.400000000000000244e-02
2.882999999999999829e+01,-4.399999999999999745e-02
2.883166999999999902e+01,-4.900000000000000189e-02
2.883333000000000013e+01,-3.500000000000000333e-02
2.883500000000000085e+01,-2.999999999999999889e-02
2.883667000000000158e+01,-4.100000000000000172e-02
2.883832999999999913e+01,-4.299999999999999656e-02
2.883999999999999986e+01,-2.900000000000000147e-02
2.884167000000000058e+01,-2.500000000000000139e-02
2.884333000000000169e+01,-3.599999999999999728e-02
2.884499999999999886e+01,-4.200000000000000261e-02
2.884666999999999959e+01,-2.699999999999999969e-02
2.884833000000000069e+01,-2.500000000000000139e-02
2.885000000000000142e+01,-3.599999999999999728e-02
2.885166999999999859e+01,-4.200000000000000261e-02
2.885332999999999970e+01,-2.599999999999999881e-02
2.885500000000000043e+01,-2.299999999999999961e-02
2.885667000000000115e+01,-3.300000000000000155e-02
2.885832999999999871e+01,-3.699999999999999817e-02
2.885999999999999943e+01,-2.400000000000000050e-02
2.886167000000000016e+01,-2.199999999999999872e-02
2.886333000000000126e+01,-3.699999999999999817e-02
2.886499999999999844e+01,-4.700000000000000011e-02
2.886666999999999916e+01,-3.300000000000000155e-02
2.886833000000000027e+01,-2.999999999999999889e-02
2.887000000000000099e+01,-3.899999999999999994e-02
2.887167000000000172e+01,-4.800000000000000100e-02
2.887332999999999927e+01,-3.500000000000000333e-02
2.887500000000000000e+01,-3.099999999999999978e-02
2.887667000000000073e+01,-4.000000000000000083e-02
2.887832999999999828e+01,-4.800000000000000100e-02
2.887999999999999901e+01,-3.300000000000000155e-02
2.888166999999999973e+01,-2.800000000000000058e-02
2.888333000000000084e+01,-3.699999999999999817e-02
2.888500000000000156e+01,-4.599999999999999922e-02
2.888666999999999874e+01,-3.200000000000000067e-02
2.888832999999999984e+01,-2.400000000000000050e-02
2.889000000000000057e+01,-2.800000000000000058e-02
2.889167000000000129e+01,-3.599999999999999728e-02
2.889332999999999885e+01,-2.400000000000000050e-02
2.889499999999999957e+01,-2.400000000000000050e-02
2.889667000000000030e+01,-2.900000000000000147e-02
2.889833000000000141e+01,-3.799999999999999906e-02
2.889999999999999858e+01,-2.500000000000000139e-02
2.890166999999999931e+01,-2.000000000000000042e-02
2.890333000000000041e+01,-2.599999999999999881e-02
2.890500000000000114e+01,-3.899999999999999994e-02
2.890666999999999831e+01,-2.599999999999999881e-02
2.890832999999999942e+01,-2.000000000000000042e-02
2.891000000000000014e+01,-3.099999999999999978e-02
2.891167000000000087e+01,-4.399999999999999745e-02
2.891332999999999842e+01,-2.999999999999999889e-02
2.891499999999999915e+01,-2.400000000000000050e-02
2.891666999999999987e+01,-3.699999999999999817e-02
2.891833000000000098e+01,-4.900000000000000189e-02
2.892000000000000171e+01,-3.400000000000000244e-02
2.892166999999999888e+01,-2.500000000000000139e-02
2.892332999999999998e+01,-2.999999999999999889e-02
2.892500000000000071e+01,-4.299999999999999656e-02
2.892667000000000144e+01,-3.200000000000000067e-02
2.892832999999999899e+01,-2.500000000000000139e-02
2.892999999999999972e+01,-2.800000000000000058e-02
2.893167000000000044e+01,-4.200000000000000261e-02
2.893333000000000155e+01,-3.200000000000000067e-02
2.893499999999999872e+01,-2.900000000000000147e-02
2.893666999999999945e+01,-3.599999999999999728e-02
2.893833000000000055e+01,-4.499999999999999833e-02
2.894000000000000128e+01,-3.400000000000000244e-02
2.894166999999999845e+01,-2.299999999999999961e-02
2.894332999999999956e+01,-2.599999999999999881e-02
2.894500000000000028e+01,-4.000000000000000083e-02
2.894667000000000101e+01,-2.999999999999999889e-02
2.894832999999999856e+01,-2.800000000000000058e-02
2.894999999999999929e+01,-3.200000000000000067e-02
2.895167000000000002e+01,-4.700000000000000011e-02
2.895333000000000112e+01,-3.500000000000000333e-02
2.895499999999999829e+01,-2.500000000000000139e-02
2.895666999999999902e+01,-2.999999999999999889e-02
2.895833000000000013e+01,-4.299999999999999656e-02
2.896000000000000085e+01,-3.099999999999999978e-02
2.896167000000000158e+01,-2.199999999999999872e-02
2.896332999999999913e+01,-2.599999999999999881e-02
2.896499999999999986e+01,-4.000000000000000083e-02
2.896667000000000058e+01,-2.999999999999999889e-02
2.896833000000000169e+01,-1.899999999999999953e-02
2.896999999999999886e+01,-2.400000000000000050e-02
2.897166999999999959e+01,-4.299999999999999656e-02
2.897333000000000069e+01,-4.100000000000000172e-02
2.897500000000000142e+01,-2.699999999999999969e-02
2.897666999999999859e+01,-2.599999999999999881e-02
2.897832999999999970e+01,-3.599999999999999728e-02
2.898000000000000043e+01,-3.400000000000000244e-02
2.898167000000000115e+01,-2.199999999999999872e-02
2.898332999999999871e+01,-2.400000000000000050e-02
2.898499999999999943e+01,-3.699999999999999817e-02
2.898667000000000016e+01,-3.400000000000000244e-02
2.898833000000000126e+01,-2.400000000000000050e-02
2.898999999999999844e+01,-2.800000000000000058e-02
2.899166999999999916e+01,-4.399999999999999745e-02
2.899333000000000027e+01,-4.100000000000000172e-02
2.899500000000000099e+01,-2.800000000000000058e-02
2.899667000000000172e+01,-3.200000000000000067e-02
2.899832999999999927e+01,-4.599999999999999922e-02
2.900000000000000000e+01,-4.499999999999999833e-02
2.900167000000000073e+01,-3.099999999999999978e-02
2.900332999999999828e+01,-2.999999999999999889e-02
2.900499999999999901e+01,-4.100000000000000172e-02
2.900666999999999973e+01,-4.100000000000000172e-02
2.900833000000000084e+01,-2.699999999999999969e-02
2.901000000000000156e+01,-2.500000000000000139e-02
2.901166999999999874e+01,-3.899999999999999994e-02
2.901332999999999984e+01,-3.699999999999999817e-02
2.901500000000000057e+01,-2.500000000000000139e-02
2.901667000000000129e+01,-2.500000000000000139e-02
2.901832999999999885e+01,-3.500000000000000333e-02
2.901999999999999957e+01,-3.400000000000000244e-02
2.902167000000000030e+01,-2.100000000000000130e-02
2.902333000000000141e+01,-2.199999999999999872e-02
2.902499999999999858e+01,-3.200000000000000067e-02
2.902666999999999931e+01,-3.200000000000000067e-02
2.902833000000000041e+01,-2.000000000000000042e-02
2.903000000000000114e+01,-1.899999999999999953e-02
2.903166999999999831e+01,-3.200000000000000067e-02
2.903332999999999942e+01,-3.599999999999999728e-02
2.903500000000000014e+01,-2.599999999999999881e-02
2.903667000000000087e+01,-2.699999999999999969e-02
2.903832999999999842e+01,-3.599999999999999728e-02
2.903999999999999915e+01,-4.299999999999999656e-02
2.904166999999999987e+01,-3.099999999999999978e-02
2.904333000000000098e+01,-2.699999999999999969e-02
2.904500000000000171e+01,-3.500000000000000333e-02
2.904666999999999888e+01,-3.799999999999999906e-02
2.904832999999999998e+01,-2.400000000000000050e-02
2.905000000000000071e+01,-2.500000000000000139e-02
2.905167000000000144e+01,-3.599999999999999728e-02
2.905332999999999899e+01,-4.399999999999999745e-02
2.905499999999999972e+01,-3.300000000000000155e-02
2.905667000000000044e+01,-3.099999999999999978e-02
2.905833000000000155e+01,-3.699999999999999817e-02
2.905999999999999872e+01,-4.000000000000000083e-02
2.906166999999999945e+01,-2.400000000000000050e-02
2.906333000000000055e+01,-1.700000000000000122e-02
2.906500000000000128e+01,-2.500000000000000139e-02
2.906666999999999845e+01,-3.400000000000000244e-02
2.906832999999999956e+01,-2.100000000000000130e-02
2.907000000000000028e+01,-1.899999999999999953e-02
2.907167000000000101e+01,-2.999999999999999889e-02
2.907332999999999856e+01,-3.400000000000000244e-02
2.907499999999999929e+01,-2.000000000000000042e-02
2.907667000000000002e+01,-1.799999999999999864e-02
2.907833000000000112e+01,-3.200000000000000067e-02
2.907999999999999829e+01,-4.100000000000000172e-02
2.908166999999999902e+01,-2.599999999999999881e-02
2.908333000000000013e+01,-2.199999999999999872e-02
2.908500000000000085e+01,-2.999999999999999889e-02
2.908667000000000158e+01,-3.899999999999999994e-02
2.908832999999999913e+01,-2.699999999999999969e-02
2.908999999999999986e+01,-2.100000000000000130e-02
2.909167000000000058e+01,-3.099999999999999978e-02
2.909333000000000169e+01,-4.299999999999999656e-02
2.909499999999999886e+01,-3.099999999999999978e-02
2.909666999999999959e+01,-2.599999999999999881e-02
2.909833000000000069e+01,-3.200000000000000067e-02
2.910000000000000142e+01,-4.000000000000000083e-02
2.910166999999999859e+01,-2.500000000000000139e-02
2.910332999999999970e+01,-1.799999999999999864e-02
2.910500000000000043e+01,-2.699999999999999969e-02
2.910667000000000115e+01,-3.899999999999999994e-02
2.910832999999999871e+01,-2.999999999999999889e-02
2.910999999999999943e+01,-2.599999999999999881e-02
2.911167000000000016e+01,-3.300000000000000155e-02
2.911333000000000126e+01,-4.299999999999999656e-02
2.911499999999999844e+01,-2.800000000000000058e-02
2.911666999999999916e+01,-2.000000000000000042e-02
2.911833000000000027e+01,-2.800000000000000058e-02
2.912000000000000099e+01,-3.899999999999999994e-02
2.912167000000000172e+01,-2.800000000000000058e-02
2.912332999999999927e+01,-2.100000000000000130e-02
2.912500000000000000e+01,-2.900000000000000147e-02
2.912667000000000073e+01,-3.899999999999999994e-02
2.912832999999999828e+01,-2.599999999999999881e-02
2.912999999999999901e+01,-1.899999999999999953e-02
2.913166999999999973e+01,-2.800000000000000058e-02
2.913333000000000084e+01,-4.000000000000000083e-02
2.913500000000000156e+01,-2.999999999999999889e-02
2.913666999999999874e+01,-2.000000000000000042e-02
2.913832999999999984e+01,-2.500000000000000139e-02
2.914000000000000057e+01,-3.599999999999999728e-02
2.914167000000000129e+01,-2.199999999999999872e-02
2.914332999999999885e+01,-1.099999999999999936e-02
2.914499999999999957e+01,-1.700000000000000122e-02
2.914667000000000030e+01,-3.099999999999999978e-02
2.914833000000000141e+01,-2.199999999999999872e-02
2.914999999999999858e+01,-1.200000000000000025e-02
2.915166999999999931e+01,-1.700000000000000122e-02
2.915333000000000041e+01,-2.800000000000000058e-02
2.915500000000000114e+01,-1.899999999999999953e-02
2.915666999999999831e+01,-1.400000000000000029e-02
2.915832999999999942e+01,-2.000000000000000042e-02
2.916000000000000014e+01,-3.300000000000000155e-02
2.916167000000000087e+01,-2.900000000000000147e-02
2.916332999999999842e+01,-2.299999999999999961e-02
2.916499999999999915e+01,-2.800000000000000058e-02
2.916666999999999987e+01,-4.100000000000000172e-02
2.916833000000000098e+01,-3.500000000000000333e-02
2.917000000000000171e+01,-2.100000000000000130e-02
2.917166999999999888e+01,-2.699999999999999969e-02
2.917332999999999998e+01,-3.799999999999999906e-02
2.917500000000000071e+01,-3.300000000000000155e-02
2.917667000000000144e+01,-1.899999999999999953e-02
2.917832999999999899e+01,-2.100000000000000130e-02
2.917999999999999972e+01,-3.200000000000000067e-02
2.918167000000000044e+01,-3.099999999999999978e-02
2.918333000000000155e+01,-2.100000000000000130e-02
2.918499999999999872e+01,-2.500000000000000139e-02
2.918666999999999945e+01,-3.500000000000000333e-02
2.918833000000000055e+01,-3.099999999999999978e-02
2.919000000000000128e+01,-1.799999999999999864e-02
2.919166999999999845e+01,-2.299999999999999961e-02
2.919332999999999956e+01,-3.699999999999999817e-02
2.919500000000000028e+01,-3.300000000000000155e-02
2.919667000000000101e+01,-2.000000000000000042e-02
2.919832999999999856e+01,-2.299999999999999961e-02
2.919999999999999929e+01,-3.799999999999999906e-02
2.920167000000000002e+01,-3.599999999999999728e-02
2.920333000000000112e+01,-2.199999999999999872e-02
2.920499999999999829e+01,-2.100000000000000130e-02
2.920666999999999902e+01,-3.400000000000000244e-02
2.920833000000000013e+01,-2.900000000000000147e-02
2.921000000000000085e+01,-1.899999999999999953e-02
2.921167000000000158e+01,-1.899999999999999953e-02
2.921332999999999913e+01,-3.200000000000000067e-02
2.921499999999999986e+01,-3.400000000000000244e-02
2.921667000000000058e+01,-1.899999999999999953e-02
2.921833000000000169e+01,-1.799999999999999864e-02
2.921999999999999886e+01,-2.900000000000000147e-02
2.922166999999999959e+01,-3.099999999999999978e-02
2.922333000000000069e+01,-2.199999999999999872e-02
2.922500000000000142e+01,-2.299999999999999961e-02
2.922666999999999859e+01,-3.400000000000000244e-02
2.922832999999999970e+01,-3.699999999999999817e-02
2.923000000000000043e+01,-2.500000000000000139e-02
2.923167000000000115e+01,-2.500000000000000139e-02
2.923332999999999871e+01,-3.899999999999999994e-02
2.923499999999999943e+01,-4.200000000000000261e-02
2.923667000000000016e+01,-2.900000000000000147e-02
2.923833000000000126e+01,-2.599999999999999881e-02
2.923999999999999844e+01,-3.799999999999999906e-02
2.924166999999999916e+01,-4.100000000000000172e-02
2.924333000000000027e+01,-2.699999999999999969e-02
2.924500000000000099e+01,-2.400000000000000050e-02
2.924667000000000172e+01,-3.699999999999999817e-02
2.924832999999999927e+01,-4.100000000000000172e-02
2.925000000000000000e+01,-2.699999999999999969e-02
2.925167000000000073e+01,-2.299999999999999961e-02
2.925332999999999828e+01,-3.300000000000000155e-02
2.925499999999999901e+01,-3.599999999999999728e-02
2.925666999999999973e+01,-2.299999999999999961e-02
2.925833000000000084e+01,-2.000000000000000042e-02
2.926000000000000156e+01,-2.999999999999999889e-02
2.926166999999999874e+01,-3.699999999999999817e-02
2.926332999999999984e+01,-2.500000000000000139e-02
2.926500000000000057e+01,-2.299999999999999961e-02
2.926667000000000129e+01,-3.300000000000000155e-02
2.926832999999999885e+01,-3.500000000000000333e-02
2.926999999999999957e+01,-2.100000000000000130e-02
2.927167000000000030e+01,-2.000000000000000042e-02
2.927333000000000141e+01,-3.400000000000000244e-02
2.927499999999999858e+01,-4.200000000000000261e-02
2.927666999999999931e+01,-3.099999999999999978e-02
2.927833000000000041e+01,-2.500000000000000139e-02
2.928000000000000114e+01,-3.400000000000000244e-02
2.928166999999999831e+01,-4.100000000000000172e-02
2.928332999999999942e+01,-2.800000000000000058e-02
2.928500000000000014e+01,-2.500000000000000139e-02
2.928667000000000087e+01,-3.599999999999999728e-02
2.928832999999999842e+01,-4.200000000000000261e-02
2.928999999999999915e+01,-2.800000000000000058e-02
2.929166999999999987e+01,-2.000000000000000042e-02
2.929333000000000098e+01,-3.200000000000000067e-02
2.929500000000000171e+01,-4.100000000000000172e-02
2.929666999999999888e+01,-2.900000000000000147e-02
2.929832999999999998e+01,-2.900000000000000147e-02
2.930000000000000071e+01,-3.599999999999999728e-02
2.930167000000000144e+01,-4.200000000000000261e-02
2.930332999999999899e+01,-2.699999999999999969e-02
2.930499999999999972e+01,-2.000000000000000042e-02
2.930667000000000044e+01,-2.800000000000000058e-02
2.930833000000000155e+01,-3.500000000000000333e-02
2.930999999999999872e+01,-2.500000000000000139e-02
2.931166999999999945e+01,-2.199999999999999872e-02
2.931333000000000055e+01,-3.300000000000000155e-02
2.931500000000000128e+01,-4.100000000000000172e-02
2.931666999999999845e+01,-3.200000000000000067e-02
2.931832999999999956e+01,-2.699999999999999969e-02
2.932000000000000028e+01,-3.300000000000000155e-02
2.932167000000000101e+01,-4.000000000000000083e-02
2.932332999999999856e+01,-2.800000000000000058e-02
2.932499999999999929e+01,-1.899999999999999953e-02
2.932667000000000002e+01,-2.599999999999999881e-02
2.932833000000000112e+01,-3.699999999999999817e-02
2.932999999999999829e+01,-2.599999999999999881e-02
2.933166999999999902e+01,-1.700000000000000122e-02
2.933333000000000013e+01,-2.199999999999999872e-02
2.933500000000000085e+01,-3.200000000000000067e-02
2.933667000000000158e+01,-2.299999999999999961e-02
2.933832999999999913e+01,-1.400000000000000029e-02
2.933999999999999986e+01,-2.000000000000000042e-02
2.934167000000000058e+01,-3.500000000000000333e-02
2.934333000000000169e+01,-2.500000000000000139e-02
2.934499999999999886e+01,-1.799999999999999864e-02
2.934666999999999959e+01,-2.299999999999999961e-02
2.934833000000000069e+01,-3.300000000000000155e-02
2.935000000000000142e+01,-2.299999999999999961e-02
2.935166999999999859e+01,-1.499999999999999944e-02
2.935332999999999970e+01,-2.400000000000000050e-02
2.935500000000000043e+01,-3.799999999999999906e-02
2.935667000000000115e+01,-2.699999999999999969e-02
2.935832999999999871e+01,-2.000000000000000042e-02
2.935999999999999943e+01,-2.199999999999999872e-02
2.936167000000000016e+01,-3.500000000000000333e-02
2.936333000000000126e+01,-2.599999999999999881e-02
2.936499999999999844e+01,-1.499999999999999944e-02
2.936666999999999916e+01,-2.400000000000000050e-02
2.936833000000000027e+01,-3.799999999999999906e-02
2.937000000000000099e+01,-2.900000000000000147e-02
2.937167000000000172e+01,-1.799999999999999864e-02
2.937332999999999927e+01,-2.400000000000000050e-02
2.937500000000000000e+01,-3.500000000000000333e-02
2.937667000000000073e+01,-2.599999999999999881e-02
2.937832999999999828e+01,-1.600000000000000033e-02
2.937999999999999901e+01,-2.199999999999999872e-02
2.938166999999999973e+01,-3.500000000000000333e-02
2.938333000000000084e+01,-2.800000000000000058e-02
2.938500000000000156e+01,-1.799999999999999864e-02
2.938666999999999874e+01,-2.100000000000000130e-02
2.938832999999999984e+01,-3.500000000000000333e-02
2.939000000000000057e+01,-2.599999999999999881e-02
2.939167000000000129e+01,-1.200000000000000025e-02
2.939332999999999885e+01,-1.600000000000000033e-02
2.939499999999999957e+01,-3.200000000000000067e-02
2.939667000000000030e+01,-2.500000000000000139e-02
2.939833000000000141e+01,-1.600000000000000033e-02
2.939999999999999858e+01,-1.700000000000000122e-02
2.940166999999999931e+01,-2.800000000000000058e-02
2.940333000000000041e+01,-2.500000000000000139e-02
2.940500000000000114e+01,-1.400000000000000029e-02
2.940666999999999831e+01,-1.899999999999999953e-02
2.940832999999999942e+01,-3.300000000000000155e-02
2.941000000000000014e+01,-2.999999999999999889e-02
2.941167000000000087e+01,-1.899999999999999953e-02
2.941332999999999842e+01,-1.700000000000000122e-02
2.941499999999999915e+01,-2.800000000000000058e-02
2.941666999999999987e+01,-2.599999999999999881e-02
2.941833000000000098e+01,-1.700000000000000122e-02
2.942000000000000171e+01,-1.700000000000000122e-02
2.942166999999999888e+01,-2.900000000000000147e-02
2.942332999999999998e+01,-2.400000000000000050e-02
2.942500000000000071e+01,-1.700000000000000122e-02
2.942667000000000144e+01,-2.000000000000000042e-02
2.942832999999999899e+01,-3.200000000000000067e-02
2.942999999999999972e+01,-2.800000000000000058e-02
2.943167000000000044e+01,-1.600000000000000033e-02
2.943333000000000155e+01,-1.899999999999999953e-02
2.943499999999999872e+01,-3.099999999999999978e-02
2.943666999999999945e+01,-3.200000000000000067e-02
2.943833000000000055e+01,-2.000000000000000042e-02
2.944000000000000128e+01,-1.799999999999999864e-02
2.944166999999999845e+01,-3.099999999999999978e-02
2.944332999999999956e+01,-2.999999999999999889e-02
2.944500000000000028e+01,-1.799999999999999864e-02
2.944667000000000101e+01,-1.799999999999999864e-02
2.944832999999999856e+01,-3.099999999999999978e-02
2.944999999999999929e+01,-2.599999999999999881e-02
2.945167000000000002e+01,-1.000000000000000021e-02
2.945333000000000112e+01,-8.999999999999999320e-03
2.945499999999999829e+01,-2.400000000000000050e-02
2.945666999999999902e+01,-2.599999999999999881e-02
2.945833000000000013e+01,-1.600000000000000033e-02
2.946000000000000085e+01,-1.600000000000000033e-02
2.946167000000000158e+01,-2.599999999999999881e-02
2.946332999999999913e+01,-2.800000000000000058e-02
2.946499999999999986e+01,-1.799999999999999864e-02
2.946667000000000058e+01,-1.799999999999999864e-02
2.946833000000000169e+01,-2.699999999999999969e-02
2.946999999999999886e+01,-2.800000000000000058e-02
2.947166999999999959e+01,-1.799999999999999864e-02
2.947333000000000069e+01,-1.799999999999999864e-02
2.947500000000000142e+01,-3.099999999999999978e-02
2.947666999999999859e+01,-3.300000000000000155e-02
2.947832999999999970e+01,-1.899999999999999953e-02
2.948000000000000043e+01,-1.499999999999999944e-02
2.948167000000000115e+01,-2.599999999999999881e-02
2.948332999999999871e+01,-3.099999999999999978e-02
2.948499999999999943e+01,-1.899999999999999953e-02
2.948667000000000016e+01,-1.799999999999999864e-02
2.948833000000000126e+01,-2.699999999999999969e-02
2.948999999999999844e+01,-3.099999999999999978e-02
2.949166999999999916e+01,-1.600000000000000033e-02
2.949333000000000027e+01,-1.299999999999999940e-02
2.949500000000000099e+01,-2.500000000000000139e-02
2.949667000000000172e+01,-3.200000000000000067e-02
2.949832999999999927e+01,-2.400000000000000050e-02
2.950000000000000000e+01,-2.000000000000000042e-02
2.950167000000000073e+01,-2.900000000000000147e-02
2.950332999999999828e+01,-3.500000000000000333e-02
2.950499999999999901e+01,-2.100000000000000130e-02
2.950666999999999973e+01,-1.299999999999999940e-02
2.950833000000000084e+01,-2.500000000000000139e-02
2.951000000000000156e+01,-3.599999999999999728e-02
2.951166999999999874e+01,-2.500000000000000139e-02
2.951332999999999984e+01,-2.100000000000000130e-02
2.951500000000000057e+01,-2.900000000000000147e-02
2.951667000000000129e+01,-3.799999999999999906e-02
2.951832999999999885e+01,-2.500000000000000139e-02
2.951999999999999957e+01,-1.600000000000000033e-02
2.952167000000000030e+01,-2.599999999999999881e-02
2.952333000000000141e+01,-3.500000000000000333e-02
2.952499999999999858e+01,-2.299999999999999961e-02
2.952666999999999931e+01,-1.499999999999999944e-02
2.952833000000000041e+01,-2.000000000000000042e-02
2.953000000000000114e+01,-2.999999999999999889e-02
2.953166999999999831e+01,-1.899999999999999953e-02
2.953332999999999942e+01,-1.600000000000000033e-02
2.953500000000000014e+01,-2.500000000000000139e-02
2.953667000000000087e+01,-3.500000000000000333e-02
2.953832999999999842e+01,-1.899999999999999953e-02
2.953999999999999915e+01,-1.299999999999999940e-02
2.954166999999999987e+01,-2.199999999999999872e-02
2.954333000000000098e+01,-3.400000000000000244e-02
2.954500000000000171e+01,-2.000000000000000042e-02
2.954666999999999888e+01,-1.200000000000000025e-02
2.954832999999999998e+01,-1.799999999999999864e-02
2.955000000000000071e+01,-3.099999999999999978e-02
2.955167000000000144e+01,-2.100000000000000130e-02
2.955332999999999899e+01,-1.499999999999999944e-02
2.955499999999999972e+01,-2.299999999999999961e-02
2.955667000000000044e+01,-3.400000000000000244e-02
2.955833000000000155e+01,-2.199999999999999872e-02
2.955999999999999872e+01,-1.299999999999999940e-02
2.956166999999999945e+01,-1.799999999999999864e-02
2.956333000000000055e+01,-2.800000000000000058e-02
2.956500000000000128e+01,-1.700000000000000122e-02
2.956666999999999845e+01,-1.299999999999999940e-02
2.956832999999999956e+01,-2.100000000000000130e-02
2.957000000000000028e+01,-3.599999999999999728e-02
2.957167000000000101e+01,-2.599999999999999881e-02
2.957332999999999856e+01,-1.799999999999999864e-02
2.957499999999999929e+01,-2.599999999999999881e-02
2.957667000000000002e+01,-3.699999999999999817e-02
2.957833000000000112e+01,-2.699999999999999969e-02
2.957999999999999829e+01,-1.499999999999999944e-02
2.958166999999999902e+01,-1.600000000000000033e-02
2.958333000000000013e+01,-2.500000000000000139e-02
2.958500000000000085e+01,-1.299999999999999940e-02
2.958667000000000158e+01,-5.000000000000000104e-03
2.958832999999999913e+01,-8.999999999999999320e-03
2.958999999999999986e+01,-2.299999999999999961e-02
2.959167000000000058e+01,-1.799999999999999864e-02
2.959333000000000169e+01,-1.200000000000000025e-02
2.959499999999999886e+01,-2.000000000000000042e-02
2.959666999999999959e+01,-3.799999999999999906e-02
2.959833000000000069e+01,-2.900000000000000147e-02
2.960000000000000142e+01,-2.000000000000000042e-02
2.960166999999999859e+01,-2.199999999999999872e-02
2.960332999999999970e+01,-3.500000000000000333e-02
2.960500000000000043e+01,-2.900000000000000147e-02
2.960667000000000115e+01,-2.000000000000000042e-02
2.960832999999999871e+01,-1.700000000000000122e-02
2.960999999999999943e+01,-2.500000000000000139e-02
2.961167000000000016e+01,-1.799999999999999864e-02
2.961333000000000126e+01,-1.400000000000000029e-02
2.961499999999999844e+01,-1.700000000000000122e-02
2.961666999999999916e+01,-3.200000000000000067e-02
2.961833000000000027e+01,-2.400000000000000050e-02
2.962000000000000099e+01,-1.299999999999999940e-02
2.962167000000000172e+01,-1.400000000000000029e-02
2.962332999999999927e+01,-2.599999999999999881e-02
2.962500000000000000e+01,-2.299999999999999961e-02
2.962667000000000073e+01,-1.200000000000000025e-02
2.962832999999999828e+01,-1.400000000000000029e-02
2.962999999999999901e+01,-2.699999999999999969e-02
2.963166999999999973e+01,-2.100000000000000130e-02
2.963333000000000084e+01,-1.200000000000000025e-02
2.963500000000000156e+01,-1.200000000000000025e-02
2.963666999999999874e+01,-2.299999999999999961e-02
2.963832999999999984e+01,-2.100000000000000130e-02
2.964000000000000057e+01,-1.000000000000000021e-02
2.964167000000000129e+01,-1.099999999999999936e-02
2.964332999999999885e+01,-2.400000000000000050e-02
2.964499999999999957e+01,-2.199999999999999872e-02
2.964667000000000030e+01,-1.200000000000000025e-02
2.964833000000000141e+01,-8.999999999999999320e-03
2.964999999999999858e+01,-2.100000000000000130e-02
2.965166999999999931e+01,-1.899999999999999953e-02
2.965333000000000041e+01,-8.000000000000000167e-03
2.965500000000000114e+01,-1.000000000000000021e-02
2.965666999999999831e+01,-2.299999999999999961e-02
2.965832999999999942e+01,-2.400000000000000050e-02
2.966000000000000014e+01,-1.600000000000000033e-02
2.966167000000000087e+01,-1.600000000000000033e-02
2.966332999999999842e+01,-2.900000000000000147e-02
2.966499999999999915e+01,-2.800000000000000058e-02
2.966666999999999987e+01,-1.700000000000000122e-02
2.966833000000000098e+01,-1.799999999999999864e-02
2.967000000000000171e+01,-2.800000000000000058e-02
2.967166999999999888e+01,-2.900000000000000147e-02
2.967332999999999998e+01,-1.899999999999999953e-02
2.967500000000000071e+01,-1.899999999999999953e-02
2.967667000000000144e+01,-3.200000000000000067e-02
2.967832999999999899e+01,-3.899999999999999994e-02
2.967999999999999972e+01,-2.800000000000000058e-02
2.968167000000000044e+01,-2.999999999999999889e-02
2.968333000000000155e+01,-4.499999999999999833e-02
2.968499999999999872e+01,-5.000000000000000278e-02
2.968666999999999945e+01,-3.599999999999999728e-02
2.968833000000000055e+01,-3.300000000000000155e-02
2.969000000000000128e+01,-4.499999999999999833e-02
2.969166999999999845e+01,-4.800000000000000100e-02
2.969332999999999956e+01,-3.200000000000000067e-02
2.969500000000000028e+01,-2.800000000000000058e-02
2.969667000000000101e+01,-3.599999999999999728e-02
2.969832999999999856e+01,-3.899999999999999994e-02
2.969999999999999929e+01,-2.100000000000000130e-02
2.970167000000000002e+01,-1.400000000000000029e-02
2.970333000000000112e+01,-2.400000000000000050e-02
2.970499999999999829e+01,-2.800000000000000058e-02
2.970666999999999902e+01,-1.099999999999999936e-02
2.970833000000000013e+01,-4.000000000000000083e-03
2.971000000000000085e+01,-1.299999999999999940e-02
2.971167000000000158e+01,-2.100000000000000130e-02
2.971332999999999913e+01,-8.999999999999999320e-03
2.971499999999999986e+01,-5.000000000000000104e-03
2.971667000000000058e+01,-1.400000000000000029e-02
2.971833000000000169e+01,-2.000000000000000042e-02
2.971999999999999886e+01,-6.000000000000000125e-03
2.972166999999999959e+01,-2.000000000000000042e-03
2.972333000000000069e+01,-8.999999999999999320e-03
2.972500000000000142e+01,-1.700000000000000122e-02
2.972666999999999859e+01,-6.000000000000000125e-03
2.972832999999999970e+01,-3.000000000000000062e-03
2.973000000000000043e+01,-1.200000000000000025e-02
2.973167000000000115e+01,-2.299999999999999961e-02
2.973332999999999871e+01,-1.099999999999999936e-02
2.973499999999999943e+01,-8.999999999999999320e-03
2.973667000000000016e+01,-1.899999999999999953e-02
2.973833000000000126e+01,-2.699999999999999969e-02
2.973999999999999844e+01,-1.299999999999999940e-02
2.974166999999999916e+01,-8.000000000000000167e-03
2.974333000000000027e+01,-1.600000000000000033e-02
2.974500000000000099e+01,-2.400000000000000050e-02
2.974667000000000172e+01,-8.999999999999999320e-03
2.974832999999999927e+01,-3.000000000000000062e-03
2.975000000000000000e+01,-1.299999999999999940e-02
2.975167000000000073e+01,-2.999999999999999889e-02
2.975332999999999828e+01,-1.899999999999999953e-02
2.975499999999999901e+01,-1.400000000000000029e-02
2.975666999999999973e+01,-2.100000000000000130e-02
2.975833000000000084e+01,-3.599999999999999728e-02
2.976000000000000156e+01,-2.199999999999999872e-02
2.976166999999999874e+01,-1.499999999999999944e-02
2.976332999999999984e+01,-2.000000000000000042e-02
2.976500000000000057e+01,-2.999999999999999889e-02
2.976667000000000129e+01,-1.400000000000000029e-02
2.976832999999999885e+01,-6.000000000000000125e-03
2.976999999999999957e+01,-1.099999999999999936e-02
2.977167000000000030e+01,-2.299999999999999961e-02
2.977333000000000141e+01,-1.200000000000000025e-02
2.977499999999999858e+01,-6.000000000000000125e-03
2.977666999999999931e+01,-1.499999999999999944e-02
2.977833000000000041e+01,-3.200000000000000067e-02
2.978000000000000114e+01,-1.899999999999999953e-02
2.978166999999999831e+01,-1.499999999999999944e-02
2.978332999999999942e+01,-2.199999999999999872e-02
2.978500000000000014e+01,-3.400000000000000244e-02
2.978667000000000087e+01,-2.000000000000000042e-02
2.978832999999999842e+01,-8.999999999999999320e-03
2.978999999999999915e+01,-1.299999999999999940e-02
2.979166999999999987e+01,-2.599999999999999881e-02
2.979333000000000098e+01,-1.899999999999999953e-02
2.979500000000000171e+01,-1.200000000000000025e-02
2.979666999999999888e+01,-1.600000000000000033e-02
2.979832999999999998e+01,-2.999999999999999889e-02
2.980000000000000071e+01,-2.000000000000000042e-02
2.980167000000000144e+01,-1.299999999999999940e-02
2.980332999999999899e+01,-2.100000000000000130e-02
2.980499999999999972e+01,-3.500000000000000333e-02
2.980667000000000044e+01,-2.400000000000000050e-02
2.980833000000000155e+01,-1.299999999999999940e-02
2.980999999999999872e+01,-1.499999999999999944e-02
2.981166999999999945e+01,-2.999999999999999889e-02
2.981333000000000055e+01,-2.500000000000000139e-02
2.981500000000000128e+01,-1.400000000000000029e-02
2.981666999999999845e+01,-1.700000000000000122e-02
2.981832999999999956e+01,-3.300000000000000155e-02
2.982000000000000028e+01,-2.599999999999999881e-02
2.982167000000000101e+01,-1.299999999999999940e-02
2.982332999999999856e+01,-1.600000000000000033e-02
2.982499999999999929e+01,-3.300000000000000155e-02
2.982667000000000002e+01,-3.099999999999999978e-02
2.982833000000000112e+01,-2.000000000000000042e-02
2.982999999999999829e+01,-2.100000000000000130e-02
2.983166999999999902e+01,-2.999999999999999889e-02
2.983333000000000013e+01,-2.699999999999999969e-02
2.983500000000000085e+01,-1.700000000000000122e-02
2.983667000000000158e+01,-2.000000000000000042e-02
2.983832999999999913e+01,-3.400000000000000244e-02
2.983999999999999986e+01,-3.200000000000000067e-02
2.984167000000000058e+01,-1.899999999999999953e-02
2.984333000000000169e+01,-2.199999999999999872e-02
2.984499999999999886e+01,-3.300000000000000155e-02
2.984666999999999959e+01,-3.099999999999999978e-02
2.984833000000000069e+01,-1.799999999999999864e-02
2.985000000000000142e+01,-1.799999999999999864e-02
2.985166999999999859e+01,-3.099999999999999978e-02
2.985332999999999970e+01,-2.699999999999999969e-02
2.985500000000000043e+01,-1.400000000000000029e-02
2.985667000000000115e+01,-1.600000000000000033e-02
2.985832999999999871e+01,-2.800000000000000058e-02
2.985999999999999943e+01,-2.900000000000000147e-02
2.986167000000000016e+01,-2.000000000000000042e-02
2.986333000000000126e+01,-2.299999999999999961e-02
2.986499999999999844e+01,-3.899999999999999994e-02
2.986666999999999916e+01,-4.299999999999999656e-02
2.986833000000000027e+01,-2.800000000000000058e-02
2.987000000000000099e+01,-2.500000000000000139e-02
2.987167000000000172e+01,-3.699999999999999817e-02
2.987332999999999927e+01,-4.000000000000000083e-02
2.987500000000000000e+01,-2.800000000000000058e-02
2.987667000000000073e+01,-2.699999999999999969e-02
2.987832999999999828e+01,-4.100000000000000172e-02
2.987999999999999901e+01,-4.499999999999999833e-02
2.988166999999999973e+01,-3.300000000000000155e-02
2.988333000000000084e+01,-3.300000000000000155e-02
2.988500000000000156e+01,-4.399999999999999745e-02
2.988666999999999874e+01,-4.499999999999999833e-02
2.988832999999999984e+01,-3.099999999999999978e-02
2.989000000000000057e+01,-2.999999999999999889e-02
2.989167000000000129e+01,-4.100000000000000172e-02
2.989332999999999885e+01,-4.700000000000000011e-02
2.989499999999999957e+01,-3.400000000000000244e-02
2.989667000000000030e+01,-3.400000000000000244e-02
2.989833000000000141e+01,-4.599999999999999922e-02
2.989999999999999858e+01,-5.099999999999999672e-02
2.990166999999999931e+01,-3.400000000000000244e-02
2.990333000000000041e+01,-3.200000000000000067e-02
2.990500000000000114e+01,-4.200000000000000261e-02
2.990666999999999831e+01,-4.700000000000000011e-02
2.990832999999999942e+01,-3.099999999999999978e-02
2.991000000000000014e+01,-2.800000000000000058e-02
2.991167000000000087e+01,-3.899999999999999994e-02
2.991332999999999842e+01,-4.599999999999999922e-02
2.991499999999999915e+01,-3.099999999999999978e-02
2.991666999999999987e+01,-2.699999999999999969e-02
2.991833000000000098e+01,-3.699999999999999817e-02
2.992000000000000171e+01,-4.499999999999999833e-02
2.992166999999999888e+01,-2.999999999999999889e-02
2.992332999999999998e+01,-2.599999999999999881e-02
2.992500000000000071e+01,-3.599999999999999728e-02
2.992667000000000144e+01,-4.499999999999999833e-02
2.992832999999999899e+01,-3.200000000000000067e-02
2.992999999999999972e+01,-2.999999999999999889e-02
2.993167000000000044e+01,-4.000000000000000083e-02
2.993333000000000155e+01,-5.099999999999999672e-02
2.993499999999999872e+01,-3.599999999999999728e-02
2.993666999999999945e+01,-2.599999999999999881e-02
2.993833000000000055e+01,-3.300000000000000155e-02
2.994000000000000128e+01,-4.299999999999999656e-02
2.994166999999999845e+01,-2.999999999999999889e-02
2.994332999999999956e+01,-2.500000000000000139e-02
2.994500000000000028e+01,-3.099999999999999978e-02
2.994667000000000101e+01,-4.000000000000000083e-02
2.994832999999999856e+01,-2.500000000000000139e-02
2.994999999999999929e+01,-1.799999999999999864e-02
2.995167000000000002e+01,-2.400000000000000050e-02
2.995333000000000112e+01,0.000000000000000000e+00
2.995499999999999829e+01,8.999999999999999320e-03
2.995666999999999902e+01,8.999999999999999320e-03
2.995833000000000013e+01,0.000000000000000000e+00
2.996000000000000085e+01,-1.200000000000000025e-02
2.996167000000000158e+01,-1.000000000000000021e-03
2.996332999999999913e+01,5.000000000000000104e-03
2.996499999999999986e+01,-4.000000000000000083e-03
2.996667000000000058e+01,-1.600000000000000033e-02
2.996833000000000169e+01,-5.000000000000000104e-03
2.996999999999999886e+01,4.000000000000000083e-03
2.997166999999999959e+01,-1.000000000000000021e-03
2.997333000000000069e+01,-1.299999999999999940e-02
2.997500000000000142e+01,-2.000000000000000042e-03
2.997666999999999859e+01,6.000000000000000125e-03
2.997832999999999970e+01,0.000000000000000000e+00
2.998000000000000043e+01,-1.299999999999999940e-02
2.998167000000000115e+01,-3.000000000000000062e-03
2.998332999999999871e+01,3.000000000000000062e-03
2.998499999999999943e+01,-4.000000000000000083e-03
2.998667000000000016e+01,-1.499999999999999944e-02
2.998833000000000126e+01,-3.000000000000000062e-03
2.998999999999999844e+01,4.000000000000000083e-03
2.999166999999999916e+01,-2.000000000000000042e-03
2.999333000000000027e+01,-1.499999999999999944e-02
2.999500000000000099e+01,-7.000000000000000146e-03
2.999667000000000172e+01,2.000000000000000042e-03
2.999832999999999927e+01,-3.000000000000000062e-03
3.000000000000000000e+01,-1.600000000000000033e-02
