RSLT0044 (Chromatogram RI)	
X:	Y:
0.00000	-0.011
0.00167	0.001
0.00333	0.000
0.00500	-0.010
0.00667	-0.008
0.00833	0.003
0.01000	-0.001
0.01167	-0.018
0.01333	-0.024
0.01500	-0.018
0.01667	-0.022
0.01833	-0.041
0.02000	-0.044
0.02167	-0.035
0.02333	-0.035
0.02500	-0.053
0.02667	-0.054
0.02833	-0.044
0.03000	-0.043
0.03167	-0.054
0.03333	-0.053
0.03500	-0.040
0.03667	-0.035
0.03833	-0.043
0.04000	-0.043
0.04167	-0.029
0.04333	-0.029
0.04500	-0.043
0.04667	-0.048
0.04833	-0.035
0.05000	-0.030
0.05167	-0.041
0.05333	-0.047
0.05500	-0.036
0.05667	-0.033
0.05833	-0.044
0.06000	-0.048
0.06167	-0.037
0.06333	-0.034
0.06500	-0.048
0.06667	-0.055
0.06833	-0.044
0.07000	-0.041
0.07167	-0.053
0.07333	-0.057
0.07500	-0.040
0.07667	-0.033
0.07833	-0.043
0.08000	-0.048
0.08167	-0.033
0.08333	-0.028
0.08500	-0.039
0.08667	-0.049
0.08833	-0.038
0.09000	-0.032
0.09167	-0.039
0.09333	-0.047
0.09500	-0.032
0.09667	-0.025
0.09833	-0.031
0.10000	-0.044
0.10167	-0.031
0.10333	-0.026
0.10500	-0.035
0.10667	-0.042
0.10833	-0.029
0.11000	-0.023
0.11167	-0.032
0.11333	-0.042
0.11500	-0.028
0.11667	-0.021
0.11833	-0.027
0.12000	-0.039
0.12167	-0.027
0.12333	-0.020
0.12500	-0.027
0.12667	-0.038
0.12833	-0.024
0.13000	-0.017
0.13167	-0.022
0.13333	-0.035
0.13500	-0.027
0.13667	-0.021
0.13833	-0.030
0.14000	-0.043
0.14167	-0.033
0.14333	-0.021
0.14500	-0.024
0.14667	-0.036
0.14833	-0.027
0.15000	-0.019
0.15167	-0.023
0.15333	-0.033
0.15500	-0.026
0.15667	-0.018
0.15833	-0.022
0.16000	-0.038
0.16167	-0.028
0.16333	-0.021
0.16500	-0.026
0.16667	-0.039
0.16833	-0.030
0.17000	-0.020
0.17167	-0.022
0.17333	-0.038
0.17500	-0.032
0.17667	-0.022
0.17833	-0.022
0.18000	-0.034
0.18167	-0.026
0.18333	-0.016
0.18500	-0.018
0.18667	-0.031
0.18833	-0.025
0.19000	-0.015
0.19167	-0.013
0.19333	-0.026
0.19500	-0.019
0.19667	-0.012
0.19833	-0.013
0.20000	-0.025
0.20167	-0.020
0.20333	-0.010
0.20500	-0.011
0.20667	-0.027
0.20833	-0.021
0.21000	-0.007
0.21167	-0.007
0.21333	-0.020
0.21500	-0.014
0.21667	-0.001
0.21833	0.000
0.22000	-0.011
0.22167	-0.010
0.22333	0.004
0.22500	0.004
0.22667	-0.008
0.22833	-0.007
0.23000	0.004
0.23167	0.004
0.23333	-0.009
0.23500	-0.007
0.23667	0.002
0.23833	0.000
0.24000	-0.012
0.24167	-0.016
0.24333	-0.002
0.24500	-0.001
0.24667	-0.016
0.24833	-0.017
0.25000	-0.001
0.25167	0.001
0.25333	-0.011
0.25500	-0.012
0.25667	0.004
0.25833	0.002
0.26000	-0.009
0.26167	-0.018
0.26333	-0.005
0.26500	-0.004
0.26667	-0.015
0.26833	-0.021
0.27000	-0.008
0.27167	-0.007
0.27333	-0.019
0.27500	-0.024
0.27667	-0.008
0.27833	0.001
0.28000	-0.009
0.28167	-0.017
0.28333	-0.004
0.28500	0.000
0.28667	-0.010
0.28833	-0.015
0.29000	0.001
0.29167	0.001
0.29333	-0.011
0.29500	-0.019
0.29667	-0.001
0.29833	0.004
0.30000	-0.007
0.30167	-0.018
0.30333	-0.006
0.30500	-0.004
0.30667	-0.015
0.30833	-0.027
0.31000	-0.011
0.31167	-0.004
0.31333	-0.010
0.31500	-0.017
0.31667	-0.002
0.31833	0.003
0.32000	-0.004
0.32167	-0.016
0.32333	-0.002
0.32500	0.002
0.32667	-0.004
0.32833	-0.015
0.33000	-0.002
0.33167	0.000
0.33333	-0.009
0.33500	-0.022
0.33667	-0.010
0.33833	-0.007
0.34000	-0.010
0.34167	-0.018
0.34333	-0.005
0.34500	-0.001
0.34667	-0.009
0.34833	-0.022
0.35000	-0.013
0.35167	-0.007
0.35333	-0.015
0.35500	-0.026
0.35667	-0.011
0.35833	-0.004
0.36000	-0.010
0.36167	-0.024
0.36333	-0.011
0.36500	-0.001
0.36667	-0.006
0.36833	-0.022
0.37000	-0.013
0.37167	-0.002
0.37333	-0.003
0.37500	-0.016
0.37667	-0.009
0.37833	0.001
0.38000	-0.004
0.38167	-0.020
0.38333	-0.009
0.38500	0.002
0.38667	0.001
0.38833	-0.014
0.39000	-0.006
0.39167	0.004
0.39333	0.001
0.39500	-0.012
0.39667	-0.004
0.39833	0.008
0.40000	0.005
0.40167	-0.008
0.40333	-0.011
0.40500	0.001
0.40667	-0.001
0.40833	-0.017
0.41000	-0.013
0.41167	0.001
0.41333	0.003
0.41500	-0.009
0.41667	-0.009
0.41833	0.003
0.42000	0.002
0.42167	-0.007
0.42333	-0.003
0.42500	0.009
0.42667	0.006
0.42833	-0.007
0.43000	-0.009
0.43167	0.002
0.43333	0.000
0.43500	-0.009
0.43667	-0.012
0.43833	0.001
0.44000	0.001
0.44167	-0.009
0.44333	-0.008
0.44500	0.005
0.44667	0.005
0.44833	-0.006
0.45000	-0.007
0.45167	0.007
0.45333	0.009
0.45500	-0.001
0.45667	-0.002
0.45833	0.012
0.46000	0.011
0.46167	-0.001
0.46333	-0.007
0.46500	0.006
0.46667	0.006
0.46833	-0.006
0.47000	-0.011
0.47167	0.003
0.47333	0.009
0.47500	-0.001
0.47667	-0.008
0.47833	0.005
0.48000	0.008
0.48167	-0.001
0.48333	-0.008
0.48500	0.005
0.48667	0.007
0.48833	-0.006
0.49000	-0.014
0.49167	0.001
0.49333	0.008
0.49500	-0.001
0.49667	-0.009
0.49833	0.006
0.50000	0.008
0.50167	-0.001
0.50333	-0.008
0.50500	0.012
0.50667	0.019
0.50833	0.007
0.51000	-0.001
0.51167	0.013
0.51333	0.016
0.51500	0.006
0.51667	-0.005
0.51833	0.009
0.52000	0.013
0.52167	0.003
0.52333	-0.009
0.52500	0.003
0.52667	0.007
0.52833	-0.002
0.53000	-0.013
0.53167	0.001
0.53333	0.007
0.53500	-0.001
0.53667	-0.009
0.53833	0.004
0.54000	0.010
0.54167	0.000
0.54333	-0.010
0.54500	0.005
0.54667	0.010
0.54833	0.003
0.55000	-0.010
0.55167	0.002
0.55333	0.011
0.55500	0.005
0.55667	-0.011
0.55833	-0.003
0.56000	0.006
0.56167	-0.001
0.56333	-0.014
0.56500	-0.004
0.56667	0.003
0.56833	-0.002
0.57000	-0.014
0.57167	-0.005
0.57333	0.003
0.57500	-0.004
0.57667	-0.016
0.57833	-0.007
0.58000	0.005
0.58167	-0.001
0.58333	-0.012
0.58500	-0.005
0.58667	0.005
0.58833	0.000
0.59000	-0.009
0.59167	-0.004
0.59333	0.008
0.59500	0.006
0.59667	-0.005
0.59833	0.000
0.60000	0.011
0.60167	0.008
0.60333	-0.002
0.60500	0.003
0.60667	0.015
0.60833	0.015
0.61000	0.005
0.61167	0.008
0.61333	0.019
0.61500	0.013
0.61667	-0.001
0.61833	0.002
0.62000	0.013
0.62167	0.013
0.62333	0.000
0.62500	0.005
0.62667	0.019
0.62833	0.017
0.63000	0.005
0.63167	0.007
0.63333	0.018
0.63500	0.020
0.63667	0.008
0.63833	0.009
0.64000	0.021
0.64167	0.018
0.64333	0.001
0.64500	-0.001
0.64667	0.012
0.64833	0.012
0.65000	-0.002
0.65167	-0.004
0.65333	0.010
0.65500	0.009
0.65667	-0.001
0.65833	-0.004
0.66000	0.010
0.66167	0.011
0.66333	-0.004
0.66500	-0.008
0.66667	0.009
0.66833	0.009
0.67000	-0.004
0.67167	-0.007
0.67333	0.005
0.67500	0.009
0.67667	0.000
0.67833	-0.003
0.68000	0.012
0.68167	0.014
0.68333	0.006
0.68500	-0.001
0.68667	0.013
0.68833	0.016
0.69000	0.002
0.69167	-0.005
0.69333	0.006
0.69500	0.003
0.69667	-0.005
0.69833	-0.009
0.70000	0.006
0.70167	0.011
0.70333	-0.001
0.70500	-0.004
0.70667	0.008
0.70833	0.011
0.71000	0.001
0.71167	-0.008
0.71333	0.007
0.71500	0.012
0.71667	0.001
0.71833	-0.006
0.72000	0.006
0.72167	0.011
0.72333	0.002
0.72500	-0.008
0.72667	0.004
0.72833	0.010
0.73000	0.000
0.73167	-0.011
0.73333	0.003
0.73500	0.008
0.73667	-0.003
0.73833	-0.012
0.74000	0.000
0.74167	0.006
0.74333	-0.001
0.74500	-0.010
0.74667	0.001
0.74833	0.010
0.75000	0.002
0.75167	-0.006
0.75333	0.003
0.75500	0.008
0.75667	0.004
0.75833	-0.005
0.76000	0.006
0.76167	0.015
0.76333	0.010
0.76500	0.000
0.76667	0.008
0.76833	0.015
0.77000	0.011
0.77167	-0.001
0.77333	0.008
0.77500	0.018
0.77667	0.012
0.77833	0.000
0.78000	0.010
0.78167	0.019
0.78333	0.013
0.78500	0.004
0.78667	0.014
0.78833	0.022
0.79000	0.014
0.79167	0.001
0.79333	0.010
0.79500	0.020
0.79667	0.021
0.79833	0.007
0.80000	0.013
0.80167	0.022
0.80333	0.017
0.80500	0.003
0.80667	0.010
0.80833	0.020
0.81000	0.016
0.81167	0.005
0.81333	0.010
0.81500	0.020
0.81667	0.015
0.81833	0.000
0.82000	0.004
0.82167	0.013
0.82333	0.012
0.82500	0.000
0.82667	0.006
0.82833	0.014
0.83000	0.007
0.83167	-0.005
0.83333	0.001
0.83500	0.011
0.83667	0.009
0.83833	-0.004
0.84000	0.004
0.84167	0.018
0.84333	0.015
0.84500	0.001
0.84667	0.006
0.84833	0.017
0.85000	0.016
0.85167	0.001
0.85333	0.004
0.85500	0.014
0.85667	0.013
0.85833	-0.001
0.86000	0.000
0.86167	0.011
0.86333	0.007
0.86500	-0.007
0.86667	-0.006
0.86833	0.005
0.87000	0.005
0.87167	-0.006
0.87333	-0.002
0.87500	0.010
0.87667	0.012
0.87833	0.000
0.88000	-0.002
0.88167	0.008
0.88333	0.006
0.88500	-0.008
0.88667	-0.010
0.88833	0.006
0.89000	0.008
0.89167	-0.003
0.89333	-0.005
0.89500	0.007
0.89667	0.012
0.89833	0.000
0.90000	-0.005
0.90167	0.004
0.90333	0.003
0.90500	-0.009
0.90667	-0.012
0.90833	0.002
0.91000	0.011
0.91167	0.001
0.91333	-0.005
0.91500	0.011
0.91667	0.015
0.91833	0.006
0.92000	0.004
0.92167	0.017
0.92333	0.019
0.92500	0.009
0.92667	0.005
0.92833	0.018
0.93000	0.022
0.93167	0.010
0.93333	0.003
0.93500	0.015
0.93667	0.021
0.93833	0.013
0.94000	0.004
0.94167	0.016
0.94333	0.019
0.94500	0.009
0.94667	-0.003
0.94833	0.006
0.95000	0.012
0.95167	0.005
0.95333	0.000
0.95500	0.011
0.95667	0.012
0.95833	0.002
0.96000	-0.008
0.96167	0.004
0.96333	0.010
0.96500	0.003
0.96667	-0.009
0.96833	0.004
0.97000	0.011
0.97167	0.005
0.97333	-0.004
0.97500	0.006
0.97667	0.013
0.97833	0.004
0.98000	-0.009
0.98167	0.005
0.98333	0.014
0.98500	0.009
0.98667	-0.005
0.98833	0.002
0.99000	0.013
0.99167	0.007
0.99333	-0.006
0.99500	0.006
0.99667	0.013
0.99833	0.005
1.00000	-0.009
1.00167	0.001
1.00333	0.009
1.00500	0.006
1.00667	-0.004
1.00833	0.009
1.01000	0.018
1.01167	0.012
1.01333	-0.001
1.01500	0.008
1.01667	0.016
1.01833	0.012
1.02000	-0.003
1.02167	0.007
1.02333	0.014
1.02500	0.009
1.02667	-0.009
1.02833	-0.001
1.03000	0.012
1.03167	0.012
1.03333	-0.002
1.03500	0.008
1.03667	0.018
1.03833	0.017
1.04000	0.001
1.04167	0.008
1.04333	0.022
1.04500	0.021
1.04667	0.007
1.04833	0.011
1.05000	0.019
1.05167	0.018
1.05333	0.010
1.05500	0.014
1.05667	0.024
1.05833	0.023
1.06000	0.006
1.06167	0.006
1.06333	0.014
1.06500	0.013
1.06667	-0.001
1.06833	0.000
1.07000	0.012
1.07167	0.009
1.07333	-0.009
1.07500	-0.007
1.07667	0.007
1.07833	0.010
1.08000	-0.004
1.08167	-0.004
1.08333	0.011
1.08500	0.013
1.08667	0.002
1.08833	0.001
1.09000	0.015
1.09167	0.014
1.09333	-0.003
1.09500	-0.005
1.09667	0.006
1.09833	0.007
1.10000	-0.005
1.10167	-0.009
1.10333	0.009
1.10500	0.013
1.10667	0.000
1.10833	-0.006
1.11000	0.006
1.11167	0.009
1.11333	-0.003
1.11500	-0.008
1.11667	0.007
1.11833	0.010
1.12000	-0.003
1.12167	-0.010
1.12333	0.008
1.12500	0.014
1.12667	0.000
1.12833	-0.011
1.13000	0.007
1.13167	0.012
1.13333	0.003
1.13500	-0.003
1.13667	0.012
1.13833	0.014
1.14000	0.001
1.14167	-0.006
1.14333	0.007
1.14500	0.015
1.14667	0.006
1.14833	-0.003
1.15000	0.009
1.15167	0.013
1.15333	0.005
1.15500	-0.004
1.15667	0.010
1.15833	0.016
1.16000	0.007
1.16167	-0.003
1.16333	0.014
1.16500	0.021
1.16667	0.014
1.16833	0.003
1.17000	0.015
1.17167	0.018
1.17333	0.010
1.17500	0.000
1.17667	0.015
1.17833	0.020
1.18000	0.016
1.18167	0.003
1.18333	0.012
1.18500	0.018
1.18667	0.009
1.18833	-0.004
1.19000	0.007
1.19167	0.015
1.19333	0.008
1.19500	-0.007
1.19667	0.004
1.19833	0.013
1.20000	0.007
1.20167	-0.005
1.20333	0.010
1.20500	0.019
1.20667	0.013
1.20833	-0.004
1.21000	0.006
1.21167	0.015
1.21333	0.009
1.21500	-0.005
1.21667	0.004
1.21833	0.015
1.22000	0.011
1.22167	-0.003
1.22333	0.009
1.22500	0.020
1.22667	0.015
1.22833	0.002
1.23000	0.010
1.23167	0.018
1.23333	0.013
1.23500	0.000
1.23667	0.008
1.23833	0.024
1.24000	0.022
1.24167	0.006
1.24333	0.011
1.24500	0.025
1.24667	0.022
1.24833	0.007
1.25000	0.008
1.25167	0.021
1.25333	0.021
1.25500	0.008
1.25667	0.011
1.25833	0.022
1.26000	0.019
1.26167	0.008
1.26333	0.008
1.26500	0.015
1.26667	0.009
1.26833	-0.006
1.27000	-0.003
1.27167	0.012
1.27333	0.014
1.27500	0.007
1.27667	0.008
1.27833	0.021
1.28000	0.021
1.28167	0.007
1.28333	0.007
1.28500	0.021
1.28667	0.020
1.28833	0.005
1.29000	0.004
1.29167	0.018
1.29333	0.018
1.29500	0.006
1.29667	0.002
1.29833	0.013
1.30000	0.012
1.30167	-0.001
1.30333	-0.002
1.30500	0.011
1.30667	0.011
1.30833	-0.003
1.31000	-0.008
1.31167	0.008
1.31333	0.012
1.31500	0.001
1.31667	-0.005
1.31833	0.011
1.32000	0.013
1.32167	-0.001
1.32333	-0.006
1.32500	0.009
1.32667	0.013
1.32833	0.007
1.33000	0.001
1.33167	0.015
1.33333	0.018
1.33500	0.009
1.33667	0.004
1.33833	0.021
1.34000	0.022
1.34167	0.008
1.34333	-0.002
1.34500	0.013
1.34667	0.018
1.34833	0.009
1.35000	0.001
1.35167	0.017
1.35333	0.021
1.35500	0.011
1.35667	0.000
1.35833	0.014
1.36000	0.019
1.36167	0.010
1.36333	-0.002
1.36500	0.005
1.36667	0.012
1.36833	0.005
1.37000	-0.008
1.37167	0.002
1.37333	0.006
1.37500	-0.001
1.37667	-0.011
1.37833	0.003
1.38000	0.009
1.38167	-0.002
1.38333	-0.015
1.38500	0.000
1.38667	0.007
1.38833	-0.004
1.39000	-0.016
1.39167	-0.004
1.39333	0.006
1.39500	-0.001
1.39667	-0.013
1.39833	-0.003
1.40000	0.005
1.40167	-0.002
1.40333	-0.016
1.40500	-0.003
1.40667	0.010
1.40833	0.001
1.41000	-0.012
1.41167	-0.001
1.41333	0.011
1.41500	0.011
1.41667	0.002
1.41833	0.012
1.42000	0.019
1.42167	0.017
1.42333	0.005
1.42500	0.010
1.42667	0.018
1.42833	0.010
1.43000	0.001
1.43167	0.011
1.43333	0.020
1.43500	0.014
1.43667	0.001
1.43833	0.006
1.44000	0.016
1.44167	0.010
1.44333	-0.004
1.44500	-0.001
1.44667	0.011
1.44833	0.010
1.45000	0.000
1.45167	0.003
1.45333	0.015
1.45500	0.012
1.45667	-0.002
1.45833	-0.001
1.46000	0.009
1.46167	0.005
1.46333	-0.005
1.46500	0.001
1.46667	0.015
1.46833	0.014
1.47000	0.001
1.47167	0.002
1.47333	0.014
1.47500	0.014
1.47667	0.001
1.47833	0.006
1.48000	0.020
1.48167	0.018
1.48333	0.005
1.48500	0.003
1.48667	0.018
1.48833	0.016
1.49000	0.007
1.49167	0.008
1.49333	0.023
1.49500	0.021
1.49667	0.008
1.49833	0.004
1.50000	0.018
1.50167	0.018
1.50333	0.004
1.50500	0.004
1.50667	0.019
1.50833	0.018
1.51000	0.005
1.51167	0.003
1.51333	0.015
1.51500	0.017
1.51667	0.006
1.51833	0.003
1.52000	0.016
1.52167	0.019
1.52333	0.007
1.52500	0.000
1.52667	0.014
1.52833	0.016
1.53000	0.006
1.53167	0.001
1.53333	0.011
1.53500	0.014
1.53667	0.005
1.53833	0.001
1.54000	0.013
1.54167	0.013
1.54333	0.002
1.54500	-0.004
1.54667	0.009
1.54833	0.011
1.55000	0.003
1.55167	-0.001
1.55333	0.013
1.55500	0.016
1.55667	0.004
1.55833	0.000
1.56000	0.013
1.56167	0.015
1.56333	0.004
1.56500	-0.003
1.56667	0.010
1.56833	0.014
1.57000	0.009
1.57167	0.004
1.57333	0.018
1.57500	0.024
1.57667	0.013
1.57833	0.004
1.58000	0.014
1.58167	0.019
1.58333	0.010
1.58500	0.002
1.58667	0.013
1.58833	0.017
1.59000	0.010
1.59167	0.004
1.59333	0.017
1.59500	0.020
1.59667	0.008
1.59833	-0.005
1.60000	0.003
1.60167	0.011
1.60333	0.008
1.60500	-0.002
1.60667	0.006
1.60833	0.018
1.61000	0.013
1.61167	0.004
1.61333	0.011
1.61500	0.021
1.61667	0.014
1.61833	0.002
1.62000	0.008
1.62167	0.016
1.62333	0.007
1.62500	-0.006
1.62667	0.003
1.62833	0.015
1.63000	0.008
1.63167	-0.005
1.63333	0.006
1.63500	0.019
1.63667	0.011
1.63833	-0.003
1.64000	0.005
1.64167	0.018
1.64333	0.016
1.64500	0.005
1.64667	0.009
1.64833	0.017
1.65000	0.013
1.65167	-0.001
1.65333	0.007
1.65500	0.016
1.65667	0.008
1.65833	-0.006
1.66000	0.004
1.66167	0.013
1.66333	0.008
1.66500	-0.002
1.66667	0.003
1.66833	0.013
1.67000	0.010
1.67167	0.000
1.67333	0.004
1.67500	0.017
1.67667	0.017
1.67833	0.003
1.68000	0.007
1.68167	0.017
1.68333	0.016
1.68500	0.005
1.68667	0.008
1.68833	0.018
1.69000	0.016
1.69167	0.002
1.69333	0.003
1.69500	0.013
1.69667	0.010
1.69833	-0.004
1.70000	0.001
1.70167	0.016
1.70333	0.016
1.70500	0.002
1.70667	0.002
1.70833	0.014
1.71000	0.019
1.71167	0.006
1.71333	0.002
1.71500	0.014
1.71667	0.016
1.71833	0.001
1.72000	0.002
1.72167	0.014
1.72333	0.013
1.72500	0.000
1.72667	0.003
1.72833	0.016
1.73000	0.015
1.73167	-0.001
1.73333	-0.004
1.73500	0.008
1.73667	0.009
1.73833	-0.005
1.74000	-0.005
1.74167	0.009
1.74333	0.013
1.74500	0.001
1.74667	0.000
1.74833	0.015
1.75000	0.017
1.75167	0.003
1.75333	-0.006
1.75500	0.006
1.75667	0.010
1.75833	0.002
1.76000	-0.002
1.76167	0.010
1.76333	0.010
1.76500	-0.001
1.76667	-0.003
1.76833	0.010
1.77000	0.015
1.77167	0.007
1.77333	-0.001
1.77500	0.011
1.77667	0.013
1.77833	0.003
1.78000	-0.004
1.78167	0.008
1.78333	0.012
1.78500	0.002
1.78667	-0.005
1.78833	0.012
1.79000	0.017
1.79167	0.007
1.79333	-0.003
1.79500	0.008
1.79667	0.016
1.79833	0.009
1.80000	-0.001
1.80167	0.009
1.80333	0.016
1.80500	0.010
1.80667	-0.003
1.80833	0.011
1.81000	0.018
1.81167	0.010
1.81333	-0.003
1.81500	0.009
1.81667	0.019
1.81833	0.015
1.82000	0.002
1.82167	0.010
1.82333	0.017
1.82500	0.006
1.82667	-0.009
1.82833	0.002
1.83000	0.008
1.83167	0.001
1.83333	-0.009
1.83500	0.003
1.83667	0.012
1.83833	0.007
1.84000	-0.004
1.84167	0.009
1.84333	0.016
1.84500	0.014
1.84667	-0.003
1.84833	0.006
1.85000	0.014
1.85167	0.007
1.85333	-0.007
1.85500	0.006
1.85667	0.018
1.85833	0.015
1.86000	0.002
1.86167	0.011
1.86333	0.018
1.86500	0.013
1.86667	0.000
1.86833	0.006
1.87000	0.011
1.87167	0.009
1.87333	-0.006
1.87500	0.001
1.87667	0.010
1.87833	0.009
1.88000	-0.003
1.88167	0.003
1.88333	0.012
1.88500	0.011
1.88667	-0.003
1.88833	0.004
1.89000	0.015
1.89167	0.014
1.89333	-0.004
1.89500	0.002
1.89667	0.013
1.89833	0.009
1.90000	-0.008
1.90167	-0.002
1.90333	0.012
1.90500	0.012
1.90667	0.002
1.90833	0.009
1.91000	0.021
1.91167	0.018
1.91333	0.005
1.91500	0.008
1.91667	0.023
1.91833	0.022
1.92000	0.008
1.92167	0.009
1.92333	0.021
1.92500	0.017
1.92667	0.004
1.92833	0.005
1.93000	0.018
1.93167	0.019
1.93333	0.006
1.93500	0.006
1.93667	0.018
1.93833	0.018
1.94000	0.005
1.94167	0.003
1.94333	0.014
1.94500	0.013
1.94667	0.000
1.94833	0.000
1.95000	0.016
1.95167	0.017
1.95333	0.005
1.95500	0.001
1.95667	0.016
1.95833	0.019
1.96000	0.010
1.96167	0.003
1.96333	0.017
1.96500	0.018
1.96667	0.007
1.96833	0.000
1.97000	0.015
1.97167	0.019
1.97333	0.009
1.97500	0.002
1.97667	0.014
1.97833	0.014
1.98000	0.004
1.98167	0.001
1.98333	0.014
1.98500	0.016
1.98667	0.009
1.98833	0.003
1.99000	0.016
1.99167	0.019
1.99333	0.007
1.99500	-0.004
1.99667	0.010
1.99833	0.018
2.00000	0.010
2.00167	-0.003
2.00333	0.011
2.00500	0.020
2.00667	0.014
2.00833	0.001
2.01000	0.015
2.01167	0.020
2.01333	0.014
2.01500	0.004
2.01667	0.020
2.01833	0.027
2.02000	0.019
2.02167	0.007
2.02333	0.019
2.02500	0.025
2.02667	0.018
2.02833	0.001
2.03000	0.015
2.03167	0.026
2.03333	0.022
2.03500	0.004
2.03667	0.013
2.03833	0.023
2.04000	0.017
2.04167	0.002
2.04333	0.016
2.04500	0.022
2.04667	0.019
2.04833	0.007
2.05000	0.018
2.05167	0.026
2.05333	0.023
2.05500	0.008
2.05667	0.020
2.05833	0.028
2.06000	0.023
2.06167	0.009
2.06333	0.014
2.06500	0.024
2.06667	0.020
2.06833	0.004
2.07000	0.010
2.07167	0.019
2.07333	0.017
2.07500	0.007
2.07667	0.016
2.07833	0.027
2.08000	0.024
2.08167	0.009
2.08333	0.015
2.08500	0.025
2.08667	0.019
2.08833	0.005
2.09000	0.012
2.09167	0.024
2.09333	0.021
2.09500	0.008
2.09667	0.012
2.09833	0.022
2.10000	0.018
2.10167	0.008
2.10333	0.011
2.10500	0.025
2.10667	0.021
2.10833	0.003
2.11000	0.000
2.11167	0.009
2.11333	0.005
2.11500	-0.003
2.11667	0.002
2.11833	0.014
2.12000	0.014
2.12167	0.004
2.12333	0.005
2.12500	0.015
2.12667	0.016
2.12833	0.004
2.13000	0.005
2.13167	0.020
2.13333	0.021
2.13500	0.012
2.13667	0.011
2.13833	0.020
2.14000	0.017
2.14167	0.005
2.14333	0.003
2.14500	0.017
2.14667	0.019
2.14833	0.010
2.15000	0.007
2.15167	0.024
2.15333	0.025
2.15500	0.014
2.15667	0.011
2.15833	0.025
2.16000	0.028
2.16167	0.016
2.16333	0.012
2.16500	0.026
2.16667	0.023
2.16833	0.011
2.17000	0.003
2.17167	0.016
2.17333	0.018
2.17500	0.009
2.17667	0.004
2.17833	0.020
2.18000	0.023
2.18167	0.016
2.18333	0.011
2.18500	0.028
2.18667	0.031
2.18833	0.022
2.19000	0.013
2.19167	0.025
2.19333	0.028
2.19500	0.019
2.19667	0.011
2.19833	0.023
2.20000	0.026
2.20167	0.019
2.20333	0.012
2.20500	0.027
2.20667	0.032
2.20833	0.020
2.21000	0.008
2.21167	0.022
2.21333	0.026
2.21500	0.017
2.21667	0.007
2.21833	0.019
2.22000	0.021
2.22167	0.012
2.22333	0.004
2.22500	0.016
2.22667	0.020
2.22833	0.011
2.23000	0.005
2.23167	0.020
2.23333	0.027
2.23500	0.019
2.23667	0.009
2.23833	0.020
2.24000	0.025
2.24167	0.020
2.24333	0.012
2.24500	0.023
2.24667	0.028
2.24833	0.021
2.25000	0.010
2.25167	0.022
2.25333	0.031
2.25500	0.026
2.25667	0.017
2.25833	0.029
2.26000	0.039
2.26167	0.035
2.26333	0.021
2.26500	0.029
2.26667	0.035
2.26833	0.031
2.27000	0.018
2.27167	0.027
2.27333	0.035
2.27500	0.033
2.27667	0.021
2.27833	0.028
2.28000	0.041
2.28167	0.033
2.28333	0.017
2.28500	0.024
2.28667	0.037
2.28833	0.032
2.29000	0.013
2.29167	0.016
2.29333	0.028
2.29500	0.025
2.29667	0.013
2.29833	0.017
2.30000	0.027
2.30167	0.025
2.30333	0.013
2.30500	0.016
2.30667	0.027
2.30833	0.024
2.31000	0.011
2.31167	0.013
2.31333	0.027
2.31500	0.025
2.31667	0.009
2.31833	0.010
2.32000	0.020
2.32167	0.018
2.32333	0.004
2.32500	0.004
2.32667	0.019
2.32833	0.021
2.33000	0.010
2.33167	0.013
2.33333	0.026
2.33500	0.026
2.33667	0.016
2.33833	0.013
2.34000	0.026
2.34167	0.033
2.34333	0.023
2.34500	0.022
2.34667	0.035
2.34833	0.033
2.35000	0.022
2.35167	0.025
2.35333	0.037
2.35500	0.039
2.35667	0.030
2.35833	0.029
2.36000	0.038
2.36167	0.035
2.36333	0.024
2.36500	0.022
2.36667	0.035
2.36833	0.039
2.37000	0.027
2.37167	0.026
2.37333	0.042
2.37500	0.043
2.37667	0.028
2.37833	0.025
2.38000	0.042
2.38167	0.046
2.38333	0.035
2.38500	0.030
2.38667	0.041
2.38833	0.044
2.39000	0.031
2.39167	0.021
2.39333	0.033
2.39500	0.035
2.39667	0.026
2.39833	0.022
2.40000	0.036
2.40167	0.042
2.40333	0.030
2.40500	0.022
2.40667	0.037
2.40833	0.042
2.41000	0.032
2.41167	0.024
2.41333	0.037
2.41500	0.043
2.41667	0.031
2.41833	0.019
2.42000	0.033
2.42167	0.041
2.42333	0.035
2.42500	0.024
2.42667	0.034
2.42833	0.041
2.43000	0.030
2.43167	0.018
2.43333	0.027
2.43500	0.029
2.43667	0.020
2.43833	0.013
2.44000	0.026
2.44167	0.033
2.44333	0.026
2.44500	0.016
2.44667	0.026
2.44833	0.034
2.45000	0.028
2.45167	0.019
2.45333	0.027
2.45500	0.034
2.45667	0.027
2.45833	0.019
2.46000	0.030
2.46167	0.036
2.46333	0.030
2.46500	0.020
2.46667	0.031
2.46833	0.040
2.47000	0.035
2.47167	0.024
2.47333	0.032
2.47500	0.042
2.47667	0.038
2.47833	0.028
2.48000	0.035
2.48167	0.042
2.48333	0.036
2.48500	0.020
2.48667	0.029
2.48833	0.035
2.49000	0.028
2.49167	0.017
2.49333	0.025
2.49500	0.037
2.49667	0.033
2.49833	0.018
2.50000	0.022
2.50167	0.033
2.50333	0.030
2.50500	0.016
2.50667	0.022
2.50833	0.035
2.51000	0.032
2.51167	0.019
2.51333	0.027
2.51500	0.037
2.51667	0.034
2.51833	0.021
2.52000	0.025
2.52167	0.037
2.52333	0.035
2.52500	0.020
2.52667	0.025
2.52833	0.038
2.53000	0.037
2.53167	0.027
2.53333	0.033
2.53500	0.043
2.53667	0.040
2.53833	0.025
2.54000	0.025
2.54167	0.034
2.54333	0.034
2.54500	0.021
2.54667	0.023
2.54833	0.035
2.55000	0.037
2.55167	0.025
2.55333	0.024
2.55500	0.035
2.55667	0.038
2.55833	0.027
2.56000	0.028
2.56167	0.038
2.56333	0.038
2.56500	0.023
2.56667	0.022
2.56833	0.032
2.57000	0.036
2.57167	0.025
2.57333	0.027
2.57500	0.043
2.57667	0.043
2.57833	0.030
2.58000	0.027
2.58167	0.037
2.58333	0.037
2.58500	0.025
2.58667	0.025
2.58833	0.040
2.59000	0.044
2.59167	0.032
2.59333	0.029
2.59500	0.043
2.59667	0.046
2.59833	0.033
2.60000	0.028
2.60167	0.041
2.60333	0.042
2.60500	0.029
2.60667	0.024
2.60833	0.037
2.61000	0.044
2.61167	0.031
2.61333	0.027
2.61500	0.038
2.61667	0.039
2.61833	0.029
2.62000	0.025
2.62167	0.038
2.62333	0.040
2.62500	0.032
2.62667	0.026
2.62833	0.037
2.63000	0.041
2.63167	0.031
2.63333	0.023
2.63500	0.037
2.63667	0.043
2.63833	0.033
2.64000	0.023
2.64167	0.037
2.64333	0.043
2.64500	0.035
2.64667	0.029
2.64833	0.040
2.65000	0.044
2.65167	0.035
2.65333	0.025
2.65500	0.038
2.65667	0.044
2.65833	0.034
2.66000	0.021
2.66167	0.032
2.66333	0.041
2.66500	0.036
2.66667	0.027
2.66833	0.037
2.67000	0.047
2.67167	0.044
2.67333	0.029
2.67500	0.039
2.67667	0.045
2.67833	0.036
2.68000	0.023
2.68167	0.035
2.68333	0.042
2.68500	0.035
2.68667	0.021
2.68833	0.033
2.69000	0.043
2.69167	0.037
2.69333	0.024
2.69500	0.035
2.69667	0.045
2.69833	0.040
2.70000	0.027
2.70167	0.034
2.70333	0.042
2.70500	0.037
2.70667	0.025
2.70833	0.036
2.71000	0.041
2.71167	0.035
2.71333	0.020
2.71500	0.028
2.71667	0.037
2.71833	0.032
2.72000	0.022
2.72167	0.027
2.72333	0.033
2.72500	0.026
2.72667	0.013
2.72833	0.025
2.73000	0.037
2.73167	0.033
2.73333	0.016
2.73500	0.020
2.73667	0.030
2.73833	0.032
2.74000	0.019
2.74167	0.026
2.74333	0.036
2.74500	0.037
2.74667	0.024
2.74833	0.030
2.75000	0.040
2.75167	0.041
2.75333	0.028
2.75500	0.033
2.75667	0.044
2.75833	0.043
2.76000	0.027
2.76167	0.028
2.76333	0.041
2.76500	0.042
2.76667	0.030
2.76833	0.036
2.77000	0.049
2.77167	0.051
2.77333	0.035
2.77500	0.035
2.77667	0.044
2.77833	0.041
2.78000	0.027
2.78167	0.024
2.78333	0.040
2.78500	0.040
2.78667	0.027
2.78833	0.027
2.79000	0.042
2.79167	0.045
2.79333	0.033
2.79500	0.029
2.79667	0.040
2.79833	0.042
2.80000	0.033
2.80167	0.029
2.80333	0.047
2.80500	0.048
2.80667	0.036
2.80833	0.030
2.81000	0.047
2.81167	0.050
2.81333	0.038
2.81500	0.034
2.81667	0.053
2.81833	0.057
2.82000	0.048
2.82167	0.039
2.82333	0.048
2.82500	0.045
2.82667	0.036
2.82833	0.029
2.83000	0.042
2.83167	0.049
2.83333	0.038
2.83500	0.030
2.83667	0.044
2.83833	0.048
2.84000	0.040
2.84167	0.033
2.84333	0.050
2.84500	0.055
2.84667	0.043
2.84833	0.036
2.85000	0.052
2.85167	0.052
2.85333	0.042
2.85500	0.029
2.85667	0.039
2.85833	0.044
2.86000	0.038
2.86167	0.025
2.86333	0.040
2.86500	0.046
2.86667	0.037
2.86833	0.025
2.87000	0.039
2.87167	0.044
2.87333	0.036
2.87500	0.025
2.87667	0.041
2.87833	0.049
2.88000	0.044
2.88167	0.028
2.88333	0.042
2.88500	0.050
2.88667	0.042
2.88833	0.030
2.89000	0.042
2.89167	0.049
2.89333	0.045
2.89500	0.032
2.89667	0.042
2.89833	0.050
2.90000	0.044
2.90167	0.032
2.90333	0.040
2.90500	0.045
2.90667	0.041
2.90833	0.027
2.91000	0.035
2.91167	0.043
2.91333	0.036
2.91500	0.022
2.91667	0.033
2.91833	0.043
2.92000	0.040
2.92167	0.025
2.92333	0.036
2.92500	0.049
2.92667	0.047
2.92833	0.032
2.93000	0.035
2.93167	0.043
2.93333	0.041
2.93500	0.029
2.93667	0.036
2.93833	0.048
2.94000	0.046
2.94167	0.034
2.94333	0.036
2.94500	0.040
2.94667	0.035
2.94833	0.020
2.95000	0.024
2.95167	0.040
2.95333	0.037
2.95500	0.024
2.95667	0.028
2.95833	0.043
2.96000	0.042
2.96167	0.027
2.96333	0.032
2.96500	0.047
2.96667	0.046
2.96833	0.033
2.97000	0.032
2.97167	0.045
2.97333	0.042
2.97500	0.031
2.97667	0.033
2.97833	0.047
2.98000	0.047
2.98167	0.033
2.98333	0.031
2.98500	0.045
2.98667	0.046
2.98833	0.032
2.99000	0.032
2.99167	0.046
2.99333	0.044
2.99500	0.032
2.99667	0.032
2.99833	0.044
3.00000	0.040
3.00167	0.031
3.00333	0.032
3.00500	0.047
3.00667	0.048
3.00833	0.038
3.01000	0.033
3.01167	0.047
3.01333	0.048
3.01500	0.032
3.01667	0.023
3.01833	0.037
3.02000	0.040
3.02167	0.029
3.02333	0.022
3.02500	0.033
3.02667	0.035
3.02833	0.029
3.03000	0.027
3.03167	0.041
3.03333	0.041
3.03500	0.032
3.03667	0.025
3.03833	0.037
3.04000	0.038
3.04167	0.026
3.04333	0.020
3.04500	0.035
3.04667	0.041
3.04833	0.034
3.05000	0.025
3.05167	0.039
3.05333	0.046
3.05500	0.037
3.05667	0.029
3.05833	0.042
3.06000	0.045
3.06167	0.032
3.06333	0.022
3.06500	0.036
3.06667	0.044
3.06833	0.035
3.07000	0.027
3.07167	0.041
3.07333	0.046
3.07500	0.036
3.07667	0.024
3.07833	0.035
3.08000	0.040
3.08167	0.031
3.08333	0.022
3.08500	0.035
3.08667	0.044
3.08833	0.038
3.09000	0.027
3.09167	0.039
3.09333	0.047
3.09500	0.040
3.09667	0.024
3.09833	0.035
3.10000	0.043
3.10167	0.036
3.10333	0.023
3.10500	0.031
3.10667	0.041
3.10833	0.038
3.11000	0.027
3.11167	0.038
3.11333	0.047
3.11500	0.040
3.11667	0.027
3.11833	0.033
3.12000	0.045
3.12167	0.042
3.12333	0.030
3.12500	0.034
3.12667	0.045
3.12833	0.039
3.13000	0.025
3.13167	0.032
3.13333	0.042
3.13500	0.036
3.13667	0.026
3.13833	0.033
3.14000	0.043
3.14167	0.038
3.14333	0.022
3.14500	0.029
3.14667	0.041
3.14833	0.036
3.15000	0.024
3.15167	0.031
3.15333	0.043
3.15500	0.038
3.15667	0.025
3.15833	0.030
3.16000	0.043
3.16167	0.043
3.16333	0.033
3.16500	0.036
3.16667	0.050
3.16833	0.049
3.17000	0.038
3.17167	0.041
3.17333	0.052
3.17500	0.050
3.17667	0.035
3.17833	0.034
3.18000	0.045
3.18167	0.046
3.18333	0.030
3.18500	0.028
3.18667	0.040
3.18833	0.039
3.19000	0.029
3.19167	0.030
3.19333	0.042
3.19500	0.042
3.19667	0.028
3.19833	0.029
3.20000	0.041
3.20167	0.039
3.20333	0.024
3.20500	0.020
3.20667	0.032
3.20833	0.033
3.21000	0.023
3.21167	0.021
3.21333	0.035
3.21500	0.035
3.21667	0.019
3.21833	0.015
3.22000	0.029
3.22167	0.033
3.22333	0.025
3.22500	0.022
3.22667	0.034
3.22833	0.036
3.23000	0.026
3.23167	0.023
3.23333	0.037
3.23500	0.040
3.23667	0.029
3.23833	0.024
3.24000	0.038
3.24167	0.043
3.24333	0.034
3.24500	0.029
3.24667	0.044
3.24833	0.048
3.25000	0.036
3.25167	0.027
3.25333	0.038
3.25500	0.042
3.25667	0.032
3.25833	0.027
3.26000	0.041
3.26167	0.046
3.26333	0.039
3.26500	0.031
3.26667	0.044
3.26833	0.049
3.27000	0.040
3.27167	0.035
3.27333	0.047
3.27500	0.050
3.27667	0.040
3.27833	0.031
3.28000	0.042
3.28167	0.046
3.28333	0.037
3.28500	0.027
3.28667	0.036
3.28833	0.046
3.29000	0.040
3.29167	0.029
3.29333	0.035
3.29500	0.039
3.29667	0.030
3.29833	0.019
3.30000	0.029
3.30167	0.039
3.30333	0.034
3.30500	0.024
3.30667	0.035
3.30833	0.041
3.31000	0.031
3.31167	0.023
3.31333	0.034
3.31500	0.045
3.31667	0.039
3.31833	0.026
3.32000	0.032
3.32167	0.038
3.32333	0.034
3.32500	0.023
3.32667	0.032
3.32833	0.044
3.33000	0.040
3.33167	0.024
3.33333	0.031
3.33500	0.043
3.33667	0.034
3.33833	0.019
3.34000	0.025
3.34167	0.035
3.34333	0.033
3.34500	0.024
3.34667	0.030
3.34833	0.038
3.35000	0.034
3.35167	0.026
3.35333	0.033
3.35500	0.043
3.35667	0.041
3.35833	0.031
3.36000	0.037
3.36167	0.051
3.36333	0.051
3.36500	0.036
3.36667	0.036
3.36833	0.045
3.37000	0.043
3.37167	0.030
3.37333	0.031
3.37500	0.043
3.37667	0.040
3.37833	0.024
3.38000	0.031
3.38167	0.046
3.38333	0.042
3.38500	0.026
3.38667	0.029
3.38833	0.038
3.39000	0.037
3.39167	0.025
3.39333	0.027
3.39500	0.037
3.39667	0.038
3.39833	0.026
3.40000	0.026
3.40167	0.040
3.40333	0.040
3.40500	0.026
3.40667	0.027
3.40833	0.040
3.41000	0.040
3.41167	0.029
3.41333	0.031
3.41500	0.039
3.41667	0.040
3.41833	0.026
3.42000	0.025
3.42167	0.035
3.42333	0.039
3.42500	0.029
3.42667	0.022
3.42833	0.036
3.43000	0.040
3.43167	0.026
3.43333	0.019
3.43500	0.032
3.43667	0.036
3.43833	0.027
3.44000	0.018
3.44167	0.031
3.44333	0.036
3.44500	0.026
3.44667	0.023
3.44833	0.038
3.45000	0.041
3.45167	0.030
3.45333	0.025
3.45500	0.032
3.45667	0.035
3.45833	0.029
3.46000	0.018
3.46167	0.027
3.46333	0.033
3.46500	0.025
3.46667	0.019
3.46833	0.033
3.47000	0.042
3.47167	0.035
3.47333	0.022
3.47500	0.032
3.47667	0.042
3.47833	0.036
3.48000	0.023
3.48167	0.032
3.48333	0.041
3.48500	0.035
3.48667	0.021
3.48833	0.032
3.49000	0.042
3.49167	0.037
3.49333	0.025
3.49500	0.037
3.49667	0.044
3.49833	0.038
3.50000	0.026
3.50167	0.037
3.50333	0.045
3.50500	0.039
3.50667	0.027
3.50833	0.032
3.51000	0.042
3.51167	0.036
3.51333	0.022
3.51500	0.029
3.51667	0.037
3.51833	0.033
3.52000	0.024
3.52167	0.031
3.52333	0.041
3.52500	0.038
3.52667	0.025
3.52833	0.030
3.53000	0.038
3.53167	0.035
3.53333	0.019
3.53500	0.023
3.53667	0.035
3.53833	0.034
3.54000	0.026
3.54167	0.033
3.54333	0.043
3.54500	0.041
3.54667	0.027
3.54833	0.032
3.55000	0.041
3.55167	0.038
3.55333	0.027
3.55500	0.029
3.55667	0.038
3.55833	0.035
3.56000	0.022
3.56167	0.022
3.56333	0.032
3.56500	0.031
3.56667	0.019
3.56833	0.022
3.57000	0.036
3.57167	0.038
3.57333	0.029
3.57500	0.028
3.57667	0.038
3.57833	0.041
3.58000	0.028
3.58167	0.027
3.58333	0.039
3.58500	0.038
3.58667	0.025
3.58833	0.026
3.59000	0.038
3.59167	0.037
3.59333	0.026
3.59500	0.028
3.59667	0.044
3.59833	0.049
3.60000	0.038
3.60167	0.035
3.60333	0.047
3.60500	0.047
3.60667	0.033
3.60833	0.029
3.61000	0.040
3.61167	0.041
3.61333	0.027
3.61500	0.022
3.61667	0.032
3.61833	0.036
3.62000	0.026
3.62167	0.022
3.62333	0.032
3.62500	0.035
3.62667	0.024
3.62833	0.020
3.63000	0.035
3.63167	0.039
3.63333	0.030
3.63500	0.023
3.63667	0.036
3.63833	0.044
3.64000	0.033
3.64167	0.026
3.64333	0.038
3.64500	0.043
3.64667	0.035
3.64833	0.027
3.65000	0.040
3.65167	0.045
3.65333	0.036
3.65500	0.026
3.65667	0.040
3.65833	0.043
3.66000	0.031
3.66167	0.018
3.66333	0.028
3.66500	0.034
3.66667	0.025
3.66833	0.016
3.67000	0.026
3.67167	0.031
3.67333	0.024
3.67500	0.013
3.67667	0.025
3.67833	0.034
3.68000	0.029
3.68167	0.016
3.68333	0.029
3.68500	0.034
3.68667	0.027
3.68833	0.017
3.69000	0.026
3.69167	0.032
3.69333	0.028
3.69500	0.016
3.69667	0.026
3.69833	0.034
3.70000	0.028
3.70167	0.016
3.70333	0.027
3.70500	0.038
3.70667	0.033
3.70833	0.020
3.71000	0.029
3.71167	0.033
3.71333	0.028
3.71500	0.014
3.71667	0.023
3.71833	0.032
3.72000	0.021
3.72167	0.006
3.72333	0.019
3.72500	0.029
3.72667	0.027
3.72833	0.013
3.73000	0.020
3.73167	0.029
3.73333	0.024
3.73500	0.010
3.73667	0.017
3.73833	0.025
3.74000	0.025
3.74167	0.012
3.74333	0.018
3.74500	0.029
3.74667	0.025
3.74833	0.011
3.75000	0.018
3.75167	0.027
3.75333	0.022
3.75500	0.008
3.75667	0.013
3.75833	0.023
3.76000	0.021
3.76167	0.008
3.76333	0.015
3.76500	0.029
3.76667	0.030
3.76833	0.014
3.77000	0.017
3.77167	0.031
3.77333	0.032
3.77500	0.018
3.77667	0.024
3.77833	0.038
3.78000	0.038
3.78167	0.023
3.78333	0.022
3.78500	0.033
3.78667	0.031
3.78833	0.018
3.79000	0.019
3.79167	0.032
3.79333	0.034
3.79500	0.024
3.79667	0.022
3.79833	0.035
3.80000	0.033
3.80167	0.017
3.80333	0.014
3.80500	0.027
3.80667	0.027
3.80833	0.019
3.81000	0.020
3.81167	0.035
3.81333	0.036
3.81500	0.023
3.81667	0.017
3.81833	0.030
3.82000	0.031
3.82167	0.020
3.82333	0.013
3.82500	0.024
3.82667	0.030
3.82833	0.021
3.83000	0.017
3.83167	0.031
3.83333	0.034
3.83500	0.024
3.83667	0.018
3.83833	0.030
3.84000	0.032
3.84167	0.021
3.84333	0.017
3.84500	0.032
3.84667	0.035
3.84833	0.026
3.85000	0.016
3.85167	0.026
3.85333	0.029
3.85500	0.018
3.85667	0.009
3.85833	0.022
3.86000	0.026
3.86167	0.014
3.86333	0.005
3.86500	0.018
3.86667	0.023
3.86833	0.018
3.87000	0.009
3.87167	0.023
3.87333	0.027
3.87500	0.019
3.87667	0.010
3.87833	0.025
3.88000	0.031
3.88167	0.021
3.88333	0.011
3.88500	0.028
3.88667	0.036
3.88833	0.028
3.89000	0.015
3.89167	0.026
3.89333	0.031
3.89500	0.025
3.89667	0.012
3.89833	0.023
3.90000	0.031
3.90167	0.022
3.90333	0.009
3.90500	0.019
3.90667	0.025
3.90833	0.018
3.91000	0.007
3.91167	0.022
3.91333	0.029
3.91500	0.023
3.91667	0.009
3.91833	0.020
3.92000	0.030
3.92167	0.029
3.92333	0.013
3.92500	0.020
3.92667	0.030
3.92833	0.026
3.93000	0.014
3.93167	0.023
3.93333	0.031
3.93500	0.028
3.93667	0.017
3.93833	0.028
3.94000	0.035
3.94167	0.031
3.94333	0.016
3.94500	0.024
3.94667	0.034
3.94833	0.032
3.95000	0.017
3.95167	0.024
3.95333	0.034
3.95500	0.029
3.95667	0.015
3.95833	0.017
3.96000	0.027
3.96167	0.024
3.96333	0.011
3.96500	0.013
3.96667	0.024
3.96833	0.021
3.97000	0.008
3.97167	0.012
3.97333	0.029
3.97500	0.027
3.97667	0.011
3.97833	0.010
3.98000	0.021
3.98167	0.022
3.98333	0.013
3.98500	0.014
3.98667	0.026
3.98833	0.029
3.99000	0.018
3.99167	0.021
3.99333	0.034
3.99500	0.033
3.99667	0.021
3.99833	0.021
4.00000	0.036
4.00167	0.038
4.00333	0.024
4.00500	0.020
4.00667	0.034
4.00833	0.035
4.01000	0.025
4.01167	0.024
4.01333	0.038
4.01500	0.041
4.01667	0.029
4.01833	0.024
4.02000	0.037
4.02167	0.039
4.02333	0.027
4.02500	0.023
4.02667	0.033
4.02833	0.032
4.03000	0.021
4.03167	0.015
4.03333	0.032
4.03500	0.035
4.03667	0.024
4.03833	0.019
4.04000	0.033
4.04167	0.032
4.04333	0.019
4.04500	0.012
4.04667	0.025
4.04833	0.030
4.05000	0.021
4.05167	0.015
4.05333	0.030
4.05500	0.032
4.05667	0.024
4.05833	0.018
4.06000	0.034
4.06167	0.037
4.06333	0.032
4.06500	0.024
4.06667	0.036
4.06833	0.035
4.07000	0.027
4.07167	0.019
4.07333	0.036
4.07500	0.039
4.07667	0.031
4.07833	0.021
4.08000	0.037
4.08167	0.043
4.08333	0.037
4.08500	0.029
4.08667	0.042
4.08833	0.045
4.09000	0.035
4.09167	0.022
4.09333	0.033
4.09500	0.040
4.09667	0.034
4.09833	0.023
4.10000	0.036
4.10167	0.042
4.10333	0.035
4.10500	0.023
4.10667	0.035
4.10833	0.043
4.11000	0.037
4.11167	0.026
4.11333	0.037
4.11500	0.044
4.11667	0.034
4.11833	0.018
4.12000	0.028
4.12167	0.037
4.12333	0.030
4.12500	0.019
4.12667	0.030
4.12833	0.043
4.13000	0.038
4.13167	0.022
4.13333	0.029
4.13500	0.037
4.13667	0.032
4.13833	0.019
4.14000	0.023
4.14167	0.030
4.14333	0.024
4.14500	0.011
4.14667	0.018
4.14833	0.029
4.15000	0.025
4.15167	0.015
4.15333	0.024
4.15500	0.036
4.15667	0.030
4.15833	0.018
4.16000	0.022
4.16167	0.037
4.16333	0.033
4.16500	0.017
4.16667	0.023
4.16833	0.036
4.17000	0.035
4.17167	0.024
4.17333	0.026
4.17500	0.038
4.17667	0.032
4.17833	0.018
4.18000	0.020
4.18167	0.032
4.18333	0.028
4.18500	0.014
4.18667	0.014
4.18833	0.026
4.19000	0.026
4.19167	0.017
4.19333	0.019
4.19500	0.032
4.19667	0.031
4.19833	0.020
4.20000	0.024
4.20167	0.038
4.20333	0.036
4.20500	0.026
4.20667	0.026
4.20833	0.038
4.21000	0.036
4.21167	0.021
4.21333	0.017
4.21500	0.029
4.21667	0.028
4.21833	0.021
4.22000	0.024
4.22167	0.037
4.22333	0.036
4.22500	0.026
4.22667	0.026
4.22833	0.038
4.23000	0.037
4.23167	0.029
4.23333	0.026
4.23500	0.038
4.23667	0.039
4.23833	0.025
4.24000	0.022
4.24167	0.036
4.24333	0.036
4.24500	0.026
4.24667	0.025
4.24833	0.041
4.25000	0.044
4.25167	0.030
4.25333	0.023
4.25500	0.034
4.25667	0.036
4.25833	0.024
4.26000	0.017
4.26167	0.029
4.26333	0.033
4.26500	0.024
4.26667	0.020
4.26833	0.035
4.27000	0.040
4.27167	0.032
4.27333	0.027
4.27500	0.040
4.27667	0.043
4.27833	0.033
4.28000	0.025
4.28167	0.036
4.28333	0.037
4.28500	0.027
4.28667	0.018
4.28833	0.029
4.29000	0.034
4.29167	0.027
4.29333	0.020
4.29500	0.034
4.29667	0.042
4.29833	0.033
4.30000	0.022
4.30167	0.031
4.30333	0.033
4.30500	0.027
4.30667	0.016
4.30833	0.027
4.31000	0.032
4.31167	0.023
4.31333	0.012
4.31500	0.019
4.31667	0.029
4.31833	0.023
4.32000	0.011
4.32167	0.025
4.32333	0.030
4.32500	0.020
4.32667	0.010
4.32833	0.020
4.33000	0.027
4.33167	0.020
4.33333	0.010
4.33500	0.020
4.33667	0.029
4.33833	0.022
4.34000	0.013
4.34167	0.022
4.34333	0.032
4.34500	0.030
4.34667	0.021
4.34833	0.031
4.35000	0.042
4.35167	0.034
4.35333	0.022
4.35500	0.031
4.35667	0.039
4.35833	0.034
4.36000	0.023
4.36167	0.027
4.36333	0.034
4.36500	0.029
4.36667	0.015
4.36833	0.021
4.37000	0.033
4.37167	0.034
4.37333	0.023
4.37500	0.030
4.37667	0.040
4.37833	0.035
4.38000	0.023
4.38167	0.027
4.38333	0.037
4.38500	0.039
4.38667	0.027
4.38833	0.029
4.39000	0.039
4.39167	0.037
4.39333	0.022
4.39500	0.027
4.39667	0.038
4.39833	0.038
4.40000	0.028
4.40167	0.032
4.40333	0.041
4.40500	0.037
4.40667	0.026
4.40833	0.028
4.41000	0.037
4.41167	0.036
4.41333	0.025
4.41500	0.028
4.41667	0.040
4.41833	0.039
4.42000	0.024
4.42167	0.023
4.42333	0.036
4.42500	0.037
4.42667	0.025
4.42833	0.029
4.43000	0.042
4.43167	0.043
4.43333	0.029
4.43500	0.031
4.43667	0.043
4.43833	0.045
4.44000	0.030
4.44167	0.027
4.44333	0.040
4.44500	0.040
4.44667	0.026
4.44833	0.021
4.45000	0.034
4.45167	0.035
4.45333	0.023
4.45500	0.019
4.45667	0.032
4.45833	0.034
4.46000	0.020
4.46167	0.019
4.46333	0.035
4.46500	0.039
4.46667	0.027
4.46833	0.023
4.47000	0.035
4.47167	0.038
4.47333	0.027
4.47500	0.018
4.47667	0.030
4.47833	0.033
4.48000	0.022
4.48167	0.013
4.48333	0.028
4.48500	0.036
4.48667	0.026
4.48833	0.018
4.49000	0.032
4.49167	0.035
4.49333	0.022
4.49500	0.009
4.49667	0.022
4.49833	0.028
4.50000	0.022
4.50167	0.016
4.50333	0.031
4.50500	0.042
4.50667	0.035
4.50833	0.027
4.51000	0.041
4.51167	0.045
4.51333	0.035
4.51500	0.024
4.51667	0.034
4.51833	0.038
4.52000	0.031
4.52167	0.020
4.52333	0.030
4.52500	0.036
4.52667	0.026
4.52833	0.014
4.53000	0.029
4.53167	0.038
4.53333	0.032
4.53500	0.019
4.53667	0.029
4.53833	0.035
4.54000	0.028
4.54167	0.016
4.54333	0.029
4.54500	0.039
4.54667	0.029
4.54833	0.018
4.55000	0.031
4.55167	0.040
4.55333	0.034
4.55500	0.023
4.55667	0.033
4.55833	0.039
4.56000	0.033
4.56167	0.021
4.56333	0.029
4.56500	0.035
4.56667	0.031
4.56833	0.021
4.57000	0.035
4.57167	0.043
4.57333	0.040
4.57500	0.027
4.57667	0.037
4.57833	0.045
4.58000	0.039
4.58167	0.020
4.58333	0.029
4.58500	0.041
4.58667	0.039
4.58833	0.026
4.59000	0.038
4.59167	0.050
4.59333	0.045
4.59500	0.028
4.59667	0.036
4.59833	0.045
4.60000	0.046
4.60167	0.029
4.60333	0.032
4.60500	0.042
4.60667	0.040
4.60833	0.026
4.61000	0.032
4.61167	0.046
4.61333	0.045
4.61500	0.029
4.61667	0.032
4.61833	0.044
4.62000	0.043
4.62167	0.028
4.62333	0.029
4.62500	0.042
4.62667	0.042
4.62833	0.028
4.63000	0.028
4.63167	0.040
4.63333	0.040
4.63500	0.024
4.63667	0.023
4.63833	0.037
4.64000	0.037
4.64167	0.023
4.64333	0.024
4.64500	0.037
4.64667	0.040
4.64833	0.030
4.65000	0.028
4.65167	0.037
4.65333	0.038
4.65500	0.027
4.65667	0.027
4.65833	0.039
4.66000	0.036
4.66167	0.023
4.66333	0.021
4.66500	0.036
4.66667	0.035
4.66833	0.024
4.67000	0.022
4.67167	0.032
4.67333	0.031
4.67500	0.023
4.67667	0.019
4.67833	0.034
4.68000	0.038
4.68167	0.026
4.68333	0.022
4.68500	0.035
4.68667	0.037
4.68833	0.026
4.69000	0.018
4.69167	0.033
4.69333	0.037
4.69500	0.025
4.69667	0.017
4.69833	0.028
4.70000	0.031
4.70167	0.026
4.70333	0.022
4.70500	0.035
4.70667	0.040
4.70833	0.029
4.71000	0.021
4.71167	0.035
4.71333	0.039
4.71500	0.029
4.71667	0.021
4.71833	0.037
4.72000	0.040
4.72167	0.032
4.72333	0.025
4.72500	0.038
4.72667	0.042
4.72833	0.033
4.73000	0.018
4.73167	0.033
4.73333	0.044
4.73500	0.041
4.73667	0.031
4.73833	0.043
4.74000	0.048
4.74167	0.040
4.74333	0.028
4.74500	0.040
4.74667	0.048
4.74833	0.041
4.75000	0.029
4.75167	0.043
4.75333	0.048
4.75500	0.038
4.75667	0.023
4.75833	0.034
4.76000	0.039
4.76167	0.033
4.76333	0.020
4.76500	0.031
4.76667	0.037
4.76833	0.032
4.77000	0.020
4.77167	0.029
4.77333	0.038
4.77500	0.033
4.77667	0.019
4.77833	0.028
4.78000	0.037
4.78167	0.033
4.78333	0.019
4.78500	0.025
4.78667	0.034
4.78833	0.027
4.79000	0.013
4.79167	0.024
4.79333	0.038
4.79500	0.034
4.79667	0.018
4.79833	0.026
4.80000	0.041
4.80167	0.039
4.80333	0.027
4.80500	0.031
4.80667	0.042
4.80833	0.039
4.81000	0.024
4.81167	0.030
4.81333	0.039
4.81500	0.037
4.81667	0.026
4.81833	0.028
4.82000	0.040
4.82167	0.039
4.82333	0.023
4.82500	0.025
4.82667	0.040
4.82833	0.040
4.83000	0.026
4.83167	0.029
4.83333	0.044
4.83500	0.046
4.83667	0.031
4.83833	0.033
4.84000	0.044
4.84167	0.041
4.84333	0.027
4.84500	0.023
4.84667	0.036
4.84833	0.035
4.85000	0.021
4.85167	0.019
4.85333	0.036
4.85500	0.039
4.85667	0.025
4.85833	0.019
4.86000	0.034
4.86167	0.039
4.86333	0.026
4.86500	0.021
4.86667	0.036
4.86833	0.037
4.87000	0.024
4.87167	0.024
4.87333	0.040
4.87500	0.044
4.87667	0.032
4.87833	0.026
4.88000	0.038
4.88167	0.037
4.88333	0.027
4.88500	0.022
4.88667	0.035
4.88833	0.041
4.89000	0.032
4.89167	0.025
4.89333	0.038
4.89500	0.042
4.89667	0.033
4.89833	0.027
4.90000	0.040
4.90167	0.041
4.90333	0.032
4.90500	0.026
4.90667	0.040
4.90833	0.044
4.91000	0.036
4.91167	0.025
4.91333	0.039
4.91500	0.043
4.91667	0.034
4.91833	0.026
4.92000	0.040
4.92167	0.044
4.92333	0.034
4.92500	0.017
4.92667	0.029
4.92833	0.035
4.93000	0.028
4.93167	0.022
4.93333	0.039
4.93500	0.047
4.93667	0.039
4.93833	0.025
4.94000	0.034
4.94167	0.041
4.94333	0.034
4.94500	0.025
4.94667	0.039
4.94833	0.046
4.95000	0.036
4.95167	0.028
4.95333	0.040
4.95500	0.046
4.95667	0.037
4.95833	0.023
4.96000	0.030
4.96167	0.039
4.96333	0.031
4.96500	0.016
4.96667	0.028
4.96833	0.038
4.97000	0.030
4.97167	0.016
4.97333	0.025
4.97500	0.034
4.97667	0.027
4.97833	0.014
4.98000	0.024
4.98167	0.038
4.98333	0.033
4.98500	0.018
4.98667	0.025
4.98833	0.037
4.99000	0.030
4.99167	0.020
4.99333	0.029
4.99500	0.039
4.99667	0.032
4.99833	0.019
5.00000	0.024
5.00167	0.036
5.00333	0.034
5.00500	0.018
5.00667	0.020
5.00833	0.033
5.01000	0.030
5.01167	0.018
5.01333	0.020
5.01500	0.036
5.01667	0.035
5.01833	0.024
5.02000	0.029
5.02167	0.040
5.02333	0.041
5.02500	0.029
5.02667	0.032
5.02833	0.044
5.03000	0.040
5.03167	0.027
5.03333	0.028
5.03500	0.037
5.03667	0.033
5.03833	0.020
5.04000	0.021
5.04167	0.035
5.04333	0.033
5.04500	0.023
5.04667	0.025
5.04833	0.036
5.05000	0.032
5.05167	0.021
5.05333	0.019
5.05500	0.029
5.05667	0.031
5.05833	0.022
5.06000	0.024
5.06167	0.039
5.06333	0.038
5.06500	0.024
5.06667	0.023
5.06833	0.036
5.07000	0.037
5.07167	0.027
5.07333	0.025
5.07500	0.037
5.07667	0.038
5.07833	0.025
5.08000	0.022
5.08167	0.035
5.08333	0.034
5.08500	0.022
5.08667	0.021
5.08833	0.037
5.09000	0.040
5.09167	0.028
5.09333	0.022
5.09500	0.036
5.09667	0.039
5.09833	0.027
5.10000	0.020
5.10167	0.032
5.10333	0.035
5.10500	0.026
5.10667	0.025
5.10833	0.039
5.11000	0.043
5.11167	0.032
5.11333	0.023
5.11500	0.036
5.11667	0.039
5.11833	0.028
5.12000	0.021
5.12167	0.032
5.12333	0.036
5.12500	0.023
5.12667	0.015
5.12833	0.028
5.13000	0.033
5.13167	0.020
5.13333	0.015
5.13500	0.029
5.13667	0.038
5.13833	0.030
5.14000	0.022
5.14167	0.035
5.14333	0.040
5.14500	0.030
5.14667	0.020
5.14833	0.033
5.15000	0.042
5.15167	0.033
5.15333	0.023
5.15500	0.037
5.15667	0.045
5.15833	0.036
5.16000	0.022
5.16167	0.033
5.16333	0.040
5.16500	0.030
5.16667	0.018
5.16833	0.031
5.17000	0.041
5.17167	0.033
5.17333	0.023
5.17500	0.031
5.17667	0.039
5.17833	0.033
5.18000	0.024
5.18167	0.036
5.18333	0.042
5.18500	0.031
5.18667	0.018
5.18833	0.024
5.19000	0.036
5.19167	0.030
5.19333	0.017
5.19500	0.027
5.19667	0.036
5.19833	0.030
5.20000	0.017
5.20167	0.025
5.20333	0.036
5.20500	0.035
5.20667	0.023
5.20833	0.028
5.21000	0.038
5.21167	0.034
5.21333	0.018
5.21500	0.023
5.21667	0.035
5.21833	0.032
5.22000	0.019
5.22167	0.026
5.22333	0.035
5.22500	0.034
5.22667	0.020
5.22833	0.026
5.23000	0.036
5.23167	0.033
5.23333	0.020
5.23500	0.023
5.23667	0.035
5.23833	0.035
5.24000	0.026
5.24167	0.033
5.24333	0.042
5.24500	0.037
5.24667	0.023
5.24833	0.026
5.25000	0.037
5.25167	0.034
5.25333	0.021
5.25500	0.024
5.25667	0.035
5.25833	0.034
5.26000	0.016
5.26167	0.016
5.26333	0.028
5.26500	0.029
5.26667	0.017
5.26833	0.022
5.27000	0.035
5.27167	0.034
5.27333	0.017
5.27500	0.018
5.27667	0.032
5.27833	0.033
5.28000	0.018
5.28167	0.017
5.28333	0.030
5.28500	0.030
5.28667	0.017
5.28833	0.015
5.29000	0.027
5.29167	0.029
5.29333	0.017
5.29500	0.017
5.29667	0.032
5.29833	0.037
5.30000	0.027
5.30167	0.026
5.30333	0.039
5.30500	0.042
5.30667	0.031
5.30833	0.031
5.31000	0.043
5.31167	0.046
5.31333	0.035
5.31500	0.031
5.31667	0.043
5.31833	0.042
5.32000	0.032
5.32167	0.026
5.32333	0.039
5.32500	0.046
5.32667	0.035
5.32833	0.029
5.33000	0.040
5.33167	0.044
5.33333	0.035
5.33500	0.027
5.33667	0.036
5.33833	0.039
5.34000	0.027
5.34167	0.022
5.34333	0.038
5.34500	0.042
5.34667	0.036
5.34833	0.025
5.35000	0.034
5.35167	0.043
5.35333	0.036
5.35500	0.027
5.35667	0.036
5.35833	0.040
5.36000	0.031
5.36167	0.018
5.36333	0.028
5.36500	0.037
5.36667	0.031
5.36833	0.020
5.37000	0.033
5.37167	0.043
5.37333	0.037
5.37500	0.025
5.37667	0.036
5.37833	0.041
5.38000	0.033
5.38167	0.022
5.38333	0.034
5.38500	0.042
5.38667	0.034
5.38833	0.020
5.39000	0.033
5.39167	0.045
5.39333	0.039
5.39500	0.027
5.39667	0.037
5.39833	0.044
5.40000	0.039
5.40167	0.028
5.40333	0.040
5.40500	0.047
5.40667	0.041
5.40833	0.025
5.41000	0.029
5.41167	0.037
5.41333	0.034
5.41500	0.024
5.41667	0.036
5.41833	0.045
5.42000	0.042
5.42167	0.028
5.42333	0.037
5.42500	0.048
5.42667	0.046
5.42833	0.033
5.43000	0.043
5.43167	0.054
5.43333	0.050
5.43500	0.035
5.43667	0.044
5.43833	0.052
5.44000	0.048
5.44167	0.029
5.44333	0.036
5.44500	0.045
5.44667	0.038
5.44833	0.026
5.45000	0.034
5.45167	0.045
5.45333	0.042
5.45500	0.025
5.45667	0.030
5.45833	0.041
5.46000	0.037
5.46167	0.021
5.46333	0.026
5.46500	0.039
5.46667	0.041
5.46833	0.029
5.47000	0.031
5.47167	0.041
5.47333	0.038
5.47500	0.022
5.47667	0.024
5.47833	0.039
5.48000	0.042
5.48167	0.028
5.48333	0.029
5.48500	0.041
5.48667	0.039
5.48833	0.025
5.49000	0.024
5.49167	0.034
5.49333	0.033
5.49500	0.019
5.49667	0.019
5.49833	0.035
5.50000	0.034
5.50167	0.020
5.50333	0.018
5.50500	0.033
5.50667	0.036
5.50833	0.023
5.51000	0.018
5.51167	0.033
5.51333	0.031
5.51500	0.020
5.51667	0.020
5.51833	0.032
5.52000	0.035
5.52167	0.026
5.52333	0.022
5.52500	0.035
5.52667	0.039
5.52833	0.033
5.53000	0.031
5.53167	0.045
5.53333	0.047
5.53500	0.039
5.53667	0.031
5.53833	0.041
5.54000	0.043
5.54167	0.033
5.54333	0.028
5.54500	0.045
5.54667	0.050
5.54833	0.042
5.55000	0.033
5.55167	0.045
5.55333	0.051
5.55500	0.040
5.55667	0.030
5.55833	0.044
5.56000	0.048
5.56167	0.038
5.56333	0.023
5.56500	0.031
5.56667	0.031
5.56833	0.022
5.57000	0.013
5.57167	0.028
5.57333	0.034
5.57500	0.028
5.57667	0.019
5.57833	0.035
5.58000	0.041
5.58167	0.032
5.58333	0.018
5.58500	0.031
5.58667	0.037
5.58833	0.028
5.59000	0.014
5.59167	0.028
5.59333	0.032
5.59500	0.028
5.59667	0.016
5.59833	0.028
5.60000	0.034
5.60167	0.027
5.60333	0.016
5.60500	0.025
5.60667	0.029
5.60833	0.024
5.61000	0.012
5.61167	0.025
5.61333	0.034
5.61500	0.030
5.61667	0.015
5.61833	0.024
5.62000	0.032
5.62167	0.029
5.62333	0.015
5.62500	0.027
5.62667	0.034
5.62833	0.027
5.63000	0.013
5.63167	0.023
5.63333	0.035
5.63500	0.031
5.63667	0.015
5.63833	0.025
5.64000	0.035
5.64167	0.032
5.64333	0.021
5.64500	0.028
5.64667	0.035
5.64833	0.030
5.65000	0.016
5.65167	0.024
5.65333	0.034
5.65500	0.030
5.65667	0.017
5.65833	0.026
5.66000	0.039
5.66167	0.043
5.66333	0.030
5.66500	0.032
5.66667	0.044
5.66833	0.044
5.67000	0.032
5.67167	0.033
5.67333	0.044
5.67500	0.040
5.67667	0.026
5.67833	0.027
5.68000	0.041
5.68167	0.038
5.68333	0.021
5.68500	0.024
5.68667	0.038
5.68833	0.036
5.69000	0.023
5.69167	0.023
5.69333	0.040
5.69500	0.042
5.69667	0.028
5.69833	0.028
5.70000	0.044
5.70167	0.046
5.70333	0.037
5.70500	0.039
5.70667	0.050
5.70833	0.049
5.71000	0.038
5.71167	0.030
5.71333	0.043
5.71500	0.043
5.71667	0.028
5.71833	0.025
5.72000	0.039
5.72167	0.040
5.72333	0.028
5.72500	0.022
5.72667	0.038
5.72833	0.042
5.73000	0.032
5.73167	0.025
5.73333	0.036
5.73500	0.036
5.73667	0.028
5.73833	0.021
5.74000	0.039
5.74167	0.048
5.74333	0.039
5.74500	0.032
5.74667	0.045
5.74833	0.047
5.75000	0.034
5.75167	0.022
5.75333	0.036
5.75500	0.042
5.75667	0.034
5.75833	0.028
5.76000	0.046
5.76167	0.051
5.76333	0.041
5.76500	0.031
5.76667	0.047
5.76833	0.052
5.77000	0.038
5.77167	0.026
5.77333	0.038
5.77500	0.041
5.77667	0.032
5.77833	0.020
5.78000	0.038
5.78167	0.044
5.78333	0.039
5.78500	0.031
5.78667	0.041
5.78833	0.046
5.79000	0.040
5.79167	0.027
5.79333	0.039
5.79500	0.044
5.79667	0.035
5.79833	0.026
5.80000	0.041
5.80167	0.049
5.80333	0.042
5.80500	0.029
5.80667	0.040
5.80833	0.048
5.81000	0.040
5.81167	0.028
5.81333	0.040
5.81500	0.046
5.81667	0.037
5.81833	0.024
5.82000	0.037
5.82167	0.047
5.82333	0.038
5.82500	0.025
5.82667	0.033
5.82833	0.043
5.83000	0.037
5.83167	0.023
5.83333	0.030
5.83500	0.040
5.83667	0.035
5.83833	0.027
5.84000	0.037
5.84167	0.047
5.84333	0.042
5.84500	0.028
5.84667	0.033
5.84833	0.047
5.85000	0.046
5.85167	0.035
5.85333	0.045
5.85500	0.059
5.85667	0.056
5.85833	0.043
5.86000	0.046
5.86167	0.057
5.86333	0.054
5.86500	0.040
5.86667	0.045
5.86833	0.057
5.87000	0.057
5.87167	0.044
5.87333	0.049
5.87500	0.062
5.87667	0.058
5.87833	0.043
5.88000	0.045
5.88167	0.056
5.88333	0.055
5.88500	0.045
5.88667	0.047
5.88833	0.059
5.89000	0.060
5.89167	0.047
5.89333	0.047
5.89500	0.062
5.89667	0.061
5.89833	0.047
5.90000	0.044
5.90167	0.056
5.90333	0.054
5.90500	0.046
5.90667	0.045
5.90833	0.056
5.91000	0.056
5.91167	0.045
5.91333	0.042
5.91500	0.055
5.91667	0.056
5.91833	0.043
5.92000	0.042
5.92167	0.056
5.92333	0.057
5.92500	0.044
5.92667	0.043
5.92833	0.054
5.93000	0.050
5.93167	0.038
5.93333	0.036
5.93500	0.052
5.93667	0.058
5.93833	0.047
5.94000	0.043
5.94167	0.052
5.94333	0.053
5.94500	0.045
5.94667	0.041
5.94833	0.054
5.95000	0.059
5.95167	0.051
5.95333	0.048
5.95500	0.059
5.95667	0.059
5.95833	0.048
5.96000	0.043
5.96167	0.058
5.96333	0.065
5.96500	0.057
5.96667	0.049
5.96833	0.061
5.97000	0.065
5.97167	0.052
5.97333	0.043
5.97500	0.052
5.97667	0.054
5.97833	0.047
5.98000	0.040
5.98167	0.052
5.98333	0.056
5.98500	0.048
5.98667	0.037
5.98833	0.047
5.99000	0.050
5.99167	0.040
5.99333	0.032
5.99500	0.044
5.99667	0.052
5.99833	0.042
6.00000	0.034
6.00167	0.044
6.00333	0.051
6.00500	0.043
6.00667	0.031
6.00833	0.039
6.01000	0.047
6.01167	0.043
6.01333	0.035
6.01500	0.043
6.01667	0.048
6.01833	0.042
6.02000	0.031
6.02167	0.039
6.02333	0.049
6.02500	0.043
6.02667	0.030
6.02833	0.040
6.03000	0.051
6.03167	0.044
6.03333	0.032
6.03500	0.042
6.03667	0.051
6.03833	0.045
6.04000	0.036
6.04167	0.047
6.04333	0.056
6.04500	0.047
6.04667	0.033
6.04833	0.034
6.05000	0.043
6.05167	0.039
6.05333	0.029
6.05500	0.036
6.05667	0.044
6.05833	0.036
6.06000	0.027
6.06167	0.036
6.06333	0.047
6.06500	0.045
6.06667	0.034
6.06833	0.040
6.07000	0.049
6.07167	0.047
6.07333	0.033
6.07500	0.040
6.07667	0.052
6.07833	0.049
6.08000	0.036
6.08167	0.041
6.08333	0.052
6.08500	0.048
6.08667	0.035
6.08833	0.038
6.09000	0.050
6.09167	0.050
6.09333	0.035
6.09500	0.032
6.09667	0.045
6.09833	0.045
6.10000	0.032
6.10167	0.036
6.10333	0.048
6.10500	0.047
6.10667	0.032
6.10833	0.034
6.11000	0.045
6.11167	0.046
6.11333	0.035
6.11500	0.032
6.11667	0.040
6.11833	0.040
6.12000	0.030
6.12167	0.032
6.12333	0.042
6.12500	0.043
6.12667	0.029
6.12833	0.031
6.13000	0.042
6.13167	0.041
6.13333	0.025
6.13500	0.026
6.13667	0.038
6.13833	0.040
6.14000	0.026
6.14167	0.024
6.14333	0.039
6.14500	0.043
6.14667	0.032
6.14833	0.032
6.15000	0.045
6.15167	0.047
6.15333	0.033
6.15500	0.031
6.15667	0.045
6.15833	0.047
6.16000	0.034
6.16167	0.031
6.16333	0.044
6.16500	0.048
6.16667	0.035
6.16833	0.031
6.17000	0.044
6.17167	0.047
6.17333	0.039
6.17500	0.035
6.17667	0.046
6.17833	0.050
6.18000	0.043
6.18167	0.034
6.18333	0.045
6.18500	0.052
6.18667	0.043
6.18833	0.032
6.19000	0.043
6.19167	0.050
6.19333	0.041
6.19500	0.030
6.19667	0.040
6.19833	0.049
6.20000	0.044
6.20167	0.036
6.20333	0.048
6.20500	0.056
6.20667	0.046
6.20833	0.036
6.21000	0.046
6.21167	0.051
6.21333	0.044
6.21500	0.036
6.21667	0.049
6.21833	0.052
6.22000	0.044
6.22167	0.034
6.22333	0.044
6.22500	0.047
6.22667	0.036
6.22833	0.022
6.23000	0.036
6.23167	0.048
6.23333	0.041
6.23500	0.031
6.23667	0.044
6.23833	0.051
6.24000	0.048
6.24167	0.038
6.24333	0.050
6.24500	0.057
6.24667	0.054
6.24833	0.038
6.25000	0.046
6.25167	0.049
6.25333	0.041
6.25500	0.031
6.25667	0.047
6.25833	0.057
6.26000	0.054
6.26167	0.042
6.26333	0.051
6.26500	0.058
6.26667	0.050
6.26833	0.036
6.27000	0.044
6.27167	0.053
6.27333	0.050
6.27500	0.036
6.27667	0.046
6.27833	0.055
6.28000	0.050
6.28167	0.037
6.28333	0.045
6.28500	0.055
6.28667	0.048
6.28833	0.031
6.29000	0.039
6.29167	0.050
6.29333	0.048
6.29500	0.033
6.29667	0.042
6.29833	0.051
6.30000	0.050
6.30167	0.037
6.30333	0.043
6.30500	0.050
6.30667	0.046
6.30833	0.027
6.31000	0.031
6.31167	0.044
6.31333	0.047
6.31500	0.032
6.31667	0.036
6.31833	0.049
6.32000	0.046
6.32167	0.034
6.32333	0.035
6.32500	0.049
6.32667	0.049
6.32833	0.034
6.33000	0.037
6.33167	0.052
6.33333	0.052
6.33500	0.037
6.33667	0.036
6.33833	0.052
6.34000	0.051
6.34167	0.038
6.34333	0.037
6.34500	0.052
6.34667	0.051
6.34833	0.039
6.35000	0.040
6.35167	0.052
6.35333	0.052
6.35500	0.038
6.35667	0.035
6.35833	0.050
6.36000	0.052
6.36167	0.040
6.36333	0.034
6.36500	0.049
6.36667	0.055
6.36833	0.043
6.37000	0.038
6.37167	0.052
6.37333	0.051
6.37500	0.039
6.37667	0.034
6.37833	0.045
6.38000	0.046
6.38167	0.037
6.38333	0.031
6.38500	0.046
6.38667	0.050
6.38833	0.040
6.39000	0.031
6.39167	0.047
6.39333	0.052
6.39500	0.042
6.39667	0.034
6.39833	0.051
6.40000	0.055
6.40167	0.045
6.40333	0.038
6.40500	0.051
6.40667	0.053
6.40833	0.045
6.41000	0.036
6.41167	0.050
6.41333	0.056
6.41500	0.049
6.41667	0.038
6.41833	0.051
6.42000	0.055
6.42167	0.045
6.42333	0.034
6.42500	0.050
6.42667	0.055
6.42833	0.047
6.43000	0.041
6.43167	0.054
6.43333	0.059
6.43500	0.052
6.43667	0.040
6.43833	0.054
6.44000	0.057
6.44167	0.049
6.44333	0.039
6.44500	0.052
6.44667	0.059
6.44833	0.049
6.45000	0.034
6.45167	0.046
6.45333	0.052
6.45500	0.044
6.45667	0.033
6.45833	0.040
6.46000	0.048
6.46167	0.042
6.46333	0.030
6.46500	0.044
6.46667	0.052
6.46833	0.049
6.47000	0.037
6.47167	0.047
6.47333	0.056
6.47500	0.051
6.47667	0.038
6.47833	0.047
6.48000	0.056
6.48167	0.052
6.48333	0.037
6.48500	0.044
6.48667	0.056
6.48833	0.053
6.49000	0.040
6.49167	0.048
6.49333	0.059
6.49500	0.053
6.49667	0.040
6.49833	0.044
6.50000	0.051
6.50167	0.048
6.50333	0.037
6.50500	0.041
6.50667	0.053
6.50833	0.051
6.51000	0.039
6.51167	0.046
6.51333	0.056
6.51500	0.056
6.51667	0.044
6.51833	0.046
6.52000	0.057
6.52167	0.055
6.52333	0.038
6.52500	0.038
6.52667	0.051
6.52833	0.050
6.53000	0.038
6.53167	0.040
6.53333	0.049
6.53500	0.047
6.53667	0.032
6.53833	0.033
6.54000	0.047
6.54167	0.049
6.54333	0.038
6.54500	0.037
6.54667	0.051
6.54833	0.054
6.55000	0.045
6.55167	0.042
6.55333	0.055
6.55500	0.054
6.55667	0.039
6.55833	0.037
6.56000	0.054
6.56167	0.054
6.56333	0.039
6.56500	0.034
6.56667	0.051
6.56833	0.053
6.57000	0.041
6.57167	0.035
6.57333	0.048
6.57500	0.053
6.57667	0.041
6.57833	0.038
6.58000	0.051
6.58167	0.052
6.58333	0.043
6.58500	0.036
6.58667	0.046
6.58833	0.046
6.59000	0.036
6.59167	0.033
6.59333	0.048
6.59500	0.050
6.59667	0.038
6.59833	0.031
6.60000	0.046
6.60167	0.048
6.60333	0.042
6.60500	0.032
6.60667	0.048
6.60833	0.051
6.61000	0.043
6.61167	0.035
6.61333	0.047
6.61500	0.051
6.61667	0.042
6.61833	0.031
6.62000	0.043
6.62167	0.050
6.62333	0.044
6.62500	0.034
6.62667	0.048
6.62833	0.053
6.63000	0.045
6.63167	0.033
6.63333	0.045
6.63500	0.054
6.63667	0.052
6.63833	0.039
6.64000	0.050
6.64167	0.056
6.64333	0.048
6.64500	0.037
6.64667	0.051
6.64833	0.058
6.65000	0.051
6.65167	0.035
6.65333	0.046
6.65500	0.054
6.65667	0.045
6.65833	0.033
6.66000	0.043
6.66167	0.047
6.66333	0.040
6.66500	0.032
6.66667	0.044
6.66833	0.052
6.67000	0.047
6.67167	0.036
6.67333	0.046
6.67500	0.055
6.67667	0.050
6.67833	0.036
6.68000	0.043
6.68167	0.052
6.68333	0.047
6.68500	0.034
6.68667	0.042
6.68833	0.050
6.69000	0.043
6.69167	0.030
6.69333	0.034
6.69500	0.042
6.69667	0.037
6.69833	0.027
6.70000	0.033
6.70167	0.044
6.70333	0.039
6.70500	0.029
6.70667	0.034
6.70833	0.048
6.71000	0.050
6.71167	0.040
6.71333	0.042
6.71500	0.054
6.71667	0.050
6.71833	0.039
6.72000	0.043
6.72167	0.057
6.72333	0.057
6.72500	0.044
6.72667	0.046
6.72833	0.058
6.73000	0.054
6.73167	0.041
6.73333	0.043
6.73500	0.052
6.73667	0.052
6.73833	0.042
6.74000	0.045
6.74167	0.056
6.74333	0.054
6.74500	0.043
6.74667	0.044
6.74833	0.054
6.75000	0.053
6.75167	0.040
6.75333	0.040
6.75500	0.053
6.75667	0.051
6.75833	0.040
6.76000	0.040
6.76167	0.052
6.76333	0.050
6.76500	0.035
6.76667	0.031
6.76833	0.046
6.77000	0.050
6.77167	0.039
6.77333	0.035
6.77500	0.047
6.77667	0.053
6.77833	0.045
6.78000	0.042
6.78167	0.052
6.78333	0.053
6.78500	0.041
6.78667	0.039
6.78833	0.057
6.79000	0.059
6.79167	0.047
6.79333	0.042
6.79500	0.053
6.79667	0.056
6.79833	0.041
6.80000	0.035
6.80167	0.047
6.80333	0.051
6.80500	0.043
6.80667	0.037
6.80833	0.049
6.81000	0.053
6.81167	0.043
6.81333	0.035
6.81500	0.048
6.81667	0.051
6.81833	0.044
6.82000	0.036
6.82167	0.046
6.82333	0.053
6.82500	0.045
6.82667	0.040
6.82833	0.053
6.83000	0.057
6.83167	0.050
6.83333	0.039
6.83500	0.049
6.83667	0.056
6.83833	0.047
6.84000	0.039
6.84167	0.048
6.84333	0.054
6.84500	0.045
6.84667	0.037
6.84833	0.048
6.85000	0.052
6.85167	0.042
6.85333	0.031
6.85500	0.041
6.85667	0.051
6.85833	0.047
6.86000	0.041
6.86167	0.054
6.86333	0.060
6.86500	0.052
6.86667	0.041
6.86833	0.048
6.87000	0.054
6.87167	0.049
6.87333	0.039
6.87500	0.050
6.87667	0.059
6.87833	0.051
6.88000	0.037
6.88167	0.040
6.88333	0.050
6.88500	0.047
6.88667	0.037
6.88833	0.046
6.89000	0.058
6.89167	0.054
6.89333	0.042
6.89500	0.051
6.89667	0.061
6.89833	0.057
6.90000	0.045
6.90167	0.052
6.90333	0.063
6.90500	0.053
6.90667	0.039
6.90833	0.045
6.91000	0.049
6.91167	0.046
6.91333	0.034
6.91500	0.041
6.91667	0.052
6.91833	0.047
6.92000	0.035
6.92167	0.042
6.92333	0.054
6.92500	0.052
6.92667	0.039
6.92833	0.044
6.93000	0.056
6.93167	0.054
6.93333	0.042
6.93500	0.048
6.93667	0.057
6.93833	0.052
6.94000	0.037
6.94167	0.047
6.94333	0.058
6.94500	0.055
6.94667	0.046
6.94833	0.050
6.95000	0.059
6.95167	0.055
6.95333	0.044
6.95500	0.048
6.95667	0.060
6.95833	0.060
6.96000	0.049
6.96167	0.047
6.96333	0.057
6.96500	0.058
6.96667	0.045
6.96833	0.046
6.97000	0.054
6.97167	0.052
6.97333	0.041
6.97500	0.043
6.97667	0.055
6.97833	0.054
6.98000	0.039
6.98167	0.039
6.98333	0.052
6.98500	0.053
6.98667	0.042
6.98833	0.042
6.99000	0.054
6.99167	0.057
6.99333	0.045
6.99500	0.041
6.99667	0.050
6.99833	0.051
7.00000	0.037
7.00167	0.037
7.00333	0.050
7.00500	0.056
7.00667	0.045
7.00833	0.043
7.01000	0.055
7.01167	0.058
7.01333	0.044
7.01500	0.039
7.01667	0.053
7.01833	0.057
7.02000	0.048
7.02167	0.043
7.02333	0.058
7.02500	0.060
7.02667	0.046
7.02833	0.039
7.03000	0.054
7.03167	0.055
7.03333	0.046
7.03500	0.040
7.03667	0.052
7.03833	0.057
7.04000	0.049
7.04167	0.040
7.04333	0.052
7.04500	0.054
7.04667	0.046
7.04833	0.037
7.05000	0.051
7.05167	0.057
7.05333	0.050
7.05500	0.040
7.05667	0.052
7.05833	0.057
7.06000	0.046
7.06167	0.039
7.06333	0.049
7.06500	0.057
7.06667	0.048
7.06833	0.038
7.07000	0.051
7.07167	0.059
7.07333	0.051
7.07500	0.039
7.07667	0.050
7.07833	0.056
7.08000	0.047
7.08167	0.037
7.08333	0.050
7.08500	0.054
7.08667	0.048
7.08833	0.034
7.09000	0.045
7.09167	0.053
7.09333	0.047
7.09500	0.035
7.09667	0.047
7.09833	0.054
7.10000	0.050
7.10167	0.037
7.10333	0.045
7.10500	0.055
7.10667	0.050
7.10833	0.034
7.11000	0.043
7.11167	0.053
7.11333	0.049
7.11500	0.033
7.11667	0.040
7.11833	0.046
7.12000	0.045
7.12167	0.036
7.12333	0.043
7.12500	0.053
7.12667	0.047
7.12833	0.034
7.13000	0.042
7.13167	0.052
7.13333	0.051
7.13500	0.037
7.13667	0.045
7.13833	0.054
7.14000	0.053
7.14167	0.039
7.14333	0.044
7.14500	0.051
7.14667	0.048
7.14833	0.032
7.15000	0.041
7.15167	0.055
7.15333	0.054
7.15500	0.042
7.15667	0.047
7.15833	0.053
7.16000	0.047
7.16167	0.028
7.16333	0.033
7.16500	0.044
7.16667	0.042
7.16833	0.028
7.17000	0.032
7.17167	0.048
7.17333	0.048
7.17500	0.036
7.17667	0.039
7.17833	0.050
7.18000	0.051
7.18167	0.040
7.18333	0.040
7.18500	0.048
7.18667	0.045
7.18833	0.031
7.19000	0.031
7.19167	0.050
7.19333	0.054
7.19500	0.039
7.19667	0.038
7.19833	0.050
7.20000	0.053
7.20167	0.042
7.20333	0.039
7.20500	0.050
7.20667	0.051
7.20833	0.041
7.21000	0.038
7.21167	0.052
7.21333	0.053
7.21500	0.039
7.21667	0.034
7.21833	0.050
7.22000	0.049
7.22167	0.036
7.22333	0.028
7.22500	0.044
7.22667	0.050
7.22833	0.040
7.23000	0.032
7.23167	0.043
7.23333	0.047
7.23500	0.036
7.23667	0.030
7.23833	0.043
7.24000	0.047
7.24167	0.039
7.24333	0.033
7.24500	0.049
7.24667	0.054
7.24833	0.045
7.25000	0.037
7.25167	0.049
7.25333	0.053
7.25500	0.044
7.25667	0.032
7.25833	0.047
7.26000	0.054
7.26167	0.050
7.26333	0.043
7.26500	0.057
7.26667	0.062
7.26833	0.054
7.27000	0.043
7.27167	0.058
7.27333	0.063
7.27500	0.055
7.27667	0.042
7.27833	0.052
7.28000	0.055
7.28167	0.044
7.28333	0.036
7.28500	0.054
7.28667	0.064
7.28833	0.057
7.29000	0.041
7.29167	0.050
7.29333	0.055
7.29500	0.043
7.29667	0.029
7.29833	0.044
7.30000	0.054
7.30167	0.045
7.30333	0.030
7.30500	0.045
7.30667	0.055
7.30833	0.050
7.31000	0.035
7.31167	0.045
7.31333	0.054
7.31500	0.050
7.31667	0.035
7.31833	0.047
7.32000	0.056
7.32167	0.051
7.32333	0.035
7.32500	0.042
7.32667	0.047
7.32833	0.042
7.33000	0.030
7.33167	0.043
7.33333	0.055
7.33500	0.052
7.33667	0.039
7.33833	0.047
7.34000	0.062
7.34167	0.062
7.34333	0.049
7.34500	0.057
7.34667	0.069
7.34833	0.065
7.35000	0.050
7.35167	0.052
7.35333	0.063
7.35500	0.062
7.35667	0.051
7.35833	0.054
7.36000	0.064
7.36167	0.061
7.36333	0.048
7.36500	0.049
7.36667	0.059
7.36833	0.056
7.37000	0.042
7.37167	0.043
7.37333	0.053
7.37500	0.049
7.37667	0.036
7.37833	0.039
7.38000	0.053
7.38167	0.050
7.38333	0.038
7.38500	0.039
7.38667	0.052
7.38833	0.052
7.39000	0.041
7.39167	0.039
7.39333	0.053
7.39500	0.053
7.39667	0.040
7.39833	0.039
7.40000	0.053
7.40167	0.050
7.40333	0.039
7.40500	0.037
7.40667	0.051
7.40833	0.054
7.41000	0.044
7.41167	0.045
7.41333	0.059
7.41500	0.060
7.41667	0.048
7.41833	0.043
7.42000	0.057
7.42167	0.057
7.42333	0.049
7.42500	0.044
7.42667	0.058
7.42833	0.059
7.43000	0.051
7.43167	0.045
7.43333	0.061
7.43500	0.064
7.43667	0.051
7.43833	0.044
7.44000	0.060
7.44167	0.063
7.44333	0.051
7.44500	0.040
7.44667	0.052
7.44833	0.053
7.45000	0.044
7.45167	0.037
7.45333	0.054
7.45500	0.057
7.45667	0.048
7.45833	0.041
7.46000	0.054
7.46167	0.054
7.46333	0.040
7.46500	0.031
7.46667	0.042
7.46833	0.048
7.47000	0.040
7.47167	0.030
7.47333	0.044
7.47500	0.053
7.47667	0.046
7.47833	0.037
7.48000	0.047
7.48167	0.055
7.48333	0.048
7.48500	0.040
7.48667	0.053
7.48833	0.061
7.49000	0.052
7.49167	0.039
7.49333	0.052
7.49500	0.056
7.49667	0.044
7.49833	0.030
7.50000	0.039
7.50167	0.047
7.50333	0.039
7.50500	0.026
7.50667	0.039
7.50833	0.050
7.51000	0.044
7.51167	0.034
7.51333	0.043
7.51500	0.048
7.51667	0.043
7.51833	0.030
7.52000	0.040
7.52167	0.049
7.52333	0.045
7.52500	0.034
7.52667	0.043
7.52833	0.054
7.53000	0.050
7.53167	0.041
7.53333	0.048
7.53500	0.053
7.53667	0.046
7.53833	0.033
7.54000	0.040
7.54167	0.053
7.54333	0.048
7.54500	0.035
7.54667	0.044
7.54833	0.059
7.55000	0.053
7.55167	0.035
7.55333	0.038
7.55500	0.052
7.55667	0.051
7.55833	0.038
7.56000	0.043
7.56167	0.056
7.56333	0.051
7.56500	0.040
7.56667	0.044
7.56833	0.056
7.57000	0.055
7.57167	0.041
7.57333	0.043
7.57500	0.054
7.57667	0.050
7.57833	0.038
7.58000	0.040
7.58167	0.052
7.58333	0.047
7.58500	0.032
7.58667	0.036
7.58833	0.048
7.59000	0.045
7.59167	0.038
7.59333	0.040
7.59500	0.055
7.59667	0.054
7.59833	0.041
7.60000	0.039
7.60167	0.052
7.60333	0.052
7.60500	0.040
7.60667	0.039
7.60833	0.052
7.61000	0.052
7.61167	0.041
7.61333	0.039
7.61500	0.052
7.61667	0.053
7.61833	0.041
7.62000	0.040
7.62167	0.054
7.62333	0.053
7.62500	0.043
7.62667	0.043
7.62833	0.055
7.63000	0.056
7.63167	0.042
7.63333	0.036
7.63500	0.049
7.63667	0.055
7.63833	0.045
7.64000	0.038
7.64167	0.054
7.64333	0.057
7.64500	0.048
7.64667	0.043
7.64833	0.057
7.65000	0.059
7.65167	0.048
7.65333	0.043
7.65500	0.054
7.65667	0.056
7.65833	0.048
7.66000	0.042
7.66167	0.054
7.66333	0.058
7.66500	0.050
7.66667	0.047
7.66833	0.058
7.67000	0.062
7.67167	0.053
7.67333	0.047
7.67500	0.059
7.67667	0.063
7.67833	0.056
7.68000	0.049
7.68167	0.062
7.68333	0.069
7.68500	0.057
7.68667	0.045
7.68833	0.051
7.69000	0.055
7.69167	0.050
7.69333	0.041
7.69500	0.050
7.69667	0.054
7.69833	0.047
7.70000	0.037
7.70167	0.050
7.70333	0.055
7.70500	0.049
7.70667	0.041
7.70833	0.052
7.71000	0.060
7.71167	0.053
7.71333	0.043
7.71500	0.052
7.71667	0.055
7.71833	0.048
7.72000	0.038
7.72167	0.049
7.72333	0.061
7.72500	0.055
7.72667	0.043
7.72833	0.052
7.73000	0.062
7.73167	0.059
7.73333	0.049
7.73500	0.058
7.73667	0.066
7.73833	0.058
7.74000	0.046
7.74167	0.051
7.74333	0.055
7.74500	0.051
7.74667	0.038
7.74833	0.047
7.75000	0.058
7.75167	0.054
7.75333	0.044
7.75500	0.052
7.75667	0.065
7.75833	0.063
7.76000	0.051
7.76167	0.055
7.76333	0.061
7.76500	0.055
7.76667	0.043
7.76833	0.048
7.77000	0.055
7.77167	0.052
7.77333	0.039
7.77500	0.043
7.77667	0.051
7.77833	0.047
7.78000	0.034
7.78167	0.039
7.78333	0.048
7.78500	0.046
7.78667	0.033
7.78833	0.041
7.79000	0.057
7.79167	0.057
7.79333	0.043
7.79500	0.047
7.79667	0.060
7.79833	0.059
7.80000	0.047
7.80167	0.048
7.80333	0.059
7.80500	0.059
7.80667	0.047
7.80833	0.045
7.81000	0.051
7.81167	0.050
7.81333	0.039
7.81500	0.041
7.81667	0.048
7.81833	0.048
7.82000	0.033
7.82167	0.034
7.82333	0.047
7.82500	0.050
7.82667	0.040
7.82833	0.042
7.83000	0.055
7.83167	0.057
7.83333	0.046
7.83500	0.044
7.83667	0.056
7.83833	0.059
7.84000	0.049
7.84167	0.045
7.84333	0.058
7.84500	0.057
7.84667	0.044
7.84833	0.045
7.85000	0.057
7.85167	0.058
7.85333	0.045
7.85500	0.040
7.85667	0.052
7.85833	0.055
7.86000	0.040
7.86167	0.035
7.86333	0.047
7.86500	0.051
7.86667	0.040
7.86833	0.034
7.87000	0.047
7.87167	0.049
7.87333	0.036
7.87500	0.030
7.87667	0.041
7.87833	0.044
7.88000	0.033
7.88167	0.024
7.88333	0.038
7.88500	0.044
7.88667	0.034
7.88833	0.027
7.89000	0.040
7.89167	0.050
7.89333	0.040
7.89500	0.028
7.89667	0.041
7.89833	0.047
7.90000	0.038
7.90167	0.031
7.90333	0.041
7.90500	0.043
7.90667	0.033
7.90833	0.026
7.91000	0.042
7.91167	0.048
7.91333	0.043
7.91500	0.036
7.91667	0.046
7.91833	0.053
7.92000	0.047
7.92167	0.037
7.92333	0.050
7.92500	0.056
7.92667	0.048
7.92833	0.037
7.93000	0.047
7.93167	0.048
7.93333	0.041
7.93500	0.032
7.93667	0.045
7.93833	0.052
7.94000	0.045
7.94167	0.034
7.94333	0.047
7.94500	0.054
7.94667	0.050
7.94833	0.038
7.95000	0.045
7.95167	0.055
7.95333	0.051
7.95500	0.036
7.95667	0.043
7.95833	0.050
7.96000	0.044
7.96167	0.029
7.96333	0.038
7.96500	0.048
7.96667	0.044
7.96833	0.030
7.97000	0.041
7.97167	0.053
7.97333	0.052
7.97500	0.039
7.97667	0.051
7.97833	0.061
7.98000	0.057
7.98167	0.039
7.98333	0.045
7.98500	0.053
7.98667	0.048
7.98833	0.033
7.99000	0.042
7.99167	0.048
7.99333	0.044
7.99500	0.029
7.99667	0.034
7.99833	0.045
8.00000	0.041
8.00167	0.027
8.00333	0.033
8.00500	0.046
8.00667	0.045
8.00833	0.033
8.01000	0.039
8.01167	0.050
8.01333	0.051
8.01500	0.039
8.01667	0.043
8.01833	0.055
8.02000	0.054
8.02167	0.038
8.02333	0.042
8.02500	0.055
8.02667	0.057
8.02833	0.044
8.03000	0.044
8.03167	0.056
8.03333	0.055
8.03500	0.042
8.03667	0.045
8.03833	0.056
8.04000	0.057
8.04167	0.043
8.04333	0.042
8.04500	0.055
8.04667	0.053
8.04833	0.039
8.05000	0.036
8.05167	0.046
8.05333	0.045
8.05500	0.031
8.05667	0.027
8.05833	0.044
8.06000	0.049
8.06167	0.038
8.06333	0.033
8.06500	0.048
8.06667	0.052
8.06833	0.041
8.07000	0.035
8.07167	0.047
8.07333	0.045
8.07500	0.035
8.07667	0.031
8.07833	0.047
8.08000	0.050
8.08167	0.038
8.08333	0.031
8.08500	0.045
8.08667	0.050
8.08833	0.042
8.09000	0.035
8.09167	0.046
8.09333	0.048
8.09500	0.036
8.09667	0.028
8.09833	0.044
8.10000	0.051
8.10167	0.041
8.10333	0.031
8.10500	0.043
8.10667	0.046
8.10833	0.037
8.11000	0.025
8.11167	0.040
8.11333	0.045
8.11500	0.037
8.11667	0.028
8.11833	0.044
8.12000	0.052
8.12167	0.047
8.12333	0.035
8.12500	0.052
8.12667	0.056
8.12833	0.047
8.13000	0.035
8.13167	0.050
8.13333	0.057
8.13500	0.050
8.13667	0.038
8.13833	0.051
8.14000	0.057
8.14167	0.051
8.14333	0.040
8.14500	0.054
8.14667	0.061
8.14833	0.054
8.15000	0.039
8.15167	0.049
8.15333	0.054
8.15500	0.048
8.15667	0.033
8.15833	0.047
8.16000	0.052
8.16167	0.047
8.16333	0.034
8.16500	0.044
8.16667	0.054
8.16833	0.052
8.17000	0.036
8.17167	0.045
8.17333	0.054
8.17500	0.050
8.17667	0.036
8.17833	0.044
8.18000	0.049
8.18167	0.042
8.18333	0.028
8.18500	0.035
8.18667	0.046
8.18833	0.043
8.19000	0.030
8.19167	0.037
8.19333	0.047
8.19500	0.045
8.19667	0.032
8.19833	0.032
8.20000	0.043
8.20167	0.042
8.20333	0.031
8.20500	0.037
8.20667	0.050
8.20833	0.047
8.21000	0.034
8.21167	0.036
8.21333	0.050
8.21500	0.046
8.21667	0.031
8.21833	0.038
8.22000	0.052
8.22167	0.053
8.22333	0.038
8.22500	0.039
8.22667	0.050
8.22833	0.052
8.23000	0.041
8.23167	0.043
8.23333	0.053
8.23500	0.050
8.23667	0.037
8.23833	0.037
8.24000	0.050
8.24167	0.052
8.24333	0.039
8.24500	0.041
8.24667	0.057
8.24833	0.054
8.25000	0.043
8.25167	0.042
8.25333	0.057
8.25500	0.057
8.25667	0.046
8.25833	0.045
8.26000	0.059
8.26167	0.062
8.26333	0.049
8.26500	0.047
8.26667	0.058
8.26833	0.055
8.27000	0.044
8.27167	0.040
8.27333	0.055
8.27500	0.056
8.27667	0.042
8.27833	0.038
8.28000	0.050
8.28167	0.051
8.28333	0.041
8.28500	0.035
8.28667	0.050
8.28833	0.054
8.29000	0.046
8.29167	0.041
8.29333	0.056
8.29500	0.063
8.29667	0.054
8.29833	0.043
8.30000	0.056
8.30167	0.058
8.30333	0.047
8.30500	0.034
8.30667	0.049
8.30833	0.055
8.31000	0.048
8.31167	0.039
8.31333	0.055
8.31500	0.057
8.31667	0.045
8.31833	0.036
8.32000	0.050
8.32167	0.053
8.32333	0.043
8.32500	0.033
8.32667	0.045
8.32833	0.052
8.33000	0.041
8.33167	0.030
8.33333	0.046
8.33500	0.054
8.33667	0.049
8.33833	0.039
8.34000	0.049
8.34167	0.054
8.34333	0.047
8.34500	0.035
8.34667	0.045
8.34833	0.051
8.35000	0.043
8.35167	0.034
8.35333	0.042
8.35500	0.046
8.35667	0.036
8.35833	0.023
8.36000	0.037
8.36167	0.044
8.36333	0.039
8.36500	0.028
8.36667	0.039
8.36833	0.048
8.37000	0.043
8.37167	0.032
8.37333	0.039
8.37500	0.049
8.37667	0.042
8.37833	0.029
8.38000	0.039
8.38167	0.050
8.38333	0.041
8.38500	0.028
8.38667	0.039
8.38833	0.051
8.39000	0.045
8.39167	0.032
8.39333	0.040
8.39500	0.052
8.39667	0.047
8.39833	0.035
8.40000	0.042
8.40167	0.056
8.40333	0.055
8.40500	0.043
8.40667	0.046
8.40833	0.055
8.41000	0.051
8.41167	0.039
8.41333	0.041
8.41500	0.051
8.41667	0.049
8.41833	0.038
8.42000	0.041
8.42167	0.054
8.42333	0.052
8.42500	0.038
8.42667	0.039
8.42833	0.050
8.43000	0.048
8.43167	0.034
8.43333	0.034
8.43500	0.046
8.43667	0.045
8.43833	0.032
8.44000	0.034
8.44167	0.047
8.44333	0.047
8.44500	0.037
8.44667	0.034
8.44833	0.043
8.45000	0.042
8.45167	0.033
8.45333	0.035
8.45500	0.048
8.45667	0.046
8.45833	0.034
8.46000	0.036
8.46167	0.051
8.46333	0.056
8.46500	0.043
8.46667	0.037
8.46833	0.052
8.47000	0.056
8.47167	0.044
8.47333	0.038
8.47500	0.052
8.47667	0.055
8.47833	0.041
8.48000	0.032
8.48167	0.047
8.48333	0.048
8.48500	0.036
8.48667	0.028
8.48833	0.040
8.49000	0.043
8.49167	0.034
8.49333	0.029
8.49500	0.043
8.49667	0.048
8.49833	0.039
8.50000	0.037
8.50167	0.051
8.50333	0.054
8.50500	0.044
8.50667	0.038
8.50833	0.047
8.51000	0.048
8.51167	0.037
8.51333	0.033
8.51500	0.046
8.51667	0.050
8.51833	0.039
8.52000	0.031
8.52167	0.044
8.52333	0.054
8.52500	0.047
8.52667	0.037
8.52833	0.047
8.53000	0.053
8.53167	0.044
8.53333	0.032
8.53500	0.039
8.53667	0.043
8.53833	0.033
8.54000	0.025
8.54167	0.038
8.54333	0.042
8.54500	0.034
8.54667	0.024
8.54833	0.037
8.55000	0.047
8.55167	0.039
8.55333	0.029
8.55500	0.038
8.55667	0.046
8.55833	0.040
8.56000	0.029
8.56167	0.040
8.56333	0.048
8.56500	0.041
8.56667	0.033
8.56833	0.043
8.57000	0.052
8.57167	0.047
8.57333	0.034
8.57500	0.041
8.57667	0.050
8.57833	0.044
8.58000	0.031
8.58167	0.042
8.58333	0.050
8.58500	0.043
8.58667	0.033
8.58833	0.045
8.59000	0.056
8.59167	0.052
8.59333	0.038
8.59500	0.047
8.59667	0.059
8.59833	0.055
8.60000	0.041
8.60167	0.051
8.60333	0.062
8.60500	0.056
8.60667	0.042
8.60833	0.051
8.61000	0.057
8.61167	0.050
8.61333	0.037
8.61500	0.045
8.61667	0.057
8.61833	0.056
8.62000	0.045
8.62167	0.050
8.62333	0.059
8.62500	0.056
8.62667	0.043
8.62833	0.050
8.63000	0.061
8.63167	0.057
8.63333	0.044
8.63500	0.050
8.63667	0.063
8.63833	0.062
8.64000	0.049
8.64167	0.052
8.64333	0.063
8.64500	0.061
8.64667	0.049
8.64833	0.049
8.65000	0.061
8.65167	0.062
8.65333	0.045
8.65500	0.044
8.65667	0.056
8.65833	0.056
8.66000	0.042
8.66167	0.042
8.66333	0.053
8.66500	0.057
8.66667	0.045
8.66833	0.047
8.67000	0.058
8.67167	0.059
8.67333	0.047
8.67500	0.047
8.67667	0.059
8.67833	0.061
8.68000	0.047
8.68167	0.043
8.68333	0.052
8.68500	0.053
8.68667	0.043
8.68833	0.045
8.69000	0.056
8.69167	0.056
8.69333	0.043
8.69500	0.039
8.69667	0.050
8.69833	0.051
8.70000	0.040
8.70167	0.038
8.70333	0.052
8.70500	0.057
8.70667	0.044
8.70833	0.041
8.71000	0.055
8.71167	0.058
8.71333	0.048
8.71500	0.044
8.71667	0.052
8.71833	0.055
8.72000	0.046
8.72167	0.043
8.72333	0.056
8.72500	0.058
8.72667	0.047
8.72833	0.043
8.73000	0.055
8.73167	0.058
8.73333	0.048
8.73500	0.041
8.73667	0.056
8.73833	0.061
8.74000	0.053
8.74167	0.041
8.74333	0.051
8.74500	0.057
8.74667	0.050
8.74833	0.041
8.75000	0.053
8.75167	0.057
8.75333	0.050
8.75500	0.040
8.75667	0.055
8.75833	0.063
8.76000	0.054
8.76167	0.040
8.76333	0.053
8.76500	0.059
8.76667	0.052
8.76833	0.038
8.77000	0.048
8.77167	0.054
8.77333	0.045
8.77500	0.035
8.77667	0.047
8.77833	0.057
8.78000	0.050
8.78167	0.037
8.78333	0.050
8.78500	0.055
8.78667	0.048
8.78833	0.035
8.79000	0.045
8.79167	0.051
8.79333	0.044
8.79500	0.031
8.79667	0.041
8.79833	0.049
8.80000	0.046
8.80167	0.035
8.80333	0.043
8.80500	0.050
8.80667	0.043
8.80833	0.030
8.81000	0.038
8.81167	0.048
8.81333	0.044
8.81500	0.030
8.81667	0.039
8.81833	0.048
8.82000	0.046
8.82167	0.034
8.82333	0.041
8.82500	0.051
8.82667	0.052
8.82833	0.039
8.83000	0.046
8.83167	0.056
8.83333	0.054
8.83500	0.041
8.83667	0.049
8.83833	0.058
8.84000	0.054
8.84167	0.040
8.84333	0.048
8.84500	0.061
8.84667	0.057
8.84833	0.041
8.85000	0.045
8.85167	0.059
8.85333	0.053
8.85500	0.035
8.85667	0.040
8.85833	0.056
8.86000	0.058
8.86167	0.047
8.86333	0.046
8.86500	0.053
8.86667	0.057
8.86833	0.045
8.87000	0.042
8.87167	0.054
8.87333	0.055
8.87500	0.037
8.87667	0.041
8.87833	0.056
8.88000	0.057
8.88167	0.041
8.88333	0.039
8.88500	0.053
8.88667	0.055
8.88833	0.044
8.89000	0.041
8.89167	0.055
8.89333	0.062
8.89500	0.051
8.89667	0.043
8.89833	0.054
8.90000	0.054
8.90167	0.038
8.90333	0.036
8.90500	0.050
8.90667	0.058
8.90833	0.042
8.91000	0.039
8.91167	0.053
8.91333	0.055
8.91500	0.048
8.91667	0.040
8.91833	0.053
8.92000	0.059
8.92167	0.052
8.92333	0.043
8.92500	0.054
8.92667	0.060
8.92833	0.053
8.93000	0.045
8.93167	0.056
8.93333	0.060
8.93500	0.050
8.93667	0.041
8.93833	0.056
8.94000	0.061
8.94167	0.055
8.94333	0.041
8.94500	0.053
8.94667	0.060
8.94833	0.051
8.95000	0.039
8.95167	0.049
8.95333	0.056
8.95500	0.048
8.95667	0.035
8.95833	0.043
8.96000	0.049
8.96167	0.046
8.96333	0.034
8.96500	0.046
8.96667	0.056
8.96833	0.053
8.97000	0.045
8.97167	0.059
8.97333	0.067
8.97500	0.064
8.97667	0.051
8.97833	0.058
8.98000	0.066
8.98167	0.061
8.98333	0.049
8.98500	0.057
8.98667	0.064
8.98833	0.062
8.99000	0.051
8.99167	0.061
8.99333	0.072
8.99500	0.070
8.99667	0.057
8.99833	0.065
9.00000	0.075
9.00167	0.072
9.00333	0.057
9.00500	0.063
9.00667	0.071
9.00833	0.064
9.01000	0.048
9.01167	0.057
9.01333	0.069
9.01500	0.068
9.01667	0.054
9.01833	0.057
9.02000	0.066
9.02167	0.065
9.02333	0.050
9.02500	0.054
9.02667	0.065
9.02833	0.065
9.03000	0.049
9.03167	0.053
9.03333	0.066
9.03500	0.064
9.03667	0.049
9.03833	0.050
9.04000	0.063
9.04167	0.062
9.04333	0.049
9.04500	0.050
9.04667	0.062
9.04833	0.063
9.05000	0.049
9.05167	0.051
9.05333	0.062
9.05500	0.066
9.05667	0.054
9.05833	0.054
9.06000	0.065
9.06167	0.065
9.06333	0.053
9.06500	0.052
9.06667	0.066
9.06833	0.070
9.07000	0.056
9.07167	0.054
9.07333	0.069
9.07500	0.071
9.07667	0.057
9.07833	0.052
9.08000	0.061
9.08167	0.061
9.08333	0.052
9.08500	0.047
9.08667	0.062
9.08833	0.066
9.09000	0.054
9.09167	0.046
9.09333	0.060
9.09500	0.061
9.09667	0.047
9.09833	0.039
9.10000	0.053
9.10167	0.051
9.10333	0.041
9.10500	0.038
9.10667	0.053
9.10833	0.062
9.11000	0.053
9.11167	0.045
9.11333	0.060
9.11500	0.066
9.11667	0.058
9.11833	0.050
9.12000	0.063
9.12167	0.066
9.12333	0.058
9.12500	0.048
9.12667	0.064
9.12833	0.069
9.13000	0.060
9.13167	0.050
9.13333	0.064
9.13500	0.070
9.13667	0.063
9.13833	0.053
9.14000	0.065
9.14167	0.069
9.14333	0.059
9.14500	0.046
9.14667	0.060
9.14833	0.068
9.15000	0.064
9.15167	0.054
9.15333	0.063
9.15500	0.066
9.15667	0.060
9.15833	0.044
9.16000	0.058
9.16167	0.065
9.16333	0.059
9.16500	0.048
9.16667	0.059
9.16833	0.065
9.17000	0.057
9.17167	0.042
9.17333	0.056
9.17500	0.063
9.17667	0.059
9.17833	0.045
9.18000	0.054
9.18167	0.063
9.18333	0.056
9.18500	0.038
9.18667	0.047
9.18833	0.057
9.19000	0.051
9.19167	0.037
9.19333	0.047
9.19500	0.055
9.19667	0.048
9.19833	0.034
9.20000	0.044
9.20167	0.061
9.20333	0.060
9.20500	0.048
9.20667	0.056
9.20833	0.069
9.21000	0.066
9.21167	0.051
9.21333	0.055
9.21500	0.070
9.21667	0.070
9.21833	0.055
9.22000	0.059
9.22167	0.069
9.22333	0.069
9.22500	0.061
9.22667	0.066
9.22833	0.078
9.23000	0.070
9.23167	0.055
9.23333	0.055
9.23500	0.067
9.23667	0.063
9.23833	0.051
9.24000	0.050
9.24167	0.062
9.24333	0.061
9.24500	0.050
9.24667	0.051
9.24833	0.065
9.25000	0.064
9.25167	0.050
9.25333	0.051
9.25500	0.068
9.25667	0.066
9.25833	0.053
9.26000	0.051
9.26167	0.062
9.26333	0.061
9.26500	0.046
9.26667	0.043
9.26833	0.056
9.27000	0.057
9.27167	0.047
9.27333	0.045
9.27500	0.058
9.27667	0.058
9.27833	0.044
9.28000	0.043
9.28167	0.059
9.28333	0.063
9.28500	0.052
9.28667	0.047
9.28833	0.062
9.29000	0.065
9.29167	0.053
9.29333	0.049
9.29500	0.063
9.29667	0.065
9.29833	0.054
9.30000	0.050
9.30167	0.064
9.30333	0.067
9.30500	0.058
9.30667	0.048
9.30833	0.063
9.31000	0.066
9.31167	0.055
9.31333	0.050
9.31500	0.062
9.31667	0.061
9.31833	0.052
9.32000	0.043
9.32167	0.059
9.32333	0.060
9.32500	0.051
9.32667	0.044
9.32833	0.059
9.33000	0.064
9.33167	0.055
9.33333	0.045
9.33500	0.057
9.33667	0.064
9.33833	0.061
9.34000	0.051
9.34167	0.064
9.34333	0.067
9.34500	0.056
9.34667	0.045
9.34833	0.058
9.35000	0.061
9.35167	0.053
9.35333	0.039
9.35500	0.052
9.35667	0.057
9.35833	0.050
9.36000	0.045
9.36167	0.062
9.36333	0.070
9.36500	0.063
9.36667	0.049
9.36833	0.061
9.37000	0.070
9.37167	0.062
9.37333	0.053
9.37500	0.062
9.37667	0.069
9.37833	0.060
9.38000	0.043
9.38167	0.053
9.38333	0.065
9.38500	0.060
9.38667	0.044
9.38833	0.051
9.39000	0.062
9.39167	0.056
9.39333	0.042
9.39500	0.052
9.39667	0.064
9.39833	0.058
9.40000	0.043
9.40167	0.050
9.40333	0.059
9.40500	0.053
9.40667	0.040
9.40833	0.047
9.41000	0.059
9.41167	0.058
9.41333	0.049
9.41500	0.055
9.41667	0.065
9.41833	0.061
9.42000	0.049
9.42167	0.055
9.42333	0.066
9.42500	0.065
9.42667	0.055
9.42833	0.061
9.43000	0.075
9.43167	0.070
9.43333	0.055
9.43500	0.058
9.43667	0.068
9.43833	0.064
9.44000	0.052
9.44167	0.058
9.44333	0.072
9.44500	0.068
9.44667	0.054
9.44833	0.057
9.45000	0.071
9.45167	0.070
9.45333	0.056
9.45500	0.055
9.45667	0.066
9.45833	0.062
9.46000	0.047
9.46167	0.046
9.46333	0.061
9.46500	0.064
9.46667	0.054
9.46833	0.054
9.47000	0.069
9.47167	0.066
9.47333	0.055
9.47500	0.056
9.47667	0.071
9.47833	0.070
9.48000	0.053
9.48167	0.047
9.48333	0.056
9.48500	0.053
9.48667	0.043
9.48833	0.041
9.49000	0.056
9.49167	0.059
9.49333	0.050
9.49500	0.046
9.49667	0.061
9.49833	0.066
9.50000	0.055
9.50167	0.054
9.50333	0.070
9.50500	0.069
9.50667	0.058
9.50833	0.054
9.51000	0.067
9.51167	0.068
9.51333	0.057
9.51500	0.051
9.51667	0.066
9.51833	0.070
9.52000	0.058
9.52167	0.057
9.52333	0.073
9.52500	0.076
9.52667	0.067
9.52833	0.059
9.53000	0.069
9.53167	0.075
9.53333	0.064
9.53500	0.056
9.53667	0.066
9.53833	0.069
9.54000	0.061
9.54167	0.055
9.54333	0.068
9.54500	0.073
9.54667	0.063
9.54833	0.054
9.55000	0.066
9.55167	0.068
9.55333	0.060
9.55500	0.051
9.55667	0.065
9.55833	0.072
9.56000	0.063
9.56167	0.054
9.56333	0.067
9.56500	0.071
9.56667	0.062
9.56833	0.052
9.57000	0.060
9.57167	0.067
9.57333	0.060
9.57500	0.051
9.57667	0.063
9.57833	0.071
9.58000	0.064
9.58167	0.051
9.58333	0.060
9.58500	0.068
9.58667	0.062
9.58833	0.049
9.59000	0.060
9.59167	0.071
9.59333	0.068
9.59500	0.055
9.59667	0.064
9.59833	0.072
9.60000	0.062
9.60167	0.050
9.60333	0.062
9.60500	0.069
9.60667	0.061
9.60833	0.051
9.61000	0.059
9.61167	0.067
9.61333	0.064
9.61500	0.054
9.61667	0.065
9.61833	0.077
9.62000	0.072
9.62167	0.058
9.62333	0.063
9.62500	0.070
9.62667	0.064
9.62833	0.051
9.63000	0.055
9.63167	0.066
9.63333	0.062
9.63500	0.050
9.63667	0.055
9.63833	0.066
9.64000	0.062
9.64167	0.050
9.64333	0.053
9.64500	0.064
9.64667	0.065
9.64833	0.058
9.65000	0.067
9.65167	0.078
9.65333	0.072
9.65500	0.056
9.65667	0.060
9.65833	0.069
9.66000	0.066
9.66167	0.055
9.66333	0.060
9.66500	0.070
9.66667	0.071
9.66833	0.059
9.67000	0.064
9.67167	0.076
9.67333	0.076
9.67500	0.061
9.67667	0.061
9.67833	0.069
9.68000	0.066
9.68167	0.052
9.68333	0.058
9.68500	0.068
9.68667	0.067
9.68833	0.052
9.69000	0.054
9.69167	0.067
9.69333	0.069
9.69500	0.058
9.69667	0.057
9.69833	0.069
9.70000	0.069
9.70167	0.054
9.70333	0.049
9.70500	0.062
9.70667	0.066
9.70833	0.055
9.71000	0.054
9.71167	0.069
9.71333	0.069
9.71500	0.055
9.71667	0.054
9.71833	0.066
9.72000	0.072
9.72167	0.062
9.72333	0.061
9.72500	0.072
9.72667	0.073
9.72833	0.062
9.73000	0.058
9.73167	0.071
9.73333	0.073
9.73500	0.065
9.73667	0.057
9.73833	0.064
9.74000	0.067
9.74167	0.055
9.74333	0.051
9.74500	0.062
9.74667	0.064
9.74833	0.053
9.75000	0.047
9.75167	0.059
9.75333	0.063
9.75500	0.057
9.75667	0.047
9.75833	0.060
9.76000	0.067
9.76167	0.059
9.76333	0.052
9.76500	0.063
9.76667	0.070
9.76833	0.061
9.77000	0.050
9.77167	0.064
9.77333	0.072
9.77500	0.066
9.77667	0.054
9.77833	0.065
9.78000	0.071
9.78167	0.064
9.78333	0.054
9.78500	0.065
9.78667	0.073
9.78833	0.064
9.79000	0.056
9.79167	0.069
9.79333	0.074
9.79500	0.065
9.79667	0.055
9.79833	0.065
9.80000	0.072
9.80167	0.065
9.80333	0.053
9.80500	0.066
9.80667	0.076
9.80833	0.068
9.81000	0.055
9.81167	0.062
9.81333	0.069
9.81500	0.067
9.81667	0.054
9.81833	0.063
9.82000	0.074
9.82167	0.070
9.82333	0.059
9.82500	0.071
9.82667	0.079
9.82833	0.075
9.83000	0.061
9.83167	0.069
9.83333	0.076
9.83500	0.071
9.83667	0.060
9.83833	0.069
9.84000	0.076
9.84167	0.071
9.84333	0.056
9.84500	0.064
9.84667	0.074
9.84833	0.069
9.85000	0.055
9.85167	0.064
9.85333	0.071
9.85500	0.066
9.85667	0.052
9.85833	0.063
9.86000	0.075
9.86167	0.072
9.86333	0.056
9.86500	0.064
9.86667	0.072
9.86833	0.070
9.87000	0.056
9.87167	0.063
9.87333	0.076
9.87500	0.075
9.87667	0.061
9.87833	0.066
9.88000	0.073
9.88167	0.072
9.88333	0.059
9.88500	0.062
9.88667	0.076
9.88833	0.077
9.89000	0.065
9.89167	0.067
9.89333	0.078
9.89500	0.078
9.89667	0.065
9.89833	0.062
9.90000	0.071
9.90167	0.069
9.90333	0.058
9.90500	0.057
9.90667	0.067
9.90833	0.070
9.91000	0.057
9.91167	0.057
9.91333	0.071
9.91500	0.072
9.91667	0.059
9.91833	0.056
9.92000	0.071
9.92167	0.074
9.92333	0.063
9.92500	0.065
9.92667	0.077
9.92833	0.079
9.93000	0.068
9.93167	0.065
9.93333	0.077
9.93500	0.078
9.93667	0.066
9.93833	0.060
9.94000	0.075
9.94167	0.080
9.94333	0.065
9.94500	0.054
9.94667	0.067
9.94833	0.072
9.95000	0.062
9.95167	0.057
9.95333	0.073
9.95500	0.075
9.95667	0.060
9.95833	0.051
9.96000	0.063
9.96167	0.065
9.96333	0.056
9.96500	0.049
9.96667	0.065
9.96833	0.070
9.97000	0.065
9.97167	0.054
9.97333	0.069
9.97500	0.075
9.97667	0.065
9.97833	0.057
9.98000	0.073
9.98167	0.078
9.98333	0.073
9.98500	0.063
9.98667	0.076
9.98833	0.084
9.99000	0.073
9.99167	0.060
9.99333	0.074
9.99500	0.085
9.99667	0.078
9.99833	0.065
10.00000	0.079
10.00167	0.085
10.00333	0.076
10.00500	0.061
10.00667	0.074
10.00833	0.078
10.01000	0.070
10.01167	0.057
10.01333	0.072
10.01500	0.079
10.01667	0.069
10.01833	0.057
10.02000	0.069
10.02167	0.075
10.02333	0.072
10.02500	0.059
10.02667	0.071
10.02833	0.077
10.03000	0.072
10.03167	0.055
10.03333	0.066
10.03500	0.073
10.03667	0.067
10.03833	0.055
10.04000	0.066
10.04167	0.075
10.04333	0.074
10.04500	0.062
10.04667	0.069
10.04833	0.077
10.05000	0.071
10.05167	0.056
10.05333	0.066
10.05500	0.077
10.05667	0.076
10.05833	0.063
10.06000	0.071
10.06167	0.083
10.06333	0.079
10.06500	0.064
10.06667	0.062
10.06833	0.071
10.07000	0.073
10.07167	0.060
10.07333	0.067
10.07500	0.079
10.07667	0.079
10.07833	0.063
10.08000	0.064
10.08167	0.074
10.08333	0.071
10.08500	0.059
10.08667	0.059
10.08833	0.072
10.09000	0.068
10.09167	0.054
10.09333	0.057
10.09500	0.072
10.09667	0.075
10.09833	0.062
10.10000	0.062
10.10167	0.076
10.10333	0.077
10.10500	0.065
10.10667	0.066
10.10833	0.077
10.11000	0.074
10.11167	0.058
10.11333	0.061
10.11500	0.076
10.11667	0.075
10.11833	0.064
10.12000	0.061
10.12167	0.073
10.12333	0.072
10.12500	0.061
10.12667	0.060
10.12833	0.073
10.13000	0.071
10.13167	0.060
10.13333	0.056
10.13500	0.073
10.13667	0.074
10.13833	0.062
10.14000	0.058
10.14167	0.074
10.14333	0.076
10.14500	0.066
10.14667	0.059
10.14833	0.071
10.15000	0.075
10.15167	0.064
10.15333	0.059
10.15500	0.073
10.15667	0.078
10.15833	0.068
10.16000	0.059
10.16167	0.074
10.16333	0.075
10.16500	0.064
10.16667	0.055
10.16833	0.068
10.17000	0.073
10.17167	0.064
10.17333	0.053
10.17500	0.068
10.17667	0.074
10.17833	0.065
10.18000	0.052
10.18167	0.067
10.18333	0.073
10.18500	0.065
10.18667	0.055
10.18833	0.070
10.19000	0.076
10.19167	0.067
10.19333	0.054
10.19500	0.068
10.19667	0.078
10.19833	0.068
10.20000	0.055
10.20167	0.070
10.20333	0.074
10.20500	0.064
10.20667	0.049
10.20833	0.060
10.21000	0.066
10.21167	0.062
10.21333	0.053
10.21500	0.068
10.21667	0.076
10.21833	0.068
10.22000	0.053
10.22167	0.067
10.22333	0.076
10.22500	0.067
10.22667	0.054
10.22833	0.067
10.23000	0.073
10.23167	0.067
10.23333	0.056
10.23500	0.067
10.23667	0.077
10.23833	0.072
10.24000	0.060
10.24167	0.066
10.24333	0.076
10.24500	0.072
10.24667	0.060
10.24833	0.067
10.25000	0.080
10.25167	0.076
10.25333	0.063
10.25500	0.069
10.25667	0.079
10.25833	0.072
10.26000	0.055
10.26167	0.059
10.26333	0.070
10.26500	0.065
10.26667	0.055
10.26833	0.062
10.27000	0.072
10.27167	0.066
10.27333	0.054
10.27500	0.059
10.27667	0.071
10.27833	0.066
10.28000	0.056
10.28167	0.062
10.28333	0.079
10.28500	0.077
10.28667	0.063
10.28833	0.067
10.29000	0.078
10.29167	0.074
10.29333	0.063
10.29500	0.061
10.29667	0.073
10.29833	0.075
10.30000	0.065
10.30167	0.068
10.30333	0.080
10.30500	0.077
10.30667	0.061
10.30833	0.063
10.31000	0.078
10.31167	0.078
10.31333	0.066
10.31500	0.067
10.31667	0.081
10.31833	0.080
10.32000	0.070
10.32167	0.068
10.32333	0.079
10.32500	0.077
10.32667	0.061
10.32833	0.060
10.33000	0.075
10.33167	0.076
10.33333	0.064
10.33500	0.061
10.33667	0.075
10.33833	0.076
10.34000	0.068
10.34167	0.067
10.34333	0.081
10.34500	0.081
10.34667	0.068
10.34833	0.065
10.35000	0.076
10.35167	0.079
10.35333	0.066
10.35500	0.061
10.35667	0.074
10.35833	0.074
10.36000	0.065
10.36167	0.063
10.36333	0.078
10.36500	0.078
10.36667	0.069
10.36833	0.063
10.37000	0.077
10.37167	0.080
10.37333	0.071
10.37500	0.063
10.37667	0.075
10.37833	0.080
10.38000	0.071
10.38167	0.063
10.38333	0.079
10.38500	0.085
10.38667	0.076
10.38833	0.067
10.39000	0.081
10.39167	0.088
10.39333	0.076
10.39500	0.063
10.39667	0.073
10.39833	0.081
10.40000	0.069
10.40167	0.057
10.40333	0.069
10.40500	0.075
10.40667	0.068
10.40833	0.061
10.41000	0.074
10.41167	0.078
10.41333	0.068
10.41500	0.059
10.41667	0.068
10.41833	0.074
10.42000	0.065
10.42167	0.053
10.42333	0.062
10.42500	0.073
10.42667	0.066
10.42833	0.055
10.43000	0.067
10.43167	0.073
10.43333	0.066
10.43500	0.054
10.43667	0.063
10.43833	0.072
10.44000	0.068
10.44167	0.058
10.44333	0.066
10.44500	0.074
10.44667	0.068
10.44833	0.057
10.45000	0.066
10.45167	0.078
10.45333	0.075
10.45500	0.068
10.45667	0.075
10.45833	0.086
10.46000	0.079
10.46167	0.068
10.46333	0.075
10.46500	0.083
10.46667	0.079
10.46833	0.065
10.47000	0.069
10.47167	0.080
10.47333	0.076
10.47500	0.065
10.47667	0.068
10.47833	0.080
10.48000	0.076
10.48167	0.061
10.48333	0.068
10.48500	0.078
10.48667	0.073
10.48833	0.055
10.49000	0.060
10.49167	0.070
10.49333	0.068
10.49500	0.054
10.49667	0.056
10.49833	0.067
10.50000	0.065
10.50167	0.050
10.50333	0.055
10.50500	0.068
10.50667	0.068
10.50833	0.057
10.51000	0.064
10.51167	0.077
10.51333	0.078
10.51500	0.067
10.51667	0.068
10.51833	0.079
10.52000	0.080
10.52167	0.068
10.52333	0.074
10.52500	0.084
10.52667	0.082
10.52833	0.068
10.53000	0.072
10.53167	0.086
10.53333	0.085
10.53500	0.069
10.53667	0.068
10.53833	0.077
10.54000	0.074
10.54167	0.060
10.54333	0.060
10.54500	0.078
10.54667	0.078
10.54833	0.063
10.55000	0.063
10.55167	0.078
10.55333	0.079
10.55500	0.064
10.55667	0.061
10.55833	0.075
10.56000	0.078
10.56167	0.066
10.56333	0.066
10.56500	0.077
10.56667	0.080
10.56833	0.066
10.57000	0.062
10.57167	0.076
10.57333	0.082
10.57500	0.066
10.57667	0.061
10.57833	0.073
10.58000	0.075
10.58167	0.065
10.58333	0.061
10.58500	0.075
10.58667	0.080
10.58833	0.068
10.59000	0.060
10.59167	0.071
10.59333	0.077
10.59500	0.065
10.59667	0.055
10.59833	0.066
10.60000	0.072
10.60167	0.061
10.60333	0.056
10.60500	0.070
10.60667	0.075
10.60833	0.066
10.61000	0.054
10.61167	0.064
10.61333	0.068
10.61500	0.061
10.61667	0.052
10.61833	0.064
10.62000	0.070
10.62167	0.062
10.62333	0.055
10.62500	0.070
10.62667	0.078
10.62833	0.070
10.63000	0.059
10.63167	0.069
10.63333	0.072
10.63500	0.063
10.63667	0.053
10.63833	0.068
10.64000	0.076
10.64167	0.070
10.64333	0.056
10.64500	0.067
10.64667	0.077
10.64833	0.070
10.65000	0.058
10.65167	0.068
10.65333	0.075
10.65500	0.066
10.65667	0.053
10.65833	0.066
10.66000	0.074
10.66167	0.069
10.66333	0.055
10.66500	0.065
10.66667	0.071
10.66833	0.068
10.67000	0.053
10.67167	0.061
10.67333	0.072
10.67500	0.070
10.67667	0.056
10.67833	0.065
10.68000	0.074
10.68167	0.071
10.68333	0.059
10.68500	0.067
10.68667	0.077
10.68833	0.074
10.69000	0.057
10.69167	0.062
10.69333	0.067
10.69500	0.067
10.69667	0.053
10.69833	0.059
10.70000	0.067
10.70167	0.067
10.70333	0.054
10.70500	0.064
10.70667	0.071
10.70833	0.068
10.71000	0.056
10.71167	0.064
10.71333	0.075
10.71500	0.076
10.71667	0.063
10.71833	0.073
10.72000	0.084
10.72167	0.081
10.72333	0.064
10.72500	0.072
10.72667	0.083
10.72833	0.079
10.73000	0.065
10.73167	0.068
10.73333	0.080
10.73500	0.077
10.73667	0.064
10.73833	0.067
10.74000	0.079
10.74167	0.078
10.74333	0.063
10.74500	0.063
10.74667	0.076
10.74833	0.077
10.75000	0.064
10.75167	0.066
10.75333	0.077
10.75500	0.078
10.75667	0.062
10.75833	0.059
10.76000	0.073
10.76167	0.074
10.76333	0.062
10.76500	0.062
10.76667	0.076
10.76833	0.076
10.77000	0.062
10.77167	0.061
10.77333	0.075
10.77500	0.076
10.77667	0.065
10.77833	0.061
10.78000	0.075
10.78167	0.076
10.78333	0.061
10.78500	0.054
10.78667	0.068
10.78833	0.071
10.79000	0.062
10.79167	0.058
10.79333	0.069
10.79500	0.073
10.79667	0.064
10.79833	0.060
10.80000	0.073
10.80167	0.076
10.80333	0.068
10.80500	0.059
10.80667	0.075
10.80833	0.081
10.81000	0.072
10.81167	0.064
10.81333	0.077
10.81500	0.082
10.81667	0.075
10.81833	0.066
10.82000	0.076
10.82167	0.080
10.82333	0.071
10.82500	0.067
10.82667	0.082
10.82833	0.086
10.83000	0.080
10.83167	0.068
10.83333	0.080
10.83500	0.083
10.83667	0.073
10.83833	0.061
10.84000	0.071
10.84167	0.077
10.84333	0.069
10.84500	0.059
10.84667	0.073
10.84833	0.077
10.85000	0.068
10.85167	0.054
10.85333	0.067
10.85500	0.075
10.85667	0.069
10.85833	0.056
10.86000	0.069
10.86167	0.077
10.86333	0.075
10.86500	0.065
10.86667	0.078
10.86833	0.083
10.87000	0.076
10.87167	0.064
10.87333	0.075
10.87500	0.083
10.87667	0.080
10.87833	0.065
10.88000	0.077
10.88167	0.087
10.88333	0.080
10.88500	0.063
10.88667	0.072
10.88833	0.078
10.89000	0.072
10.89167	0.061
10.89333	0.073
10.89500	0.086
10.89667	0.083
10.89833	0.071
10.90000	0.079
10.90167	0.088
10.90333	0.085
10.90500	0.073
10.90667	0.077
10.90833	0.084
10.91000	0.077
10.91167	0.063
10.91333	0.067
10.91500	0.077
10.91667	0.074
10.91833	0.062
10.92000	0.067
10.92167	0.079
10.92333	0.078
10.92500	0.065
10.92667	0.072
10.92833	0.083
10.93000	0.078
10.93167	0.061
10.93333	0.061
10.93500	0.072
10.93667	0.068
10.93833	0.057
10.94000	0.059
10.94167	0.073
10.94333	0.074
10.94500	0.059
10.94667	0.059
10.94833	0.072
10.95000	0.069
10.95167	0.062
10.95333	0.065
10.95500	0.082
10.95667	0.083
10.95833	0.074
10.96000	0.073
10.96167	0.086
10.96333	0.085
10.96500	0.071
10.96667	0.069
10.96833	0.086
10.97000	0.087
10.97167	0.074
10.97333	0.070
10.97500	0.087
10.97667	0.090
10.97833	0.075
10.98000	0.072
10.98167	0.088
10.98333	0.092
10.98500	0.085
10.98667	0.075
10.98833	0.091
10.99000	0.093
10.99167	0.080
10.99333	0.073
10.99500	0.087
10.99667	0.089
10.99833	0.076
11.00000	0.071
11.00167	0.090
11.00333	0.096
11.00500	0.083
11.00667	0.070
11.00833	0.085
11.01000	0.090
11.01167	0.080
11.01333	0.070
11.01500	0.087
11.01667	0.087
11.01833	0.075
11.02000	0.066
11.02167	0.081
11.02333	0.086
11.02500	0.081
11.02667	0.075
11.02833	0.092
11.03000	0.095
11.03167	0.085
11.03333	0.077
11.03500	0.092
11.03667	0.097
11.03833	0.088
11.04000	0.078
11.04167	0.091
11.04333	0.093
11.04500	0.085
11.04667	0.074
11.04833	0.089
11.05000	0.094
11.05167	0.084
11.05333	0.070
11.05500	0.081
11.05667	0.091
11.05833	0.085
11.06000	0.075
11.06167	0.087
11.06333	0.094
11.06500	0.086
11.06667	0.074
11.06833	0.086
11.07000	0.092
11.07167	0.085
11.07333	0.073
11.07500	0.084
11.07667	0.094
11.07833	0.091
11.08000	0.081
11.08167	0.088
11.08333	0.094
11.08500	0.088
11.08667	0.072
11.08833	0.079
11.09000	0.088
11.09167	0.085
11.09333	0.075
11.09500	0.086
11.09667	0.097
11.09833	0.089
11.10000	0.075
11.10167	0.080
11.10333	0.092
11.10500	0.086
11.10667	0.072
11.10833	0.077
11.11000	0.092
11.11167	0.092
11.11333	0.079
11.11500	0.083
11.11667	0.092
11.11833	0.087
11.12000	0.078
11.12167	0.087
11.12333	0.098
11.12500	0.092
11.12667	0.078
11.12833	0.082
11.13000	0.093
11.13167	0.088
11.13333	0.076
11.13500	0.078
11.13667	0.092
11.13833	0.093
11.14000	0.085
11.14167	0.087
11.14333	0.097
11.14500	0.094
11.14667	0.083
11.14833	0.086
11.15000	0.100
11.15167	0.100
11.15333	0.087
11.15500	0.083
11.15667	0.095
11.15833	0.095
11.16000	0.082
11.16167	0.083
11.16333	0.095
11.16500	0.093
11.16667	0.080
11.16833	0.075
11.17000	0.085
11.17167	0.085
11.17333	0.073
11.17500	0.076
11.17667	0.091
11.17833	0.090
11.18000	0.075
11.18167	0.074
11.18333	0.089
11.18500	0.093
11.18667	0.086
11.18833	0.084
11.19000	0.094
11.19167	0.092
11.19333	0.080
11.19500	0.074
11.19667	0.085
11.19833	0.087
11.20000	0.079
11.20167	0.075
11.20333	0.087
11.20500	0.088
11.20667	0.077
11.20833	0.072
11.21000	0.082
11.21167	0.083
11.21333	0.072
11.21500	0.069
11.21667	0.083
11.21833	0.085
11.22000	0.075
11.22167	0.071
11.22333	0.086
11.22500	0.091
11.22667	0.081
11.22833	0.072
11.23000	0.088
11.23167	0.095
11.23333	0.087
11.23500	0.080
11.23667	0.095
11.23833	0.101
11.24000	0.094
11.24167	0.086
11.24333	0.097
11.24500	0.104
11.24667	0.096
11.24833	0.090
11.25000	0.101
11.25167	0.106
11.25333	0.095
11.25500	0.088
11.25667	0.100
11.25833	0.103
11.26000	0.096
11.26167	0.083
11.26333	0.096
11.26500	0.103
11.26667	0.095
11.26833	0.086
11.27000	0.097
11.27167	0.102
11.27333	0.095
11.27500	0.087
11.27667	0.099
11.27833	0.105
11.28000	0.098
11.28167	0.085
11.28333	0.094
11.28500	0.105
11.28667	0.102
11.28833	0.094
11.29000	0.104
11.29167	0.108
11.29333	0.103
11.29500	0.092
11.29667	0.101
11.29833	0.109
11.30000	0.102
11.30167	0.090
11.30333	0.097
11.30500	0.108
11.30667	0.104
11.30833	0.091
11.31000	0.100
11.31167	0.108
11.31333	0.100
11.31500	0.085
11.31667	0.089
11.31833	0.097
11.32000	0.092
11.32167	0.083
11.32333	0.093
11.32500	0.105
11.32667	0.102
11.32833	0.093
11.33000	0.101
11.33167	0.111
11.33333	0.107
11.33500	0.095
11.33667	0.098
11.33833	0.105
11.34000	0.101
11.34167	0.091
11.34333	0.092
11.34500	0.100
11.34667	0.098
11.34833	0.085
11.35000	0.090
11.35167	0.105
11.35333	0.104
11.35500	0.092
11.35667	0.095
11.35833	0.104
11.36000	0.100
11.36167	0.087
11.36333	0.092
11.36500	0.101
11.36667	0.100
11.36833	0.088
11.37000	0.094
11.37167	0.103
11.37333	0.101
11.37500	0.090
11.37667	0.097
11.37833	0.107
11.38000	0.105
11.38167	0.092
11.38333	0.097
11.38500	0.112
11.38667	0.112
11.38833	0.098
11.39000	0.100
11.39167	0.110
11.39333	0.113
11.39500	0.100
11.39667	0.099
11.39833	0.112
11.40000	0.114
11.40167	0.101
11.40333	0.099
11.40500	0.110
11.40667	0.110
11.40833	0.098
11.41000	0.096
11.41167	0.112
11.41333	0.114
11.41500	0.099
11.41667	0.096
11.41833	0.109
11.42000	0.112
11.42167	0.101
11.42333	0.095
11.42500	0.105
11.42667	0.111
11.42833	0.105
11.43000	0.103
11.43167	0.117
11.43333	0.118
11.43500	0.107
11.43667	0.098
11.43833	0.109
11.44000	0.111
11.44167	0.103
11.44333	0.098
11.44500	0.109
11.44667	0.109
11.44833	0.098
11.45000	0.093
11.45167	0.107
11.45333	0.113
11.45500	0.102
11.45667	0.091
11.45833	0.102
11.46000	0.106
11.46167	0.100
11.46333	0.091
11.46500	0.105
11.46667	0.112
11.46833	0.103
11.47000	0.095
11.47167	0.112
11.47333	0.123
11.47500	0.117
11.47667	0.106
11.47833	0.117
11.48000	0.123
11.48167	0.121
11.48333	0.114
11.48500	0.125
11.48667	0.129
11.48833	0.122
11.49000	0.108
11.49167	0.118
11.49333	0.127
11.49500	0.119
11.49667	0.108
11.49833	0.121
11.50000	0.127
11.50167	0.121
11.50333	0.106
11.50500	0.119
11.50667	0.126
11.50833	0.119
11.51000	0.104
11.51167	0.115
11.51333	0.124
11.51500	0.120
11.51667	0.109
11.51833	0.121
11.52000	0.132
11.52167	0.124
11.52333	0.109
11.52500	0.119
11.52667	0.127
11.52833	0.125
11.53000	0.111
11.53167	0.124
11.53333	0.132
11.53500	0.130
11.53667	0.118
11.53833	0.130
11.54000	0.141
11.54167	0.136
11.54333	0.120
11.54500	0.123
11.54667	0.134
11.54833	0.130
11.55000	0.113
11.55167	0.122
11.55333	0.131
11.55500	0.128
11.55667	0.115
11.55833	0.123
11.56000	0.134
11.56167	0.131
11.56333	0.116
11.56500	0.122
11.56667	0.131
11.56833	0.127
11.57000	0.112
11.57167	0.117
11.57333	0.127
11.57500	0.128
11.57667	0.113
11.57833	0.116
11.58000	0.129
11.58167	0.129
11.58333	0.117
11.58500	0.118
11.58667	0.133
11.58833	0.136
11.59000	0.124
11.59167	0.127
11.59333	0.141
11.59500	0.140
11.59667	0.128
11.59833	0.131
11.60000	0.144
11.60167	0.146
11.60333	0.132
11.60500	0.132
11.60667	0.143
11.60833	0.145
11.61000	0.131
11.61167	0.132
11.61333	0.146
11.61500	0.147
11.61667	0.135
11.61833	0.136
11.62000	0.149
11.62167	0.146
11.62333	0.133
11.62500	0.125
11.62667	0.140
11.62833	0.143
11.63000	0.131
11.63167	0.126
11.63333	0.142
11.63500	0.143
11.63667	0.136
11.63833	0.133
11.64000	0.149
11.64167	0.152
11.64333	0.138
11.64500	0.132
11.64667	0.145
11.64833	0.150
11.65000	0.141
11.65167	0.133
11.65333	0.150
11.65500	0.152
11.65667	0.141
11.65833	0.130
11.66000	0.145
11.66167	0.150
11.66333	0.141
11.66500	0.131
11.66667	0.143
11.66833	0.145
11.67000	0.138
11.67167	0.130
11.67333	0.144
11.67500	0.150
11.67667	0.143
11.67833	0.135
11.68000	0.150
11.68167	0.150
11.68333	0.142
11.68500	0.133
11.68667	0.147
11.68833	0.150
11.69000	0.140
11.69167	0.131
11.69333	0.145
11.69500	0.150
11.69667	0.142
11.69833	0.131
11.70000	0.140
11.70167	0.144
11.70333	0.138
11.70500	0.126
11.70667	0.138
11.70833	0.145
11.71000	0.141
11.71167	0.129
11.71333	0.138
11.71500	0.146
11.71667	0.141
11.71833	0.123
11.72000	0.134
11.72167	0.143
11.72333	0.138
11.72500	0.129
11.72667	0.143
11.72833	0.153
11.73000	0.150
11.73167	0.136
11.73333	0.147
11.73500	0.154
11.73667	0.149
11.73833	0.136
11.74000	0.144
11.74167	0.156
11.74333	0.155
11.74500	0.142
11.74667	0.147
11.74833	0.153
11.75000	0.147
11.75167	0.132
11.75333	0.140
11.75500	0.151
11.75667	0.144
11.75833	0.127
11.76000	0.133
11.76167	0.144
11.76333	0.143
11.76500	0.130
11.76667	0.135
11.76833	0.146
11.77000	0.146
11.77167	0.136
11.77333	0.141
11.77500	0.148
11.77667	0.144
11.77833	0.131
11.78000	0.133
11.78167	0.148
11.78333	0.146
11.78500	0.130
11.78667	0.132
11.78833	0.146
11.79000	0.144
11.79167	0.130
11.79333	0.130
11.79500	0.144
11.79667	0.143
11.79833	0.130
11.80000	0.128
11.80167	0.138
11.80333	0.139
11.80500	0.128
11.80667	0.128
11.80833	0.145
11.81000	0.142
11.81167	0.125
11.81333	0.124
11.81500	0.141
11.81667	0.144
11.81833	0.134
11.82000	0.133
11.82167	0.147
11.82333	0.148
11.82500	0.138
11.82667	0.136
11.82833	0.150
11.83000	0.152
11.83167	0.139
11.83333	0.133
11.83500	0.147
11.83667	0.151
11.83833	0.141
11.84000	0.134
11.84167	0.149
11.84333	0.155
11.84500	0.147
11.84667	0.138
11.84833	0.151
11.85000	0.153
11.85167	0.137
11.85333	0.128
11.85500	0.141
11.85667	0.146
11.85833	0.135
11.86000	0.129
11.86167	0.147
11.86333	0.150
11.86500	0.142
11.86667	0.136
11.86833	0.147
11.87000	0.149
11.87167	0.139
11.87333	0.131
11.87500	0.143
11.87667	0.144
11.87833	0.132
11.88000	0.122
11.88167	0.136
11.88333	0.143
11.88500	0.136
11.88667	0.126
11.88833	0.140
11.89000	0.147
11.89167	0.141
11.89333	0.130
11.89500	0.143
11.89667	0.148
11.89833	0.143
11.90000	0.134
11.90167	0.148
11.90333	0.152
11.90500	0.144
11.90667	0.129
11.90833	0.139
11.91000	0.145
11.91167	0.139
11.91333	0.130
11.91500	0.139
11.91667	0.144
11.91833	0.140
11.92000	0.129
11.92167	0.140
11.92333	0.149
11.92500	0.141
11.92667	0.128
11.92833	0.138
11.93000	0.143
11.93167	0.136
11.93333	0.121
11.93500	0.130
11.93667	0.139
11.93833	0.135
11.94000	0.123
11.94167	0.132
11.94333	0.144
11.94500	0.141
11.94667	0.130
11.94833	0.138
11.95000	0.153
11.95167	0.152
11.95333	0.138
11.95500	0.141
11.95667	0.148
11.95833	0.144
11.96000	0.132
11.96167	0.138
11.96333	0.152
11.96500	0.146
11.96667	0.134
11.96833	0.136
11.97000	0.147
11.97167	0.142
11.97333	0.131
11.97500	0.135
11.97667	0.146
11.97833	0.145
11.98000	0.132
11.98167	0.136
11.98333	0.147
11.98500	0.144
11.98667	0.128
11.98833	0.130
11.99000	0.144
11.99167	0.140
11.99333	0.129
11.99500	0.133
11.99667	0.145
11.99833	0.141
12.00000	0.132
12.00167	0.133
12.00333	0.147
12.00500	0.145
12.00667	0.130
12.00833	0.127
12.01000	0.139
12.01167	0.137
12.01333	0.126
12.01500	0.122
12.01667	0.135
12.01833	0.135
12.02000	0.123
12.02167	0.123
12.02333	0.135
12.02500	0.131
12.02667	0.121
12.02833	0.126
12.03000	0.144
12.03167	0.147
12.03333	0.134
12.03500	0.131
12.03667	0.144
12.03833	0.145
12.04000	0.133
12.04167	0.131
12.04333	0.146
12.04500	0.146
12.04667	0.134
12.04833	0.132
12.05000	0.147
12.05167	0.150
12.05333	0.136
12.05500	0.130
12.05667	0.144
12.05833	0.145
12.06000	0.130
12.06167	0.121
12.06333	0.133
12.06500	0.140
12.06667	0.126
12.06833	0.119
12.07000	0.133
12.07167	0.133
12.07333	0.123
12.07500	0.118
12.07667	0.132
12.07833	0.136
12.08000	0.127
12.08167	0.123
12.08333	0.137
12.08500	0.140
12.08667	0.131
12.08833	0.122
12.09000	0.134
12.09167	0.140
12.09333	0.130
12.09500	0.122
12.09667	0.135
12.09833	0.140
12.10000	0.132
12.10167	0.123
12.10333	0.136
12.10500	0.144
12.10667	0.133
12.10833	0.124
12.11000	0.137
12.11167	0.144
12.11333	0.136
12.11500	0.123
12.11667	0.135
12.11833	0.144
12.12000	0.138
12.12167	0.126
12.12333	0.135
12.12500	0.142
12.12667	0.135
12.12833	0.123
12.13000	0.132
12.13167	0.142
12.13333	0.136
12.13500	0.121
12.13667	0.127
12.13833	0.137
12.14000	0.130
12.14167	0.118
12.14333	0.128
12.14500	0.137
12.14667	0.130
12.14833	0.121
12.15000	0.132
12.15167	0.142
12.15333	0.132
12.15500	0.118
12.15667	0.128
12.15833	0.139
12.16000	0.136
12.16167	0.124
12.16333	0.131
12.16500	0.140
12.16667	0.134
12.16833	0.124
12.17000	0.132
12.17167	0.138
12.17333	0.133
12.17500	0.119
12.17667	0.124
12.17833	0.136
12.18000	0.133
12.18167	0.120
12.18333	0.127
12.18500	0.134
12.18667	0.134
12.18833	0.121
12.19000	0.128
12.19167	0.138
12.19333	0.140
12.19500	0.128
12.19667	0.130
12.19833	0.140
12.20000	0.138
12.20167	0.125
12.20333	0.128
12.20500	0.140
12.20667	0.142
12.20833	0.132
12.21000	0.137
12.21167	0.147
12.21333	0.144
12.21500	0.127
12.21667	0.124
12.21833	0.136
12.22000	0.139
12.22167	0.127
12.22333	0.130
12.22500	0.139
12.22667	0.137
12.22833	0.126
12.23000	0.128
12.23167	0.139
12.23333	0.140
12.23500	0.128
12.23667	0.129
12.23833	0.139
12.24000	0.138
12.24167	0.126
12.24333	0.124
12.24500	0.132
12.24667	0.137
12.24833	0.126
12.25000	0.124
12.25167	0.134
12.25333	0.136
12.25500	0.126
12.25667	0.123
12.25833	0.136
12.26000	0.140
12.26167	0.128
12.26333	0.124
12.26500	0.134
12.26667	0.133
12.26833	0.121
12.27000	0.117
12.27167	0.132
12.27333	0.136
12.27500	0.126
12.27667	0.122
12.27833	0.133
12.28000	0.136
12.28167	0.125
12.28333	0.118
12.28500	0.133
12.28667	0.136
12.28833	0.127
12.29000	0.123
12.29167	0.136
12.29333	0.137
12.29500	0.128
12.29667	0.121
12.29833	0.135
12.30000	0.143
12.30167	0.132
12.30333	0.123
12.30500	0.135
12.30667	0.136
12.30833	0.124
12.31000	0.113
12.31167	0.127
12.31333	0.135
12.31500	0.126
12.31667	0.115
12.31833	0.129
12.32000	0.137
12.32167	0.128
12.32333	0.118
12.32500	0.133
12.32667	0.137
12.32833	0.128
12.33000	0.116
12.33167	0.127
12.33333	0.134
12.33500	0.126
12.33667	0.118
12.33833	0.130
12.34000	0.135
12.34167	0.128
12.34333	0.119
12.34500	0.129
12.34667	0.135
12.34833	0.129
12.35000	0.119
12.35167	0.128
12.35333	0.131
12.35500	0.127
12.35667	0.117
12.35833	0.130
12.36000	0.138
12.36167	0.134
12.36333	0.121
12.36500	0.132
12.36667	0.140
12.36833	0.134
12.37000	0.120
12.37167	0.128
12.37333	0.135
12.37500	0.130
12.37667	0.117
12.37833	0.126
12.38000	0.134
12.38167	0.127
12.38333	0.111
12.38500	0.120
12.38667	0.127
12.38833	0.122
12.39000	0.107
12.39167	0.116
12.39333	0.125
12.39500	0.122
12.39667	0.104
12.39833	0.110
12.40000	0.120
12.40167	0.122
12.40333	0.108
12.40500	0.116
12.40667	0.124
12.40833	0.120
12.41000	0.106
12.41167	0.114
12.41333	0.126
12.41500	0.122
12.41667	0.108
12.41833	0.113
12.42000	0.123
12.42167	0.120
12.42333	0.107
12.42500	0.111
12.42667	0.122
12.42833	0.120
12.43000	0.109
12.43167	0.113
12.43333	0.128
12.43500	0.130
12.43667	0.116
12.43833	0.116
12.44000	0.128
12.44167	0.127
12.44333	0.112
12.44500	0.115
12.44667	0.128
12.44833	0.129
12.45000	0.114
12.45167	0.114
12.45333	0.125
12.45500	0.125
12.45667	0.112
12.45833	0.112
12.46000	0.127
12.46167	0.130
12.46333	0.119
12.46500	0.114
12.46667	0.127
12.46833	0.129
12.47000	0.115
12.47167	0.115
12.47333	0.130
12.47500	0.128
12.47667	0.112
12.47833	0.104
12.48000	0.116
12.48167	0.116
12.48333	0.107
12.48500	0.105
12.48667	0.120
12.48833	0.121
12.49000	0.115
12.49167	0.113
12.49333	0.126
12.49500	0.129
12.49667	0.117
12.49833	0.109
12.50000	0.122
12.50167	0.126
12.50333	0.117
12.50500	0.110
12.50667	0.126
12.50833	0.130
12.51000	0.120
12.51167	0.113
12.51333	0.125
12.51500	0.130
12.51667	0.121
12.51833	0.110
12.52000	0.128
12.52167	0.130
12.52333	0.122
12.52500	0.111
12.52667	0.123
12.52833	0.128
12.53000	0.116
12.53167	0.105
12.53333	0.122
12.53500	0.127
12.53667	0.117
12.53833	0.107
12.54000	0.121
12.54167	0.126
12.54333	0.118
12.54500	0.106
12.54667	0.114
12.54833	0.121
12.55000	0.113
12.55167	0.101
12.55333	0.115
12.55500	0.123
12.55667	0.117
12.55833	0.106
12.56000	0.118
12.56167	0.123
12.56333	0.119
12.56500	0.106
12.56667	0.120
12.56833	0.128
12.57000	0.121
12.57167	0.110
12.57333	0.123
12.57500	0.129
12.57667	0.124
12.57833	0.109
12.58000	0.117
12.58167	0.128
12.58333	0.124
12.58500	0.108
12.58667	0.120
12.58833	0.129
12.59000	0.124
12.59167	0.107
12.59333	0.113
12.59500	0.121
12.59667	0.117
12.59833	0.102
12.60000	0.108
12.60167	0.121
12.60333	0.123
12.60500	0.111
12.60667	0.120
12.60833	0.131
12.61000	0.127
12.61167	0.109
12.61333	0.110
12.61500	0.120
12.61667	0.117
12.61833	0.105
12.62000	0.112
12.62167	0.124
12.62333	0.119
12.62500	0.107
12.62667	0.109
12.62833	0.122
12.63000	0.122
12.63167	0.107
12.63333	0.107
12.63500	0.118
12.63667	0.120
12.63833	0.111
12.64000	0.111
12.64167	0.124
12.64333	0.124
12.64500	0.112
12.64667	0.110
12.64833	0.122
12.65000	0.118
12.65167	0.107
12.65333	0.108
12.65500	0.124
12.65667	0.123
12.65833	0.107
12.66000	0.102
12.66167	0.114
12.66333	0.112
12.66500	0.106
12.66667	0.103
12.66833	0.120
12.67000	0.122
12.67167	0.111
12.67333	0.106
12.67500	0.120
12.67667	0.121
12.67833	0.111
12.68000	0.106
12.68167	0.122
12.68333	0.124
12.68500	0.114
12.68667	0.109
12.68833	0.124
12.69000	0.127
12.69167	0.114
12.69333	0.107
12.69500	0.120
12.69667	0.123
12.69833	0.113
12.70000	0.106
12.70167	0.118
12.70333	0.120
12.70500	0.109
12.70667	0.100
12.70833	0.117
12.71000	0.120
12.71167	0.112
12.71333	0.104
12.71500	0.116
12.71667	0.119
12.71833	0.109
12.72000	0.097
12.72167	0.112
12.72333	0.117
12.72500	0.106
12.72667	0.098
12.72833	0.113
12.73000	0.118
12.73167	0.106
12.73333	0.095
12.73500	0.110
12.73667	0.119
12.73833	0.112
12.74000	0.102
12.74167	0.115
12.74333	0.123
12.74500	0.113
12.74667	0.100
12.74833	0.111
12.75000	0.117
12.75167	0.111
12.75333	0.099
12.75500	0.110
12.75667	0.112
12.75833	0.107
12.76000	0.094
12.76167	0.107
12.76333	0.119
12.76500	0.113
12.76667	0.098
12.76833	0.115
12.77000	0.125
12.77167	0.117
12.77333	0.102
12.77500	0.111
12.77667	0.118
12.77833	0.113
12.78000	0.102
12.78167	0.113
12.78333	0.123
12.78500	0.114
12.78667	0.100
12.78833	0.107
12.79000	0.115
12.79167	0.112
12.79333	0.103
12.79500	0.108
12.79667	0.119
12.79833	0.109
12.80000	0.093
12.80167	0.099
12.80333	0.108
12.80500	0.105
12.80667	0.093
12.80833	0.097
12.81000	0.108
12.81167	0.103
12.81333	0.089
12.81500	0.092
12.81667	0.103
12.81833	0.100
12.82000	0.088
12.82167	0.096
12.82333	0.107
12.82500	0.105
12.82667	0.096
12.82833	0.101
12.83000	0.115
12.83167	0.114
12.83333	0.103
12.83500	0.107
12.83667	0.117
12.83833	0.116
12.84000	0.105
12.84167	0.104
12.84333	0.114
12.84500	0.110
12.84667	0.095
12.84833	0.095
12.85000	0.107
12.85167	0.104
12.85333	0.092
12.85500	0.092
12.85667	0.107
12.85833	0.110
12.86000	0.098
12.86167	0.096
12.86333	0.109
12.86500	0.110
12.86667	0.095
12.86833	0.094
12.87000	0.110
12.87167	0.114
12.87333	0.102
12.87500	0.098
12.87667	0.106
12.87833	0.103
12.88000	0.094
12.88167	0.092
12.88333	0.103
12.88500	0.103
12.88667	0.091
12.88833	0.090
12.89000	0.103
12.89167	0.104
12.89333	0.092
12.89500	0.088
12.89667	0.104
12.89833	0.108
12.90000	0.096
12.90167	0.089
12.90333	0.101
12.90500	0.103
12.90667	0.092
12.90833	0.088
12.91000	0.101
12.91167	0.105
12.91333	0.094
12.91500	0.088
12.91667	0.103
12.91833	0.108
12.92000	0.096
12.92167	0.090
12.92333	0.103
12.92500	0.110
12.92667	0.100
12.92833	0.092
12.93000	0.105
12.93167	0.111
12.93333	0.103
12.93500	0.093
12.93667	0.107
12.93833	0.115
12.94000	0.108
12.94167	0.102
12.94333	0.113
12.94500	0.118
12.94667	0.107
12.94833	0.099
12.95000	0.113
12.95167	0.120
12.95333	0.112
12.95500	0.101
12.95667	0.109
12.95833	0.115
12.96000	0.110
12.96167	0.099
12.96333	0.109
12.96500	0.115
12.96667	0.104
12.96833	0.092
12.97000	0.102
12.97167	0.112
12.97333	0.104
12.97500	0.097
12.97667	0.110
12.97833	0.121
12.98000	0.116
12.98167	0.101
12.98333	0.108
12.98500	0.114
12.98667	0.109
12.98833	0.098
12.99000	0.108
12.99167	0.118
12.99333	0.112
12.99500	0.096
12.99667	0.103
12.99833	0.110
13.00000	0.103
13.00167	0.090
13.00333	0.102
13.00500	0.111
13.00667	0.108
13.00833	0.097
13.01000	0.104
13.01167	0.114
13.01333	0.109
13.01500	0.095
13.01667	0.102
13.01833	0.110
13.02000	0.105
13.02167	0.095
13.02333	0.101
13.02500	0.111
13.02667	0.111
13.02833	0.096
13.03000	0.102
13.03167	0.111
13.03333	0.109
13.03500	0.099
13.03667	0.105
13.03833	0.116
13.04000	0.115
13.04167	0.103
13.04333	0.106
13.04500	0.117
13.04667	0.117
13.04833	0.103
13.05000	0.110
13.05167	0.121
13.05333	0.118
13.05500	0.103
13.05667	0.107
13.05833	0.118
13.06000	0.116
13.06167	0.101
13.06333	0.098
13.06500	0.111
13.06667	0.111
13.06833	0.095
13.07000	0.099
13.07167	0.111
13.07333	0.110
13.07500	0.097
13.07667	0.097
13.07833	0.110
13.08000	0.111
13.08167	0.101
13.08333	0.102
13.08500	0.111
13.08667	0.108
13.08833	0.093
13.09000	0.097
13.09167	0.112
13.09333	0.113
13.09500	0.102
13.09667	0.100
13.09833	0.115
13.10000	0.117
13.10167	0.103
13.10333	0.101
13.10500	0.114
13.10667	0.116
13.10833	0.105
13.11000	0.103
13.11167	0.112
13.11333	0.113
13.11500	0.101
13.11667	0.099
13.11833	0.113
13.12000	0.115
13.12167	0.103
13.12333	0.096
13.12500	0.104
13.12667	0.104
13.12833	0.099
13.13000	0.096
13.13167	0.110
13.13333	0.114
13.13500	0.100
13.13667	0.091
13.13833	0.104
13.14000	0.107
13.14167	0.096
13.14333	0.089
13.14500	0.106
13.14667	0.113
13.14833	0.102
13.15000	0.094
13.15167	0.107
13.15333	0.111
13.15500	0.102
13.15667	0.097
13.15833	0.109
13.16000	0.117
13.16167	0.109
13.16333	0.098
13.16500	0.109
13.16667	0.113
13.16833	0.102
13.17000	0.093
13.17167	0.104
13.17333	0.111
13.17500	0.100
13.17667	0.090
13.17833	0.103
13.18000	0.110
13.18167	0.103
13.18333	0.094
13.18500	0.110
13.18667	0.116
13.18833	0.108
13.19000	0.095
13.19167	0.104
13.19333	0.110
13.19500	0.104
13.19667	0.091
13.19833	0.099
13.20000	0.103
13.20167	0.099
13.20333	0.088
13.20500	0.096
13.20667	0.100
13.20833	0.095
13.21000	0.081
13.21167	0.093
13.21333	0.103
13.21500	0.098
13.21667	0.088
13.21833	0.098
13.22000	0.105
13.22167	0.100
13.22333	0.091
13.22500	0.104
13.22667	0.114
13.22833	0.112
13.23000	0.100
13.23167	0.110
13.23333	0.113
13.23500	0.103
13.23667	0.087
13.23833	0.095
13.24000	0.105
13.24167	0.104
13.24333	0.092
13.24500	0.102
13.24667	0.112
13.24833	0.110
13.25000	0.094
13.25167	0.100
13.25333	0.110
13.25500	0.111
13.25667	0.099
13.25833	0.103
13.26000	0.110
13.26167	0.105
13.26333	0.090
13.26500	0.093
13.26667	0.101
13.26833	0.101
13.27000	0.087
13.27167	0.092
13.27333	0.104
13.27500	0.105
13.27667	0.093
13.27833	0.097
13.28000	0.108
13.28167	0.105
13.28333	0.092
13.28500	0.095
13.28667	0.103
13.28833	0.100
13.29000	0.086
13.29167	0.090
13.29333	0.100
13.29500	0.103
13.29667	0.092
13.29833	0.090
13.30000	0.103
13.30167	0.104
13.30333	0.093
13.30500	0.095
13.30667	0.105
13.30833	0.104
13.31000	0.092
13.31167	0.092
13.31333	0.106
13.31500	0.110
13.31667	0.096
13.31833	0.092
13.32000	0.105
13.32167	0.106
13.32333	0.091
13.32500	0.087
13.32667	0.102
13.32833	0.106
13.33000	0.095
13.33167	0.088
13.33333	0.097
13.33500	0.102
13.33667	0.092
13.33833	0.088
13.34000	0.102
13.34167	0.106
13.34333	0.097
13.34500	0.089
13.34667	0.100
13.34833	0.102
13.35000	0.092
13.35167	0.085
13.35333	0.100
13.35500	0.102
13.35667	0.092
13.35833	0.083
13.36000	0.097
13.36167	0.100
13.36333	0.090
13.36500	0.087
13.36667	0.104
13.36833	0.111
13.37000	0.101
13.37167	0.092
13.37333	0.104
13.37500	0.108
13.37667	0.098
13.37833	0.088
13.38000	0.100
13.38167	0.107
13.38333	0.097
13.38500	0.086
13.38667	0.097
13.38833	0.100
13.39000	0.093
13.39167	0.082
13.39333	0.095
13.39500	0.102
13.39667	0.092
13.39833	0.080
13.40000	0.092
13.40167	0.102
13.40333	0.098
13.40500	0.089
13.40667	0.099
13.40833	0.104
13.41000	0.095
13.41167	0.080
13.41333	0.089
13.41500	0.097
13.41667	0.092
13.41833	0.078
13.42000	0.088
13.42167	0.093
13.42333	0.085
13.42500	0.073
13.42667	0.088
13.42833	0.101
13.43000	0.098
13.43167	0.083
13.43333	0.097
13.43500	0.106
13.43667	0.098
13.43833	0.085
13.44000	0.099
13.44167	0.113
13.44333	0.106
13.44500	0.088
13.44667	0.095
13.44833	0.103
13.45000	0.094
13.45167	0.079
13.45333	0.085
13.45500	0.094
13.45667	0.093
13.45833	0.081
13.46000	0.089
13.46167	0.101
13.46333	0.098
13.46500	0.088
13.46667	0.092
13.46833	0.105
13.47000	0.106
13.47167	0.091
13.47333	0.090
13.47500	0.101
13.47667	0.101
13.47833	0.087
13.48000	0.089
13.48167	0.101
13.48333	0.103
13.48500	0.093
13.48667	0.093
13.48833	0.103
13.49000	0.101
13.49167	0.089
13.49333	0.089
13.49500	0.102
13.49667	0.105
13.49833	0.094
13.50000	0.094
13.50167	0.110
13.50333	0.110
13.50500	0.099
13.50667	0.097
13.50833	0.109
13.51000	0.107
13.51167	0.093
13.51333	0.086
13.51500	0.099
13.51667	0.101
13.51833	0.089
13.52000	0.084
13.52167	0.100
13.52333	0.104
13.52500	0.093
13.52667	0.084
13.52833	0.098
13.53000	0.100
13.53167	0.088
13.53333	0.085
13.53500	0.101
13.53667	0.100
13.53833	0.089
13.54000	0.083
13.54167	0.098
13.54333	0.098
13.54500	0.085
13.54667	0.079
13.54833	0.093
13.55000	0.099
13.55167	0.093
13.55333	0.086
13.55500	0.102
13.55667	0.105
13.55833	0.092
13.56000	0.083
13.56167	0.099
13.56333	0.105
13.56500	0.095
13.56667	0.085
13.56833	0.102
13.57000	0.107
13.57167	0.097
13.57333	0.088
13.57500	0.098
13.57667	0.104
13.57833	0.094
13.58000	0.085
13.58167	0.100
13.58333	0.104
13.58500	0.095
13.58667	0.086
13.58833	0.100
13.59000	0.106
13.59167	0.099
13.59333	0.087
13.59500	0.101
13.59667	0.106
13.59833	0.095
13.60000	0.079
13.60167	0.093
13.60333	0.105
13.60500	0.096
13.60667	0.086
13.60833	0.097
13.61000	0.101
13.61167	0.094
13.61333	0.082
13.61500	0.091
13.61667	0.101
13.61833	0.100
13.62000	0.089
13.62167	0.097
13.62333	0.102
13.62500	0.095
13.62667	0.083
13.62833	0.092
13.63000	0.103
13.63167	0.100
13.63333	0.088
13.63500	0.092
13.63667	0.103
13.63833	0.100
13.64000	0.088
13.64167	0.095
13.64333	0.105
13.64500	0.102
13.64667	0.088
13.64833	0.096
13.65000	0.106
13.65167	0.103
13.65333	0.088
13.65500	0.092
13.65667	0.102
13.65833	0.101
13.66000	0.086
13.66167	0.091
13.66333	0.105
13.66500	0.102
13.66667	0.089
13.66833	0.093
13.67000	0.106
13.67167	0.103
13.67333	0.089
13.67500	0.091
13.67667	0.103
13.67833	0.100
13.68000	0.090
13.68167	0.094
13.68333	0.106
13.68500	0.106
13.68667	0.093
13.68833	0.096
13.69000	0.109
13.69167	0.105
13.69333	0.094
13.69500	0.093
13.69667	0.103
13.69833	0.098
13.70000	0.087
13.70167	0.091
13.70333	0.102
13.70500	0.102
13.70667	0.089
13.70833	0.089
13.71000	0.100
13.71167	0.100
13.71333	0.089
13.71500	0.090
13.71667	0.105
13.71833	0.102
13.72000	0.088
13.72167	0.084
13.72333	0.094
13.72500	0.094
13.72667	0.083
13.72833	0.083
13.73000	0.096
13.73167	0.098
13.73333	0.089
13.73500	0.082
13.73667	0.095
13.73833	0.098
13.74000	0.088
13.74167	0.084
13.74333	0.097
13.74500	0.100
13.74667	0.091
13.74833	0.087
13.75000	0.102
13.75167	0.104
13.75333	0.093
13.75500	0.086
13.75667	0.103
13.75833	0.110
13.76000	0.099
13.76167	0.093
13.76333	0.107
13.76500	0.110
13.76667	0.098
13.76833	0.092
13.77000	0.106
13.77167	0.111
13.77333	0.101
13.77500	0.097
13.77667	0.114
13.77833	0.116
13.78000	0.104
13.78167	0.097
13.78333	0.111
13.78500	0.119
13.78667	0.110
13.78833	0.103
13.79000	0.118
13.79167	0.120
13.79333	0.108
13.79500	0.101
13.79667	0.111
13.79833	0.115
13.80000	0.102
13.80167	0.090
13.80333	0.101
13.80500	0.107
13.80667	0.100
13.80833	0.089
13.81000	0.101
13.81167	0.109
13.81333	0.101
13.81500	0.094
13.81667	0.108
13.81833	0.114
13.82000	0.106
13.82167	0.098
13.82333	0.107
13.82500	0.115
13.82667	0.108
13.82833	0.095
13.83000	0.106
13.83167	0.115
13.83333	0.108
13.83500	0.091
13.83667	0.099
13.83833	0.109
13.84000	0.105
13.84167	0.095
13.84333	0.106
13.84500	0.114
13.84667	0.111
13.84833	0.102
13.85000	0.111
13.85167	0.118
13.85333	0.111
13.85500	0.100
13.85667	0.108
13.85833	0.116
13.86000	0.109
13.86167	0.095
13.86333	0.102
13.86500	0.110
13.86667	0.108
13.86833	0.099
13.87000	0.105
13.87167	0.111
13.87333	0.106
13.87500	0.095
13.87667	0.103
13.87833	0.113
13.88000	0.110
13.88167	0.099
13.88333	0.104
13.88500	0.114
13.88667	0.111
13.88833	0.095
13.89000	0.098
13.89167	0.106
13.89333	0.100
13.89500	0.086
13.89667	0.091
13.89833	0.101
13.90000	0.101
13.90167	0.091
13.90333	0.096
13.90500	0.106
13.90667	0.105
13.90833	0.094
13.91000	0.098
13.91167	0.109
13.91333	0.107
13.91500	0.095
13.91667	0.098
13.91833	0.109
13.92000	0.109
13.92167	0.096
13.92333	0.099
13.92500	0.108
13.92667	0.106
13.92833	0.097
13.93000	0.099
13.93167	0.111
13.93333	0.111
13.93500	0.097
13.93667	0.097
13.93833	0.107
13.94000	0.109
13.94167	0.100
13.94333	0.099
13.94500	0.109
13.94667	0.108
13.94833	0.097
13.95000	0.096
13.95167	0.110
13.95333	0.113
13.95500	0.102
13.95667	0.101
13.95833	0.115
13.96000	0.118
13.96167	0.109
13.96333	0.107
13.96500	0.120
13.96667	0.124
13.96833	0.115
13.97000	0.110
13.97167	0.118
13.97333	0.118
13.97500	0.104
13.97667	0.097
13.97833	0.108
13.98000	0.108
13.98167	0.101
13.98333	0.097
13.98500	0.113
13.98667	0.120
13.98833	0.108
13.99000	0.104
13.99167	0.117
13.99333	0.117
13.99500	0.105
13.99667	0.096
13.99833	0.106
14.00000	0.109
14.00167	0.101
14.00333	0.091
14.00500	0.102
14.00667	0.109
14.00833	0.102
14.01000	0.096
14.01167	0.108
14.01333	0.113
14.01500	0.106
14.01667	0.098
14.01833	0.110
14.02000	0.114
14.02167	0.107
14.02333	0.099
14.02500	0.112
14.02667	0.116
14.02833	0.107
14.03000	0.098
14.03167	0.112
14.03333	0.120
14.03500	0.112
14.03667	0.101
14.03833	0.110
14.04000	0.113
14.04167	0.106
14.04333	0.098
14.04500	0.109
14.04667	0.111
14.04833	0.105
14.05000	0.093
14.05167	0.107
14.05333	0.118
14.05500	0.112
14.05667	0.099
14.05833	0.105
14.06000	0.113
14.06167	0.107
14.06333	0.091
14.06500	0.102
14.06667	0.112
14.06833	0.108
14.07000	0.095
14.07167	0.106
14.07333	0.117
14.07500	0.112
14.07667	0.096
14.07833	0.107
14.08000	0.119
14.08167	0.114
14.08333	0.097
14.08500	0.105
14.08667	0.117
14.08833	0.115
14.09000	0.100
14.09167	0.106
14.09333	0.112
14.09500	0.107
14.09667	0.093
14.09833	0.105
14.10000	0.115
14.10167	0.111
14.10333	0.094
14.10500	0.096
14.10667	0.107
14.10833	0.107
14.11000	0.094
14.11167	0.099
14.11333	0.111
14.11500	0.113
14.11667	0.098
14.11833	0.102
14.12000	0.114
14.12167	0.114
14.12333	0.100
14.12500	0.105
14.12667	0.115
14.12833	0.110
14.13000	0.097
14.13167	0.100
14.13333	0.113
14.13500	0.116
14.13667	0.102
14.13833	0.104
14.14000	0.115
14.14167	0.116
14.14333	0.105
14.14500	0.106
14.14667	0.119
14.14833	0.122
14.15000	0.109
14.15167	0.108
14.15333	0.120
14.15500	0.117
14.15667	0.104
14.15833	0.104
14.16000	0.117
14.16167	0.120
14.16333	0.109
14.16500	0.102
14.16667	0.114
14.16833	0.115
14.17000	0.104
14.17167	0.100
14.17333	0.110
14.17500	0.112
14.17667	0.103
14.17833	0.099
14.18000	0.115
14.18167	0.119
14.18333	0.109
14.18500	0.105
14.18667	0.119
14.18833	0.122
14.19000	0.109
14.19167	0.101
14.19333	0.112
14.19500	0.115
14.19667	0.102
14.19833	0.095
14.20000	0.107
14.20167	0.113
14.20333	0.106
14.20500	0.097
14.20667	0.114
14.20833	0.119
14.21000	0.107
14.21167	0.098
14.21333	0.112
14.21500	0.116
14.21667	0.107
14.21833	0.095
14.22000	0.105
14.22167	0.110
14.22333	0.106
14.22500	0.095
14.22667	0.106
14.22833	0.107
14.23000	0.098
14.23167	0.088
14.23333	0.104
14.23500	0.109
14.23667	0.103
14.23833	0.094
14.24000	0.106
14.24167	0.113
14.24333	0.108
14.24500	0.096
14.24667	0.113
14.24833	0.122
14.25000	0.116
14.25167	0.102
14.25333	0.110
14.25500	0.113
14.25667	0.104
14.25833	0.094
14.26000	0.105
14.26167	0.107
14.26333	0.100
14.26500	0.088
14.26667	0.099
14.26833	0.107
14.27000	0.102
14.27167	0.088
14.27333	0.099
14.27500	0.112
14.27667	0.106
14.27833	0.094
14.28000	0.103
14.28167	0.111
14.28333	0.105
14.28500	0.094
14.28667	0.106
14.28833	0.115
14.29000	0.111
14.29167	0.096
14.29333	0.103
14.29500	0.116
14.29667	0.116
14.29833	0.102
14.30000	0.109
14.30167	0.122
14.30333	0.118
14.30500	0.102
14.30667	0.108
14.30833	0.116
14.31000	0.116
14.31167	0.107
14.31333	0.109
14.31500	0.121
14.31667	0.118
14.31833	0.106
14.32000	0.111
14.32167	0.122
14.32333	0.124
14.32500	0.109
14.32667	0.109
14.32833	0.121
14.33000	0.117
14.33167	0.103
14.33333	0.103
14.33500	0.118
14.33667	0.121
14.33833	0.107
14.34000	0.106
14.34167	0.123
14.34333	0.121
14.34500	0.106
14.34667	0.102
14.34833	0.117
14.35000	0.118
14.35167	0.106
14.35333	0.101
14.35500	0.116
14.35667	0.117
14.35833	0.108
14.36000	0.102
14.36167	0.118
14.36333	0.121
14.36500	0.111
14.36667	0.103
14.36833	0.117
14.37000	0.119
14.37167	0.107
14.37333	0.099
14.37500	0.112
14.37667	0.117
14.37833	0.109
14.38000	0.101
14.38167	0.115
14.38333	0.120
14.38500	0.113
14.38667	0.106
14.38833	0.121
14.39000	0.125
14.39167	0.115
14.39333	0.106
14.39500	0.119
14.39667	0.124
14.39833	0.115
14.40000	0.105
14.40167	0.119
14.40333	0.124
14.40500	0.117
14.40667	0.105
14.40833	0.118
14.41000	0.123
14.41167	0.115
14.41333	0.103
14.41500	0.117
14.41667	0.124
14.41833	0.119
14.42000	0.109
14.42167	0.120
14.42333	0.123
14.42500	0.114
14.42667	0.103
14.42833	0.117
14.43000	0.127
14.43167	0.121
14.43333	0.108
14.43500	0.120
14.43667	0.128
14.43833	0.123
14.44000	0.111
14.44167	0.121
14.44333	0.131
14.44500	0.127
14.44667	0.114
14.44833	0.123
14.45000	0.128
14.45167	0.119
14.45333	0.103
14.45500	0.111
14.45667	0.120
14.45833	0.117
14.46000	0.105
14.46167	0.111
14.46333	0.121
14.46500	0.116
14.46667	0.104
14.46833	0.111
14.47000	0.119
14.47167	0.119
14.47333	0.103
14.47500	0.109
14.47667	0.120
14.47833	0.121
14.48000	0.111
14.48167	0.119
14.48333	0.128
14.48500	0.123
14.48667	0.110
14.48833	0.114
14.49000	0.128
14.49167	0.127
14.49333	0.114
14.49500	0.116
14.49667	0.130
14.49833	0.133
14.50000	0.121
14.50167	0.122
14.50333	0.131
14.50500	0.128
14.50667	0.113
14.50833	0.115
14.51000	0.128
14.51167	0.127
14.51333	0.110
14.51500	0.106
14.51667	0.118
14.51833	0.115
14.52000	0.101
14.52167	0.100
14.52333	0.115
14.52500	0.115
14.52667	0.104
14.52833	0.103
14.53000	0.118
14.53167	0.121
14.53333	0.108
14.53500	0.104
14.53667	0.119
14.53833	0.116
14.54000	0.104
14.54167	0.101
14.54333	0.116
14.54500	0.116
14.54667	0.102
14.54833	0.099
14.55000	0.111
14.55167	0.112
14.55333	0.103
14.55500	0.100
14.55667	0.114
14.55833	0.117
14.56000	0.105
14.56167	0.099
14.56333	0.114
14.56500	0.116
14.56667	0.105
14.56833	0.097
14.57000	0.117
14.57167	0.124
14.57333	0.113
14.57500	0.105
14.57667	0.120
14.57833	0.120
14.58000	0.109
14.58167	0.102
14.58333	0.117
14.58500	0.124
14.58667	0.116
14.58833	0.111
14.59000	0.127
14.59167	0.130
14.59333	0.123
14.59500	0.114
14.59667	0.128
14.59833	0.133
14.60000	0.123
14.60167	0.113
14.60333	0.128
14.60500	0.132
14.60667	0.121
14.60833	0.110
14.61000	0.125
14.61167	0.131
14.61333	0.123
14.61500	0.113
14.61667	0.125
14.61833	0.129
14.62000	0.123
14.62167	0.112
14.62333	0.124
14.62500	0.131
14.62667	0.123
14.62833	0.113
14.63000	0.126
14.63167	0.135
14.63333	0.128
14.63500	0.117
14.63667	0.128
14.63833	0.135
14.64000	0.128
14.64167	0.115
14.64333	0.126
14.64500	0.139
14.64667	0.139
14.64833	0.128
14.65000	0.131
14.65167	0.138
14.65333	0.133
14.65500	0.121
14.65667	0.128
14.65833	0.138
14.66000	0.134
14.66167	0.122
14.66333	0.127
14.66500	0.135
14.66667	0.130
14.66833	0.118
14.67000	0.126
14.67167	0.138
14.67333	0.135
14.67500	0.125
14.67667	0.132
14.67833	0.143
14.68000	0.138
14.68167	0.124
14.68333	0.127
14.68500	0.139
14.68667	0.138
14.68833	0.128
14.69000	0.132
14.69167	0.143
14.69333	0.135
14.69500	0.119
14.69667	0.125
14.69833	0.137
14.70000	0.134
14.70167	0.123
14.70333	0.128
14.70500	0.143
14.70667	0.143
14.70833	0.135
14.71000	0.138
14.71167	0.151
14.71333	0.148
14.71500	0.136
14.71667	0.138
14.71833	0.151
14.72000	0.146
14.72167	0.133
14.72333	0.131
14.72500	0.143
14.72667	0.144
14.72833	0.127
14.73000	0.121
14.73167	0.133
14.73333	0.132
14.73500	0.122
14.73667	0.120
14.73833	0.136
14.74000	0.136
14.74167	0.124
14.74333	0.121
14.74500	0.137
14.74667	0.137
14.74833	0.123
14.75000	0.117
14.75167	0.132
14.75333	0.134
14.75500	0.122
14.75667	0.117
14.75833	0.131
14.76000	0.132
14.76167	0.120
14.76333	0.119
14.76500	0.134
14.76667	0.133
14.76833	0.123
14.77000	0.119
14.77167	0.134
14.77333	0.136
14.77500	0.123
14.77667	0.120
14.77833	0.134
14.78000	0.136
14.78167	0.125
14.78333	0.117
14.78500	0.127
14.78667	0.134
14.78833	0.127
14.79000	0.121
14.79167	0.135
14.79333	0.140
14.79500	0.132
14.79667	0.125
14.79833	0.136
14.80000	0.138
14.80167	0.128
14.80333	0.118
14.80500	0.129
14.80667	0.135
14.80833	0.127
14.81000	0.117
14.81167	0.132
14.81333	0.140
14.81500	0.129
14.81667	0.116
14.81833	0.124
14.82000	0.131
14.82167	0.124
14.82333	0.115
14.82500	0.127
14.82667	0.135
14.82833	0.129
14.83000	0.121
14.83167	0.132
14.83333	0.143
14.83500	0.137
14.83667	0.127
14.83833	0.138
14.84000	0.145
14.84167	0.137
14.84333	0.126
14.84500	0.140
14.84667	0.149
14.84833	0.143
14.85000	0.133
14.85167	0.146
14.85333	0.153
14.85500	0.147
14.85667	0.139
14.85833	0.150
14.86000	0.159
14.86167	0.153
14.86333	0.140
14.86500	0.144
14.86667	0.153
14.86833	0.146
14.87000	0.133
14.87167	0.140
14.87333	0.148
14.87500	0.138
14.87667	0.126
14.87833	0.132
14.88000	0.142
14.88167	0.136
14.88333	0.122
14.88500	0.130
14.88667	0.141
14.88833	0.135
14.89000	0.119
14.89167	0.125
14.89333	0.133
14.89500	0.127
14.89667	0.116
14.89833	0.125
14.90000	0.139
14.90167	0.139
14.90333	0.128
14.90500	0.131
14.90667	0.141
14.90833	0.137
14.91000	0.126
14.91167	0.128
14.91333	0.141
14.91500	0.141
14.91667	0.128
14.91833	0.133
14.92000	0.145
14.92167	0.141
14.92333	0.126
14.92500	0.128
14.92667	0.137
14.92833	0.135
14.93000	0.120
14.93167	0.122
14.93333	0.137
14.93500	0.140
14.93667	0.130
14.93833	0.131
14.94000	0.140
14.94167	0.140
14.94333	0.129
14.94500	0.132
14.94667	0.145
14.94833	0.147
14.95000	0.134
14.95167	0.136
14.95333	0.144
14.95500	0.141
14.95667	0.125
14.95833	0.125
14.96000	0.137
14.96167	0.140
14.96333	0.128
14.96500	0.126
14.96667	0.139
14.96833	0.142
14.97000	0.130
14.97167	0.126
14.97333	0.136
14.97500	0.138
14.97667	0.126
14.97833	0.124
14.98000	0.135
14.98167	0.136
14.98333	0.125
14.98500	0.126
14.98667	0.141
14.98833	0.145
14.99000	0.133
14.99167	0.128
14.99333	0.141
14.99500	0.143
14.99667	0.133
14.99833	0.128
15.00000	0.143
15.00167	0.151
15.00333	0.142
15.00500	0.133
15.00667	0.143
15.00833	0.148
15.01000	0.135
15.01167	0.126
15.01333	0.138
15.01500	0.138
15.01667	0.131
15.01833	0.123
15.02000	0.136
15.02167	0.142
15.02333	0.133
15.02500	0.127
15.02667	0.142
15.02833	0.150
15.03000	0.139
15.03167	0.125
15.03333	0.134
15.03500	0.140
15.03667	0.132
15.03833	0.121
15.04000	0.133
15.04167	0.140
15.04333	0.130
15.04500	0.119
15.04667	0.133
15.04833	0.143
15.05000	0.139
15.05167	0.128
15.05333	0.135
15.05500	0.139
15.05667	0.135
15.05833	0.126
15.06000	0.134
15.06167	0.139
15.06333	0.133
15.06500	0.121
15.06667	0.130
15.06833	0.134
15.07000	0.127
15.07167	0.115
15.07333	0.129
15.07500	0.135
15.07667	0.130
15.07833	0.120
15.08000	0.134
15.08167	0.144
15.08333	0.141
15.08500	0.131
15.08667	0.141
15.08833	0.147
15.09000	0.143
15.09167	0.131
15.09333	0.140
15.09500	0.146
15.09667	0.141
15.09833	0.125
15.10000	0.132
15.10167	0.137
15.10333	0.131
15.10500	0.113
15.10667	0.122
15.10833	0.133
15.11000	0.131
15.11167	0.117
15.11333	0.128
15.11500	0.138
15.11667	0.137
15.11833	0.123
15.12000	0.131
15.12167	0.142
15.12333	0.137
15.12500	0.122
15.12667	0.127
15.12833	0.135
15.13000	0.134
15.13167	0.119
15.13333	0.126
15.13500	0.139
15.13667	0.138
15.13833	0.126
15.14000	0.131
15.14167	0.146
15.14333	0.145
15.14500	0.132
15.14667	0.138
15.14833	0.147
15.15000	0.143
15.15167	0.127
15.15333	0.131
15.15500	0.144
15.15667	0.146
15.15833	0.133
15.16000	0.135
15.16167	0.148
15.16333	0.148
15.16500	0.137
15.16667	0.134
15.16833	0.146
15.17000	0.150
15.17167	0.137
15.17333	0.136
15.17500	0.150
15.17667	0.150
15.17833	0.141
15.18000	0.137
15.18167	0.150
15.18333	0.154
15.18500	0.144
15.18667	0.144
15.18833	0.160
15.19000	0.162
15.19167	0.149
15.19333	0.147
15.19500	0.163
15.19667	0.170
15.19833	0.163
15.20000	0.155
15.20167	0.168
15.20333	0.169
15.20500	0.158
15.20667	0.156
15.20833	0.170
15.21000	0.178
15.21167	0.171
15.21333	0.164
15.21500	0.178
15.21667	0.180
15.21833	0.169
15.22000	0.164
15.22167	0.180
15.22333	0.188
15.22500	0.181
15.22667	0.175
15.22833	0.192
15.23000	0.199
15.23167	0.190
15.23333	0.185
15.23500	0.203
15.23667	0.212
15.23833	0.206
15.24000	0.202
15.24167	0.220
15.24333	0.229
15.24500	0.224
15.24667	0.217
15.24833	0.237
15.25000	0.248
15.25167	0.242
15.25333	0.232
15.25500	0.252
15.25667	0.262
15.25833	0.259
15.26000	0.261
15.26167	0.283
15.26333	0.296
15.26500	0.294
15.26667	0.286
15.26833	0.306
15.27000	0.317
15.27167	0.315
15.27333	0.311
15.27500	0.333
15.27667	0.347
15.27833	0.347
15.28000	0.344
15.28167	0.365
15.28333	0.379
15.28500	0.381
15.28667	0.374
15.28833	0.394
15.29000	0.413
15.29167	0.416
15.29333	0.409
15.29500	0.432
15.29667	0.453
15.29833	0.461
15.30000	0.460
15.30167	0.480
15.30333	0.500
15.30500	0.507
15.30667	0.511
15.30833	0.538
15.31000	0.564
15.31167	0.577
15.31333	0.577
15.31500	0.599
15.31667	0.625
15.31833	0.640
15.32000	0.643
15.32167	0.666
15.32333	0.692
15.32500	0.709
15.32667	0.713
15.32833	0.735
15.33000	0.764
15.33167	0.780
15.33333	0.787
15.33500	0.811
15.33667	0.847
15.33833	0.868
15.34000	0.878
15.34167	0.903
15.34333	0.939
15.34500	0.960
15.34667	0.970
15.34833	1.001
15.35000	1.038
15.35167	1.061
15.35333	1.075
15.35500	1.106
15.35667	1.150
15.35833	1.182
15.36000	1.203
15.36167	1.235
15.36333	1.283
15.36500	1.317
15.36667	1.340
15.36833	1.373
15.37000	1.426
15.37167	1.461
15.37333	1.485
15.37500	1.519
15.37667	1.567
15.37833	1.608
15.38000	1.637
15.38167	1.676
15.38333	1.732
15.38500	1.776
15.38667	1.809
15.38833	1.850
15.39000	1.909
15.39167	1.957
15.39333	1.994
15.39500	2.040
15.39667	2.105
15.39833	2.153
15.40000	2.195
15.40167	2.245
15.40333	2.312
15.40500	2.368
15.40667	2.407
15.40833	2.453
15.41000	2.526
15.41167	2.588
15.41333	2.640
15.41500	2.695
15.41667	2.768
15.41833	2.831
15.42000	2.886
15.42167	2.947
15.42333	3.027
15.42500	3.097
15.42667	3.155
15.42833	3.216
15.43000	3.300
15.43167	3.378
15.43333	3.443
15.43500	3.507
15.43667	3.598
15.43833	3.676
15.44000	3.745
15.44167	3.815
15.44333	3.909
15.44500	3.997
15.44667	4.070
15.44833	4.141
15.45000	4.237
15.45167	4.325
15.45333	4.399
15.45500	4.472
15.45667	4.574
15.45833	4.669
15.46000	4.751
15.46167	4.831
15.46333	4.937
15.46500	5.037
15.46667	5.125
15.46833	5.211
15.47000	5.320
15.47167	5.423
15.47333	5.518
15.47500	5.608
15.47667	5.723
15.47833	5.831
15.48000	5.929
15.48167	6.022
15.48333	6.138
15.48500	6.258
15.48667	6.360
15.48833	6.457
15.49000	6.575
15.49167	6.692
15.49333	6.797
15.49500	6.900
15.49667	7.024
15.49833	7.152
15.50000	7.265
15.50167	7.372
15.50333	7.501
15.50500	7.629
15.50667	7.743
15.50833	7.851
15.51000	7.981
15.51167	8.115
15.51333	8.233
15.51500	8.347
15.51667	8.480
15.51833	8.616
15.52000	8.736
15.52167	8.849
15.52333	8.984
15.52500	9.126
15.52667	9.254
15.52833	9.373
15.53000	9.510
15.53167	9.652
15.53333	9.781
15.53500	9.905
15.53667	10.045
15.53833	10.194
15.54000	10.328
15.54167	10.454
15.54333	10.595
15.54500	10.740
15.54667	10.872
15.54833	10.995
15.55000	11.133
15.55167	11.281
15.55333	11.416
15.55500	11.544
15.55667	11.684
15.55833	11.833
15.56000	11.971
15.56167	12.100
15.56333	12.243
15.56500	12.398
15.56667	12.538
15.56833	12.665
15.57000	12.806
15.57167	12.957
15.57333	13.099
15.57500	13.226
15.57667	13.364
15.57833	13.517
15.58000	13.655
15.58167	13.781
15.58333	13.918
15.58500	14.065
15.58667	14.203
15.58833	14.330
15.59000	14.466
15.59167	14.617
15.59333	14.757
15.59500	14.878
15.59667	15.012
15.59833	15.158
15.60000	15.288
15.60167	15.407
15.60333	15.536
15.60500	15.684
15.60667	15.815
15.60833	15.933
15.61000	16.061
15.61167	16.204
15.61333	16.336
15.61500	16.456
15.61667	16.579
15.61833	16.713
15.62000	16.836
15.62167	16.948
15.62333	17.065
15.62500	17.199
15.62667	17.322
15.62833	17.428
15.63000	17.540
15.63167	17.670
15.63333	17.790
15.63500	17.892
15.63667	18.002
15.63833	18.131
15.64000	18.247
15.64167	18.348
15.64333	18.448
15.64500	18.567
15.64667	18.668
15.64833	18.760
15.65000	18.856
15.65167	18.967
15.65333	19.074
15.65500	19.161
15.65667	19.250
15.65833	19.357
15.66000	19.452
15.66167	19.532
15.66333	19.610
15.66500	19.707
15.66667	19.798
15.66833	19.871
15.67000	19.944
15.67167	20.032
15.67333	20.117
15.67500	20.186
15.67667	20.251
15.67833	20.338
15.68000	20.414
15.68167	20.474
15.68333	20.529
15.68500	20.603
15.68667	20.670
15.68833	20.719
15.69000	20.768
15.69167	20.834
15.69333	20.896
15.69500	20.941
15.69667	20.981
15.69833	21.041
15.70000	21.094
15.70167	21.132
15.70333	21.159
15.70500	21.210
15.70667	21.257
15.70833	21.287
15.71000	21.309
15.71167	21.351
15.71333	21.388
15.71500	21.407
15.71667	21.423
15.71833	21.456
15.72000	21.488
15.72167	21.499
15.72333	21.500
15.72500	21.524
15.72667	21.547
15.72833	21.555
15.73000	21.551
15.73167	21.563
15.73333	21.577
15.73500	21.575
15.73667	21.564
15.73833	21.570
15.74000	21.579
15.74167	21.570
15.74333	21.546
15.74500	21.541
15.74667	21.540
15.74833	21.526
15.75000	21.499
15.75167	21.487
15.75333	21.478
15.75500	21.453
15.75667	21.415
15.75833	21.395
15.76000	21.379
15.76167	21.346
15.76333	21.303
15.76500	21.273
15.76667	21.248
15.76833	21.208
15.77000	21.156
15.77167	21.115
15.77333	21.086
15.77500	21.040
15.77667	20.981
15.77833	20.937
15.78000	20.897
15.78167	20.846
15.78333	20.781
15.78500	20.732
15.78667	20.690
15.78833	20.631
15.79000	20.558
15.79167	20.500
15.79333	20.448
15.79500	20.384
15.79667	20.310
15.79833	20.245
15.80000	20.187
15.80167	20.115
15.80333	20.031
15.80500	19.960
15.80667	19.899
15.80833	19.825
15.81000	19.733
15.81167	19.657
15.81333	19.590
15.81500	19.514
15.81667	19.420
15.81833	19.334
15.82000	19.262
15.82167	19.179
15.82333	19.080
15.82500	18.990
15.82667	18.915
15.82833	18.832
15.83000	18.730
15.83167	18.635
15.83333	18.557
15.83500	18.465
15.83667	18.358
15.83833	18.258
15.84000	18.177
15.84167	18.086
15.84333	17.977
15.84500	17.873
15.84667	17.791
15.84833	17.696
15.85000	17.586
15.85167	17.479
15.85333	17.389
15.85500	17.291
15.85667	17.178
15.85833	17.068
15.86000	16.977
15.86167	16.877
15.86333	16.761
15.86500	16.648
15.86667	16.557
15.86833	16.457
15.87000	16.342
15.87167	16.227
15.87333	16.132
15.87500	16.030
15.87667	15.914
15.87833	15.797
15.88000	15.700
15.88167	15.596
15.88333	15.476
15.88500	15.358
15.88667	15.263
15.88833	15.156
15.89000	15.038
15.89167	14.920
15.89333	14.823
15.89500	14.720
15.89667	14.602
15.89833	14.483
15.90000	14.387
15.90167	14.280
15.90333	14.165
15.90500	14.044
15.90667	13.946
15.90833	13.843
15.91000	13.727
15.91167	13.608
15.91333	13.508
15.91500	13.407
15.91667	13.292
15.91833	13.168
15.92000	13.068
15.92167	12.966
15.92333	12.854
15.92500	12.737
15.92667	12.636
15.92833	12.534
15.93000	12.421
15.93167	12.304
15.93333	12.210
15.93500	12.109
15.93667	11.993
15.93833	11.872
15.94000	11.778
15.94167	11.685
15.94333	11.575
15.94500	11.458
15.94667	11.361
15.94833	11.269
15.95000	11.163
15.95167	11.045
15.95333	10.952
15.95500	10.860
15.95667	10.754
15.95833	10.641
15.96000	10.547
15.96167	10.454
15.96333	10.351
15.96500	10.234
15.96667	10.141
15.96833	10.054
15.97000	9.954
15.97167	9.845
15.97333	9.760
15.97500	9.676
15.97667	9.577
15.97833	9.470
15.98000	9.383
15.98167	9.300
15.98333	9.203
15.98500	9.096
15.98667	9.012
15.98833	8.932
15.99000	8.842
15.99167	8.741
15.99333	8.657
15.99500	8.583
15.99667	8.492
15.99833	8.389
16.00000	8.307
16.00167	8.235
16.00333	8.148
16.00500	8.049
16.00667	7.964
16.00833	7.894
16.01000	7.808
16.01167	7.712
16.01333	7.632
16.01500	7.569
16.01667	7.492
16.01833	7.402
16.02000	7.322
16.02167	7.254
16.02333	7.174
16.02500	7.083
16.02667	7.008
16.02833	6.949
16.03000	6.877
16.03167	6.793
16.03333	6.716
16.03500	6.655
16.03667	6.583
16.03833	6.500
16.04000	6.423
16.04167	6.365
16.04333	6.299
16.04500	6.220
16.04667	6.149
16.04833	6.097
16.05000	6.031
16.05167	5.951
16.05333	5.879
16.05500	5.830
16.05667	5.772
16.05833	5.698
16.06000	5.631
16.06167	5.583
16.06333	5.523
16.06500	5.452
16.06667	5.382
16.06833	5.336
16.07000	5.279
16.07167	5.210
16.07333	5.146
16.07500	5.106
16.07667	5.052
16.07833	4.985
16.08000	4.919
16.08167	4.881
16.08333	4.833
16.08500	4.768
16.08667	4.701
16.08833	4.662
16.09000	4.613
16.09167	4.552
16.09333	4.489
16.09500	4.453
16.09667	4.407
16.09833	4.349
16.10000	4.291
16.10167	4.257
16.10333	4.216
16.10500	4.160
16.10667	4.098
16.10833	4.063
16.11000	4.022
16.11167	3.968
16.11333	3.913
16.11500	3.881
16.11667	3.846
16.11833	3.798
16.12000	3.746
16.12167	3.715
16.12333	3.679
16.12500	3.631
16.12667	3.574
16.12833	3.545
16.13000	3.513
16.13167	3.469
16.13333	3.421
16.13500	3.395
16.13667	3.364
16.13833	3.322
16.14000	3.270
16.14167	3.243
16.14333	3.215
16.14500	3.175
16.14667	3.128
16.14833	3.105
16.15000	3.077
16.15167	3.038
16.15333	2.993
16.15500	2.973
16.15667	2.951
16.15833	2.914
16.16000	2.870
16.16167	2.847
16.16333	2.827
16.16500	2.794
16.16667	2.749
16.16833	2.728
16.17000	2.709
16.17167	2.679
16.17333	2.635
16.17500	2.611
16.17667	2.598
16.17833	2.566
16.18000	2.523
16.18167	2.498
16.18333	2.482
16.18500	2.455
16.18667	2.418
16.18833	2.397
16.19000	2.384
16.19167	2.356
16.19333	2.320
16.19500	2.298
16.19667	2.288
16.19833	2.266
16.20000	2.232
16.20167	2.212
16.20333	2.200
16.20500	2.176
16.20667	2.141
16.20833	2.120
16.21000	2.114
16.21167	2.096
16.21333	2.065
16.21500	2.045
16.21667	2.041
16.21833	2.019
16.22000	1.985
16.22167	1.963
16.22333	1.958
16.22500	1.940
16.22667	1.910
16.22833	1.889
16.23000	1.881
16.23167	1.857
16.23333	1.826
16.23500	1.803
16.23667	1.800
16.23833	1.787
16.24000	1.761
16.24167	1.737
16.24333	1.735
16.24500	1.717
16.24667	1.692
16.24833	1.673
16.25000	1.675
16.25167	1.662
16.25333	1.637
16.25500	1.617
16.25667	1.613
16.25833	1.600
16.26000	1.575
16.26167	1.553
16.26333	1.552
16.26500	1.542
16.26667	1.519
16.26833	1.499
16.27000	1.504
16.27167	1.494
16.27333	1.471
16.27500	1.450
16.27667	1.450
16.27833	1.443
16.28000	1.423
16.28167	1.404
16.28333	1.405
16.28500	1.394
16.28667	1.374
16.28833	1.354
16.29000	1.357
16.29167	1.355
16.29333	1.335
16.29500	1.315
16.29667	1.318
16.29833	1.308
16.30000	1.286
16.30167	1.265
16.30333	1.270
16.30500	1.271
16.30667	1.253
16.30833	1.234
16.31000	1.239
16.31167	1.236
16.31333	1.217
16.31500	1.195
16.31667	1.196
16.31833	1.194
16.32000	1.178
16.32167	1.159
16.32333	1.165
16.32500	1.163
16.32667	1.144
16.32833	1.126
16.33000	1.132
16.33167	1.132
16.33333	1.116
16.33500	1.096
16.33667	1.100
16.33833	1.103
16.34000	1.087
16.34167	1.066
16.34333	1.070
16.34500	1.068
16.34667	1.051
16.34833	1.031
16.35000	1.034
16.35167	1.040
16.35333	1.029
16.35500	1.011
16.35667	1.014
16.35833	1.018
16.36000	1.007
16.36167	0.986
16.36333	0.987
16.36500	0.994
16.36667	0.982
16.36833	0.960
16.37000	0.956
16.37167	0.960
16.37333	0.948
16.37500	0.930
16.37667	0.930
16.37833	0.937
16.38000	0.928
16.38167	0.913
16.38333	0.912
16.38500	0.920
16.38667	0.912
16.38833	0.895
16.39000	0.894
16.39167	0.901
16.39333	0.891
16.39500	0.874
16.39667	0.873
16.39833	0.881
16.40000	0.873
16.40167	0.852
16.40333	0.848
16.40500	0.858
16.40667	0.854
16.40833	0.838
16.41000	0.835
16.41167	0.840
16.41333	0.834
16.41500	0.820
16.41667	0.816
16.41833	0.826
16.42000	0.819
16.42167	0.803
16.42333	0.796
16.42500	0.803
16.42667	0.799
16.42833	0.789
16.43000	0.785
16.43167	0.793
16.43333	0.793
16.43500	0.779
16.43667	0.771
16.43833	0.778
16.44000	0.774
16.44167	0.757
16.44333	0.751
16.44500	0.759
16.44667	0.756
16.44833	0.741
16.45000	0.734
16.45167	0.747
16.45333	0.746
16.45500	0.732
16.45667	0.723
16.45833	0.728
16.46000	0.726
16.46167	0.710
16.46333	0.702
16.46500	0.713
16.46667	0.714
16.46833	0.698
16.47000	0.687
16.47167	0.697
16.47333	0.695
16.47500	0.682
16.47667	0.675
16.47833	0.687
16.48000	0.693
16.48167	0.681
16.48333	0.669
16.48500	0.678
16.48667	0.677
16.48833	0.658
16.49000	0.642
16.49167	0.649
16.49333	0.654
16.49500	0.646
16.49667	0.637
16.49833	0.649
16.50000	0.649
16.50167	0.638
16.50333	0.628
16.50500	0.636
16.50667	0.637
16.50833	0.624
16.51000	0.612
16.51167	0.619
16.51333	0.623
16.51500	0.616
16.51667	0.606
16.51833	0.615
16.52000	0.615
16.52167	0.605
16.52333	0.592
16.52500	0.597
16.52667	0.605
16.52833	0.599
16.53000	0.586
16.53167	0.589
16.53333	0.591
16.53500	0.579
16.53667	0.568
16.53833	0.575
16.54000	0.583
16.54167	0.578
16.54333	0.567
16.54500	0.574
16.54667	0.582
16.54833	0.576
16.55000	0.566
16.55167	0.576
16.55333	0.585
16.55500	0.575
16.55667	0.560
16.55833	0.567
16.56000	0.570
16.56167	0.560
16.56333	0.546
16.56500	0.554
16.56667	0.557
16.56833	0.546
16.57000	0.532
16.57167	0.536
16.57333	0.541
16.57500	0.533
16.57667	0.523
16.57833	0.529
16.58000	0.537
16.58167	0.529
16.58333	0.517
16.58500	0.520
16.58667	0.528
16.58833	0.524
16.59000	0.511
16.59167	0.513
16.59333	0.522
16.59500	0.519
16.59667	0.506
16.59833	0.508
16.60000	0.515
16.60167	0.509
16.60333	0.491
16.60500	0.498
16.60667	0.509
16.60833	0.509
16.61000	0.494
16.61167	0.497
16.61333	0.503
16.61500	0.497
16.61667	0.484
16.61833	0.486
16.62000	0.494
16.62167	0.490
16.62333	0.474
16.62500	0.474
16.62667	0.482
16.62833	0.475
16.63000	0.462
16.63167	0.464
16.63333	0.474
16.63500	0.474
16.63667	0.463
16.63833	0.464
16.64000	0.472
16.64167	0.470
16.64333	0.454
16.64500	0.452
16.64667	0.461
16.64833	0.463
16.65000	0.449
16.65167	0.449
16.65333	0.458
16.65500	0.453
16.65667	0.436
16.65833	0.433
16.66000	0.444
16.66167	0.447
16.66333	0.436
16.66500	0.438
16.66667	0.450
16.66833	0.445
16.67000	0.430
16.67167	0.426
16.67333	0.436
16.67500	0.436
16.67667	0.425
16.67833	0.421
16.68000	0.429
16.68167	0.432
16.68333	0.424
16.68500	0.422
16.68667	0.437
16.68833	0.440
16.69000	0.429
16.69167	0.423
16.69333	0.433
16.69500	0.434
16.69667	0.420
16.69833	0.410
16.70000	0.424
16.70167	0.428
16.70333	0.415
16.70500	0.407
16.70667	0.420
16.70833	0.424
16.71000	0.414
16.71167	0.406
16.71333	0.419
16.71500	0.424
16.71667	0.412
16.71833	0.400
16.72000	0.409
16.72167	0.410
16.72333	0.397
16.72500	0.385
16.72667	0.399
16.72833	0.403
16.73000	0.392
16.73167	0.381
16.73333	0.391
16.73500	0.393
16.73667	0.384
16.73833	0.372
16.74000	0.381
16.74167	0.386
16.74333	0.375
16.74500	0.368
16.74667	0.379
16.74833	0.386
16.75000	0.379
16.75167	0.366
16.75333	0.375
16.75500	0.382
16.75667	0.373
16.75833	0.359
16.76000	0.366
16.76167	0.370
16.76333	0.365
16.76500	0.350
16.76667	0.360
16.76833	0.368
16.77000	0.361
16.77167	0.347
16.77333	0.356
16.77500	0.363
16.77667	0.357
16.77833	0.343
16.78000	0.350
16.78167	0.357
16.78333	0.353
16.78500	0.342
16.78667	0.353
16.78833	0.358
16.79000	0.349
16.79167	0.333
16.79333	0.343
16.79500	0.353
16.79667	0.349
16.79833	0.332
16.80000	0.341
16.80167	0.350
16.80333	0.345
16.80500	0.332
16.80667	0.340
16.80833	0.349
16.81000	0.347
16.81167	0.329
16.81333	0.334
16.81500	0.345
16.81667	0.341
16.81833	0.326
16.82000	0.329
16.82167	0.335
16.82333	0.330
16.82500	0.316
16.82667	0.320
16.82833	0.330
16.83000	0.325
16.83167	0.310
16.83333	0.316
16.83500	0.325
16.83667	0.328
16.83833	0.314
16.84000	0.320
16.84167	0.331
16.84333	0.326
16.84500	0.308
16.84667	0.312
16.84833	0.326
16.85000	0.326
16.85167	0.311
16.85333	0.311
16.85500	0.317
16.85667	0.315
16.85833	0.301
16.86000	0.304
16.86167	0.319
16.86333	0.318
16.86500	0.303
16.86667	0.303
16.86833	0.314
16.87000	0.314
16.87167	0.302
16.87333	0.302
16.87500	0.313
16.87667	0.314
16.87833	0.301
16.88000	0.299
16.88167	0.309
16.88333	0.308
16.88500	0.295
16.88667	0.290
16.88833	0.306
16.89000	0.310
16.89167	0.298
16.89333	0.290
16.89500	0.301
16.89667	0.301
16.89833	0.290
16.90000	0.285
16.90167	0.302
16.90333	0.308
16.90500	0.297
16.90667	0.288
16.90833	0.297
16.91000	0.297
16.91167	0.285
16.91333	0.279
16.91500	0.297
16.91667	0.298
16.91833	0.284
16.92000	0.276
16.92167	0.290
16.92333	0.295
16.92500	0.286
16.92667	0.278
16.92833	0.291
16.93000	0.297
16.93167	0.285
16.93333	0.272
16.93500	0.286
16.93667	0.295
16.93833	0.287
16.94000	0.273
16.94167	0.284
16.94333	0.286
16.94500	0.278
16.94667	0.266
16.94833	0.278
16.95000	0.281
16.95167	0.275
16.95333	0.265
16.95500	0.277
16.95667	0.283
16.95833	0.272
16.96000	0.261
16.96167	0.275
16.96333	0.281
16.96500	0.274
16.96667	0.262
16.96833	0.277
16.97000	0.282
16.97167	0.276
16.97333	0.260
16.97500	0.268
16.97667	0.274
16.97833	0.267
16.98000	0.252
16.98167	0.262
16.98333	0.267
16.98500	0.262
16.98667	0.248
16.98833	0.260
16.99000	0.271
16.99167	0.265
16.99333	0.251
16.99500	0.258
16.99667	0.264
16.99833	0.260
17.00000	0.247
17.00167	0.256
17.00333	0.264
17.00500	0.262
17.00667	0.247
17.00833	0.254
17.01000	0.263
17.01167	0.263
17.01333	0.249
17.01500	0.254
17.01667	0.264
17.01833	0.259
17.02000	0.243
17.02167	0.248
17.02333	0.256
17.02500	0.253
17.02667	0.241
17.02833	0.245
17.03000	0.257
17.03167	0.255
17.03333	0.242
17.03500	0.246
17.03667	0.256
17.03833	0.252
17.04000	0.237
17.04167	0.237
17.04333	0.251
17.04500	0.246
17.04667	0.229
17.04833	0.233
17.05000	0.246
17.05167	0.244
17.05333	0.232
17.05500	0.235
17.05667	0.249
17.05833	0.250
17.06000	0.238
17.06167	0.238
17.06333	0.251
17.06500	0.252
17.06667	0.238
17.06833	0.235
17.07000	0.247
17.07167	0.251
17.07333	0.239
17.07500	0.229
17.07667	0.239
17.07833	0.239
17.08000	0.228
17.08167	0.229
17.08333	0.246
17.08500	0.250
17.08667	0.239
17.08833	0.233
17.09000	0.247
17.09167	0.248
17.09333	0.235
17.09500	0.230
17.09667	0.245
17.09833	0.243
17.10000	0.228
17.10167	0.222
17.10333	0.233
17.10500	0.232
17.10667	0.224
17.10833	0.215
17.11000	0.233
17.11167	0.239
17.11333	0.231
17.11500	0.224
17.11667	0.236
17.11833	0.234
17.12000	0.221
17.12167	0.214
17.12333	0.230
17.12500	0.237
17.12667	0.230
17.12833	0.220
17.13000	0.233
17.13167	0.239
17.13333	0.232
17.13500	0.222
17.13667	0.239
17.13833	0.240
17.14000	0.233
17.14167	0.225
17.14333	0.238
17.14500	0.245
17.14667	0.237
17.14833	0.228
17.15000	0.239
17.15167	0.241
17.15333	0.234
17.15500	0.229
17.15667	0.243
17.15833	0.249
17.16000	0.241
17.16167	0.228
17.16333	0.242
17.16500	0.247
17.16667	0.236
17.16833	0.225
17.17000	0.237
17.17167	0.240
17.17333	0.233
17.17500	0.221
17.17667	0.229
17.17833	0.237
17.18000	0.231
17.18167	0.219
17.18333	0.227
17.18500	0.235
17.18667	0.228
17.18833	0.215
17.19000	0.225
17.19167	0.230
17.19333	0.221
17.19500	0.206
17.19667	0.214
17.19833	0.222
17.20000	0.218
17.20167	0.208
17.20333	0.217
17.20500	0.226
17.20667	0.219
17.20833	0.206
17.21000	0.212
17.21167	0.222
17.21333	0.216
17.21500	0.203
17.21667	0.207
17.21833	0.220
17.22000	0.218
17.22167	0.208
17.22333	0.215
17.22500	0.224
17.22667	0.216
17.22833	0.203
17.23000	0.208
17.23167	0.218
17.23333	0.213
17.23500	0.202
17.23667	0.208
17.23833	0.219
17.24000	0.213
17.24167	0.204
17.24333	0.208
17.24500	0.219
17.24667	0.218
17.24833	0.205
17.25000	0.209
17.25167	0.219
17.25333	0.216
17.25500	0.204
17.25667	0.203
17.25833	0.217
17.26000	0.217
17.26167	0.205
17.26333	0.204
17.26500	0.213
17.26667	0.213
17.26833	0.197
17.27000	0.194
17.27167	0.207
17.27333	0.205
17.27500	0.191
17.27667	0.188
17.27833	0.200
17.28000	0.199
17.28167	0.190
17.28333	0.190
17.28500	0.206
17.28667	0.207
17.28833	0.196
17.29000	0.194
17.29167	0.206
17.29333	0.208
17.29500	0.198
17.29667	0.195
17.29833	0.206
17.30000	0.208
17.30167	0.197
17.30333	0.196
17.30500	0.211
17.30667	0.215
17.30833	0.202
17.31000	0.197
17.31167	0.210
17.31333	0.211
17.31500	0.199
17.31667	0.190
17.31833	0.200
17.32000	0.208
17.32167	0.201
17.32333	0.198
17.32500	0.212
17.32667	0.215
17.32833	0.207
17.33000	0.200
17.33167	0.210
17.33333	0.211
17.33500	0.199
17.33667	0.189
17.33833	0.202
17.34000	0.206
17.34167	0.196
17.34333	0.189
17.34500	0.204
17.34667	0.211
17.34833	0.199
17.35000	0.190
17.35167	0.202
17.35333	0.208
17.35500	0.197
17.35667	0.191
17.35833	0.207
17.36000	0.214
17.36167	0.206
17.36333	0.193
17.36500	0.203
17.36667	0.210
17.36833	0.202
17.37000	0.191
17.37167	0.201
17.37333	0.206
17.37500	0.196
17.37667	0.185
17.37833	0.193
17.38000	0.198
17.38167	0.194
17.38333	0.185
17.38500	0.194
17.38667	0.202
17.38833	0.195
17.39000	0.188
17.39167	0.199
17.39333	0.205
17.39500	0.200
17.39667	0.188
17.39833	0.196
17.40000	0.205
17.40167	0.199
17.40333	0.188
17.40500	0.198
17.40667	0.205
17.40833	0.197
17.41000	0.186
17.41167	0.189
17.41333	0.198
17.41500	0.194
17.41667	0.182
17.41833	0.189
17.42000	0.200
17.42167	0.195
17.42333	0.182
17.42500	0.190
17.42667	0.200
17.42833	0.193
17.43000	0.177
17.43167	0.186
17.43333	0.198
17.43500	0.193
17.43667	0.181
17.43833	0.187
17.44000	0.198
17.44167	0.195
17.44333	0.183
17.44500	0.187
17.44667	0.199
17.44833	0.196
17.45000	0.185
17.45167	0.191
17.45333	0.201
17.45500	0.198
17.45667	0.184
17.45833	0.189
17.46000	0.201
17.46167	0.198
17.46333	0.183
17.46500	0.183
17.46667	0.195
17.46833	0.194
17.47000	0.180
17.47167	0.184
17.47333	0.196
17.47500	0.196
17.47667	0.184
17.47833	0.188
17.48000	0.204
17.48167	0.204
17.48333	0.188
17.48500	0.189
17.48667	0.199
17.48833	0.199
17.49000	0.186
17.49167	0.187
17.49333	0.199
17.49500	0.200
17.49667	0.184
17.49833	0.184
17.50000	0.195
17.50167	0.196
17.50333	0.185
17.50500	0.183
17.50667	0.194
17.50833	0.193
17.51000	0.182
17.51167	0.183
17.51333	0.193
17.51500	0.197
17.51667	0.187
17.51833	0.187
17.52000	0.200
17.52167	0.204
17.52333	0.192
17.52500	0.189
17.52667	0.201
17.52833	0.201
17.53000	0.187
17.53167	0.182
17.53333	0.192
17.53500	0.194
17.53667	0.180
17.53833	0.178
17.54000	0.193
17.54167	0.197
17.54333	0.188
17.54500	0.182
17.54667	0.195
17.54833	0.200
17.55000	0.189
17.55167	0.180
17.55333	0.195
17.55500	0.197
17.55667	0.184
17.55833	0.174
17.56000	0.188
17.56167	0.191
17.56333	0.182
17.56500	0.173
17.56667	0.188
17.56833	0.191
17.57000	0.185
17.57167	0.175
17.57333	0.185
17.57500	0.191
17.57667	0.181
17.57833	0.171
17.58000	0.185
17.58167	0.191
17.58333	0.184
17.58500	0.177
17.58667	0.190
17.58833	0.196
17.59000	0.188
17.59167	0.172
17.59333	0.182
17.59500	0.191
17.59667	0.188
17.59833	0.177
17.60000	0.183
17.60167	0.190
17.60333	0.184
17.60500	0.170
17.60667	0.180
17.60833	0.188
17.61000	0.183
17.61167	0.175
17.61333	0.189
17.61500	0.198
17.61667	0.190
17.61833	0.177
17.62000	0.188
17.62167	0.196
17.62333	0.189
17.62500	0.171
17.62667	0.181
17.62833	0.194
17.63000	0.188
17.63167	0.174
17.63333	0.183
17.63500	0.192
17.63667	0.191
17.63833	0.179
17.64000	0.187
17.64167	0.194
17.64333	0.188
17.64500	0.172
17.64667	0.183
17.64833	0.191
17.65000	0.188
17.65167	0.175
17.65333	0.186
17.65500	0.196
17.65667	0.190
17.65833	0.170
17.66000	0.178
17.66167	0.191
17.66333	0.188
17.66500	0.171
17.66667	0.177
17.66833	0.188
17.67000	0.184
17.67167	0.171
17.67333	0.179
17.67500	0.190
17.67667	0.188
17.67833	0.173
17.68000	0.182
17.68167	0.195
17.68333	0.196
17.68500	0.181
17.68667	0.186
17.68833	0.199
17.69000	0.194
17.69167	0.177
17.69333	0.178
17.69500	0.191
17.69667	0.191
17.69833	0.178
17.70000	0.179
17.70167	0.187
17.70333	0.184
17.70500	0.167
17.70667	0.167
17.70833	0.179
17.71000	0.183
17.71167	0.171
17.71333	0.173
17.71500	0.184
17.71667	0.182
17.71833	0.167
17.72000	0.166
17.72167	0.178
17.72333	0.178
17.72500	0.166
17.72667	0.163
17.72833	0.177
17.73000	0.179
17.73167	0.170
17.73333	0.166
17.73500	0.175
17.73667	0.175
17.73833	0.165
17.74000	0.162
17.74167	0.180
17.74333	0.187
17.74500	0.177
17.74667	0.169
17.74833	0.181
17.75000	0.184
17.75167	0.173
17.75333	0.165
17.75500	0.177
17.75667	0.181
17.75833	0.172
17.76000	0.167
17.76167	0.180
17.76333	0.187
17.76500	0.178
17.76667	0.169
17.76833	0.181
17.77000	0.186
17.77167	0.177
17.77333	0.167
17.77500	0.181
17.77667	0.183
17.77833	0.172
17.78000	0.164
17.78167	0.181
17.78333	0.187
17.78500	0.176
17.78667	0.162
17.78833	0.177
17.79000	0.181
17.79167	0.173
17.79333	0.163
17.79500	0.176
17.79667	0.182
17.79833	0.177
17.80000	0.166
17.80167	0.181
17.80333	0.186
17.80500	0.177
17.80667	0.164
17.80833	0.181
17.81000	0.185
17.81167	0.179
17.81333	0.169
17.81500	0.180
17.81667	0.185
17.81833	0.178
17.82000	0.169
17.82167	0.184
17.82333	0.192
17.82500	0.187
17.82667	0.175
17.82833	0.186
17.83000	0.192
17.83167	0.186
17.83333	0.173
17.83500	0.185
17.83667	0.195
17.83833	0.189
17.84000	0.171
17.84167	0.181
17.84333	0.190
17.84500	0.182
17.84667	0.169
17.84833	0.179
17.85000	0.185
17.85167	0.184
17.85333	0.171
17.85500	0.181
17.85667	0.189
17.85833	0.187
17.86000	0.175
17.86167	0.181
17.86333	0.190
17.86500	0.187
17.86667	0.173
17.86833	0.177
17.87000	0.188
17.87167	0.182
17.87333	0.168
17.87500	0.176
17.87667	0.191
17.87833	0.190
17.88000	0.178
17.88167	0.179
17.88333	0.189
17.88500	0.183
17.88667	0.169
17.88833	0.174
17.89000	0.188
17.89167	0.187
17.89333	0.173
17.89500	0.174
17.89667	0.183
17.89833	0.180
17.90000	0.167
17.90167	0.171
17.90333	0.185
17.90500	0.183
17.90667	0.171
17.90833	0.169
17.91000	0.183
17.91167	0.183
17.91333	0.172
17.91500	0.170
17.91667	0.179
17.91833	0.180
17.92000	0.173
17.92167	0.172
17.92333	0.184
17.92500	0.178
17.92667	0.161
17.92833	0.160
17.93000	0.174
17.93167	0.174
17.93333	0.162
17.93500	0.160
17.93667	0.174
17.93833	0.175
17.94000	0.165
17.94167	0.162
17.94333	0.175
17.94500	0.175
17.94667	0.163
17.94833	0.157
17.95000	0.174
17.95167	0.176
17.95333	0.161
17.95500	0.154
17.95667	0.170
17.95833	0.174
17.96000	0.164
17.96167	0.161
17.96333	0.174
17.96500	0.177
17.96667	0.168
17.96833	0.159
17.97000	0.175
17.97167	0.178
17.97333	0.170
17.97500	0.162
17.97667	0.173
17.97833	0.175
17.98000	0.166
17.98167	0.159
17.98333	0.177
17.98500	0.180
17.98667	0.173
17.98833	0.163
17.99000	0.173
17.99167	0.175
17.99333	0.168
17.99500	0.160
17.99667	0.172
17.99833	0.173
18.00000	0.164
18.00167	0.156
18.00333	0.174
18.00500	0.180
18.00667	0.172
18.00833	0.159
18.01000	0.173
18.01167	0.180
18.01333	0.171
18.01500	0.159
18.01667	0.168
18.01833	0.172
18.02000	0.166
18.02167	0.155
18.02333	0.167
18.02500	0.173
18.02667	0.164
18.02833	0.152
18.03000	0.164
18.03167	0.173
18.03333	0.166
18.03500	0.159
18.03667	0.173
18.03833	0.183
18.04000	0.173
18.04167	0.160
18.04333	0.171
18.04500	0.179
18.04667	0.175
18.04833	0.164
18.05000	0.173
18.05167	0.183
18.05333	0.176
18.05500	0.159
18.05667	0.165
18.05833	0.174
18.06000	0.173
18.06167	0.163
18.06333	0.169
18.06500	0.184
18.06667	0.182
18.06833	0.169
18.07000	0.174
18.07167	0.186
18.07333	0.184
18.07500	0.172
18.07667	0.176
18.07833	0.188
18.08000	0.184
18.08167	0.171
18.08333	0.175
18.08500	0.184
18.08667	0.179
18.08833	0.165
18.09000	0.172
18.09167	0.180
18.09333	0.172
18.09500	0.160
18.09667	0.164
18.09833	0.181
18.10000	0.179
18.10167	0.167
18.10333	0.169
18.10500	0.178
18.10667	0.175
18.10833	0.162
18.11000	0.161
18.11167	0.174
18.11333	0.171
18.11500	0.159
18.11667	0.160
18.11833	0.171
18.12000	0.171
18.12167	0.163
18.12333	0.160
18.12500	0.172
18.12667	0.174
18.12833	0.163
18.13000	0.162
18.13167	0.175
18.13333	0.176
18.13500	0.168
18.13667	0.163
18.13833	0.177
18.14000	0.179
18.14167	0.167
18.14333	0.163
18.14500	0.177
18.14667	0.180
18.14833	0.166
18.15000	0.160
18.15167	0.171
18.15333	0.171
18.15500	0.160
18.15667	0.158
18.15833	0.173
18.16000	0.175
18.16167	0.164
18.16333	0.162
18.16500	0.177
18.16667	0.181
18.16833	0.170
18.17000	0.164
18.17167	0.179
18.17333	0.185
18.17500	0.177
18.17667	0.170
18.17833	0.179
18.18000	0.182
18.18167	0.170
18.18333	0.164
18.18500	0.175
18.18667	0.176
18.18833	0.165
18.19000	0.161
18.19167	0.171
18.19333	0.176
18.19500	0.167
18.19667	0.160
18.19833	0.175
18.20000	0.180
18.20167	0.173
18.20333	0.163
18.20500	0.175
18.20667	0.183
18.20833	0.172
18.21000	0.163
18.21167	0.176
18.21333	0.184
18.21500	0.177
18.21667	0.170
18.21833	0.183
18.22000	0.186
18.22167	0.176
18.22333	0.166
18.22500	0.177
18.22667	0.183
18.22833	0.173
18.23000	0.160
18.23167	0.168
18.23333	0.175
18.23500	0.168
18.23667	0.158
18.23833	0.165
18.24000	0.174
18.24167	0.169
18.24333	0.158
18.24500	0.168
18.24667	0.178
18.24833	0.173
18.25000	0.163
18.25167	0.171
18.25333	0.177
18.25500	0.170
18.25667	0.159
18.25833	0.168
18.26000	0.178
18.26167	0.169
18.26333	0.155
18.26500	0.162
18.26667	0.173
18.26833	0.166
18.27000	0.156
18.27167	0.168
18.27333	0.181
18.27500	0.176
18.27667	0.163
18.27833	0.169
18.28000	0.178
18.28167	0.174
18.28333	0.158
18.28500	0.162
18.28667	0.172
18.28833	0.170
18.29000	0.158
18.29167	0.164
18.29333	0.176
18.29500	0.175
18.29667	0.163
18.29833	0.169
18.30000	0.175
18.30167	0.176
18.30333	0.167
18.30500	0.171
18.30667	0.181
18.30833	0.178
18.31000	0.165
18.31167	0.168
18.31333	0.179
18.31500	0.179
18.31667	0.165
18.31833	0.170
18.32000	0.185
18.32167	0.186
18.32333	0.174
18.32500	0.178
18.32667	0.188
18.32833	0.181
18.33000	0.166
18.33167	0.167
18.33333	0.181
18.33500	0.181
18.33667	0.168
18.33833	0.168
18.34000	0.179
18.34167	0.179
18.34333	0.163
18.34500	0.163
18.34667	0.175
18.34833	0.170
18.35000	0.155
18.35167	0.153
18.35333	0.165
18.35500	0.165
18.35667	0.152
18.35833	0.156
18.36000	0.172
18.36167	0.173
18.36333	0.161
18.36500	0.164
18.36667	0.181
18.36833	0.185
18.37000	0.176
18.37167	0.172
18.37333	0.185
18.37500	0.190
18.37667	0.175
18.37833	0.169
18.38000	0.182
18.38167	0.182
18.38333	0.168
18.38500	0.164
18.38667	0.177
18.38833	0.180
18.39000	0.166
18.39167	0.158
18.39333	0.173
18.39500	0.179
18.39667	0.170
18.39833	0.162
18.40000	0.169
18.40167	0.173
18.40333	0.163
18.40500	0.159
18.40667	0.172
18.40833	0.174
18.41000	0.161
18.41167	0.153
18.41333	0.169
18.41500	0.174
18.41667	0.159
18.41833	0.148
18.42000	0.166
18.42167	0.171
18.42333	0.165
18.42500	0.156
18.42667	0.168
18.42833	0.171
18.43000	0.162
18.43167	0.152
18.43333	0.166
18.43500	0.174
18.43667	0.169
18.43833	0.160
18.44000	0.170
18.44167	0.172
18.44333	0.165
18.44500	0.156
18.44667	0.169
18.44833	0.178
18.45000	0.173
18.45167	0.161
18.45333	0.169
18.45500	0.176
18.45667	0.175
18.45833	0.163
18.46000	0.173
18.46167	0.179
18.46333	0.170
18.46500	0.157
18.46667	0.168
18.46833	0.175
18.47000	0.168
18.47167	0.153
18.47333	0.163
18.47500	0.171
18.47667	0.165
18.47833	0.155
18.48000	0.168
18.48167	0.180
18.48333	0.177
18.48500	0.161
18.48667	0.168
18.48833	0.175
18.49000	0.174
18.49167	0.160
18.49333	0.162
18.49500	0.168
18.49667	0.163
18.49833	0.146
18.50000	0.155
18.50167	0.165
18.50333	0.160
18.50500	0.150
18.50667	0.156
18.50833	0.167
18.51000	0.164
18.51167	0.150
18.51333	0.158
18.51500	0.170
18.51667	0.168
18.51833	0.156
18.52000	0.163
18.52167	0.176
18.52333	0.173
18.52500	0.162
18.52667	0.166
18.52833	0.177
18.53000	0.175
18.53167	0.161
18.53333	0.160
18.53500	0.167
18.53667	0.164
18.53833	0.154
18.54000	0.162
18.54167	0.171
18.54333	0.169
18.54500	0.154
18.54667	0.158
18.54833	0.171
18.55000	0.173
18.55167	0.159
18.55333	0.161
18.55500	0.172
18.55667	0.172
18.55833	0.158
18.56000	0.156
18.56167	0.172
18.56333	0.173
18.56500	0.162
18.56667	0.159
18.56833	0.171
18.57000	0.172
18.57167	0.159
18.57333	0.154
18.57500	0.168
18.57667	0.169
18.57833	0.157
18.58000	0.157
18.58167	0.171
18.58333	0.171
18.58500	0.158
18.58667	0.154
18.58833	0.167
18.59000	0.166
18.59167	0.155
18.59333	0.151
18.59500	0.167
18.59667	0.169
18.59833	0.159
18.60000	0.151
18.60167	0.162
18.60333	0.162
18.60500	0.153
18.60667	0.146
18.60833	0.161
18.61000	0.167
18.61167	0.156
18.61333	0.145
18.61500	0.160
18.61667	0.165
18.61833	0.156
18.62000	0.150
18.62167	0.166
18.62333	0.173
18.62500	0.164
18.62667	0.155
18.62833	0.169
18.63000	0.172
18.63167	0.163
18.63333	0.153
18.63500	0.166
18.63667	0.168
18.63833	0.158
18.64000	0.148
18.64167	0.160
18.64333	0.166
18.64500	0.156
18.64667	0.140
18.64833	0.150
18.65000	0.157
18.65167	0.154
18.65333	0.141
18.65500	0.153
18.65667	0.158
18.65833	0.152
18.66000	0.138
18.66167	0.151
18.66333	0.156
18.66500	0.149
18.66667	0.138
18.66833	0.151
18.67000	0.159
18.67167	0.154
18.67333	0.146
18.67500	0.159
18.67667	0.167
18.67833	0.161
18.68000	0.147
18.68167	0.157
18.68333	0.167
18.68500	0.164
18.68667	0.147
18.68833	0.156
18.69000	0.164
18.69167	0.161
18.69333	0.148
18.69500	0.155
18.69667	0.160
18.69833	0.153
18.70000	0.139
18.70167	0.148
18.70333	0.158
18.70500	0.154
18.70667	0.142
18.70833	0.149
18.71000	0.159
18.71167	0.155
18.71333	0.140
18.71500	0.146
18.71667	0.158
18.71833	0.156
18.72000	0.144
18.72167	0.150
18.72333	0.159
18.72500	0.155
18.72667	0.143
18.72833	0.146
18.73000	0.159
18.73167	0.158
18.73333	0.146
18.73500	0.146
18.73667	0.154
18.73833	0.148
18.74000	0.134
18.74167	0.136
18.74333	0.148
18.74500	0.149
18.74667	0.140
18.74833	0.140
18.75000	0.152
18.75167	0.152
18.75333	0.141
18.75500	0.143
18.75667	0.160
18.75833	0.163
18.76000	0.151
18.76167	0.150
18.76333	0.160
18.76500	0.155
18.76667	0.140
18.76833	0.139
18.77000	0.155
18.77167	0.156
18.77333	0.144
18.77500	0.139
18.77667	0.154
18.77833	0.161
18.78000	0.155
18.78167	0.152
18.78333	0.164
18.78500	0.162
18.78667	0.146
18.78833	0.144
18.79000	0.159
18.79167	0.161
18.79333	0.150
18.79500	0.143
18.79667	0.157
18.79833	0.157
18.80000	0.148
18.80167	0.144
18.80333	0.159
18.80500	0.161
18.80667	0.152
18.80833	0.145
18.81000	0.163
18.81167	0.165
18.81333	0.150
18.81500	0.139
18.81667	0.152
18.81833	0.155
18.82000	0.145
18.82167	0.136
18.82333	0.153
18.82500	0.160
18.82667	0.151
18.82833	0.143
18.83000	0.155
18.83167	0.158
18.83333	0.147
18.83500	0.137
18.83667	0.150
18.83833	0.155
18.84000	0.146
18.84167	0.136
18.84333	0.150
18.84500	0.156
18.84667	0.147
18.84833	0.139
18.85000	0.155
18.85167	0.163
18.85333	0.155
18.85500	0.142
18.85667	0.154
18.85833	0.159
18.86000	0.151
18.86167	0.142
18.86333	0.155
18.86500	0.161
18.86667	0.152
18.86833	0.139
18.87000	0.148
18.87167	0.155
18.87333	0.145
18.87500	0.132
18.87667	0.142
18.87833	0.148
18.88000	0.139
18.88167	0.129
18.88333	0.138
18.88500	0.146
18.88667	0.142
18.88833	0.133
18.89000	0.141
18.89167	0.150
18.89333	0.146
18.89500	0.139
18.89667	0.150
18.89833	0.157
18.90000	0.152
18.90167	0.138
18.90333	0.143
18.90500	0.152
18.90667	0.146
18.90833	0.136
18.91000	0.145
18.91167	0.158
18.91333	0.154
18.91500	0.141
18.91667	0.148
18.91833	0.158
18.92000	0.152
18.92167	0.139
18.92333	0.145
18.92500	0.157
18.92667	0.155
18.92833	0.146
18.93000	0.152
18.93167	0.162
18.93333	0.158
18.93500	0.145
18.93667	0.148
18.93833	0.159
18.94000	0.157
18.94167	0.143
18.94333	0.145
18.94500	0.155
18.94667	0.155
18.94833	0.141
18.95000	0.142
18.95167	0.153
18.95333	0.153
18.95500	0.140
18.95667	0.141
18.95833	0.153
18.96000	0.151
18.96167	0.139
18.96333	0.141
18.96500	0.152
18.96667	0.153
18.96833	0.145
18.97000	0.144
18.97167	0.156
18.97333	0.156
18.97500	0.147
18.97667	0.150
18.97833	0.165
18.98000	0.164
18.98167	0.152
18.98333	0.149
18.98500	0.164
18.98667	0.161
18.98833	0.147
18.99000	0.143
18.99167	0.156
18.99333	0.161
18.99500	0.148
18.99667	0.146
18.99833	0.158
19.00000	0.160
19.00167	0.147
19.00333	0.143
19.00500	0.155
19.00667	0.156
19.00833	0.144
19.01000	0.142
19.01167	0.157
19.01333	0.163
19.01500	0.154
19.01667	0.151
19.01833	0.165
19.02000	0.168
19.02167	0.156
19.02333	0.150
19.02500	0.164
19.02667	0.167
19.02833	0.155
19.03000	0.149
19.03167	0.162
19.03333	0.165
19.03500	0.154
19.03667	0.145
19.03833	0.155
19.04000	0.156
19.04167	0.149
19.04333	0.141
19.04500	0.158
19.04667	0.163
19.04833	0.153
19.05000	0.145
19.05167	0.160
19.05333	0.165
19.05500	0.155
19.05667	0.145
19.05833	0.156
19.06000	0.160
19.06167	0.153
19.06333	0.144
19.06500	0.158
19.06667	0.166
19.06833	0.162
19.07000	0.154
19.07167	0.162
19.07333	0.168
19.07500	0.161
19.07667	0.149
19.07833	0.163
19.08000	0.170
19.08167	0.159
19.08333	0.147
19.08500	0.160
19.08667	0.171
19.08833	0.164
19.09000	0.152
19.09167	0.161
19.09333	0.167
19.09500	0.162
19.09667	0.151
19.09833	0.158
19.10000	0.169
19.10167	0.164
19.10333	0.152
19.10500	0.159
19.10667	0.166
19.10833	0.156
19.11000	0.142
19.11167	0.151
19.11333	0.163
19.11500	0.160
19.11667	0.147
19.11833	0.153
19.12000	0.161
19.12167	0.159
19.12333	0.149
19.12500	0.153
19.12667	0.163
19.12833	0.158
19.13000	0.144
19.13167	0.151
19.13333	0.164
19.13500	0.159
19.13667	0.149
19.13833	0.156
19.14000	0.165
19.14167	0.160
19.14333	0.146
19.14500	0.149
19.14667	0.160
19.14833	0.161
19.15000	0.148
19.15167	0.151
19.15333	0.163
19.15500	0.164
19.15667	0.152
19.15833	0.158
19.16000	0.169
19.16167	0.168
19.16333	0.152
19.16500	0.156
19.16667	0.168
19.16833	0.163
19.17000	0.149
19.17167	0.151
19.17333	0.163
19.17500	0.161
19.17667	0.150
19.17833	0.152
19.18000	0.163
19.18167	0.161
19.18333	0.149
19.18500	0.154
19.18667	0.167
19.18833	0.167
19.19000	0.153
19.19167	0.154
19.19333	0.165
19.19500	0.166
19.19667	0.152
19.19833	0.151
19.20000	0.162
19.20167	0.164
19.20333	0.151
19.20500	0.148
19.20667	0.159
19.20833	0.160
19.21000	0.146
19.21167	0.145
19.21333	0.160
19.21500	0.161
19.21667	0.147
19.21833	0.144
19.22000	0.156
19.22167	0.157
19.22333	0.148
19.22500	0.147
19.22667	0.163
19.22833	0.166
19.23000	0.152
19.23167	0.146
19.23333	0.161
19.23500	0.167
19.23667	0.156
19.23833	0.154
19.24000	0.167
19.24167	0.168
19.24333	0.155
19.24500	0.148
19.24667	0.159
19.24833	0.162
19.25000	0.153
19.25167	0.144
19.25333	0.156
19.25500	0.160
19.25667	0.151
19.25833	0.146
19.26000	0.157
19.26167	0.159
19.26333	0.150
19.26500	0.147
19.26667	0.163
19.26833	0.170
19.27000	0.162
19.27167	0.152
19.27333	0.165
19.27500	0.172
19.27667	0.162
19.27833	0.151
19.28000	0.166
19.28167	0.172
19.28333	0.158
19.28500	0.146
19.28667	0.159
19.28833	0.167
19.29000	0.161
19.29167	0.150
19.29333	0.160
19.29500	0.165
19.29667	0.157
19.29833	0.145
19.30000	0.154
19.30167	0.161
19.30333	0.155
19.30500	0.142
19.30667	0.156
19.30833	0.166
19.31000	0.163
19.31167	0.152
19.31333	0.163
19.31500	0.170
19.31667	0.167
19.31833	0.154
19.32000	0.166
19.32167	0.172
19.32333	0.162
19.32500	0.148
19.32667	0.156
19.32833	0.167
19.33000	0.165
19.33167	0.151
19.33333	0.162
19.33500	0.168
19.33667	0.164
19.33833	0.149
19.34000	0.162
19.34167	0.175
19.34333	0.171
19.34500	0.154
19.34667	0.163
19.34833	0.173
19.35000	0.166
19.35167	0.151
19.35333	0.158
19.35500	0.170
19.35667	0.167
19.35833	0.152
19.36000	0.158
19.36167	0.163
19.36333	0.157
19.36500	0.142
19.36667	0.150
19.36833	0.165
19.37000	0.168
19.37167	0.155
19.37333	0.157
19.37500	0.164
19.37667	0.162
19.37833	0.147
19.38000	0.154
19.38167	0.165
19.38333	0.166
19.38500	0.153
19.38667	0.155
19.38833	0.167
19.39000	0.165
19.39167	0.152
19.39333	0.155
19.39500	0.168
19.39667	0.171
19.39833	0.155
19.40000	0.151
19.40167	0.163
19.40333	0.161
19.40500	0.149
19.40667	0.150
19.40833	0.164
19.41000	0.166
19.41167	0.155
19.41333	0.153
19.41500	0.167
19.41667	0.169
19.41833	0.155
19.42000	0.153
19.42167	0.169
19.42333	0.170
19.42500	0.157
19.42667	0.154
19.42833	0.168
19.43000	0.170
19.43167	0.159
19.43333	0.156
19.43500	0.167
19.43667	0.164
19.43833	0.153
19.44000	0.149
19.44167	0.164
19.44333	0.167
19.44500	0.152
19.44667	0.145
19.44833	0.160
19.45000	0.165
19.45167	0.153
19.45333	0.146
19.45500	0.158
19.45667	0.161
19.45833	0.151
19.46000	0.144
19.46167	0.156
19.46333	0.161
19.46500	0.151
19.46667	0.143
19.46833	0.163
19.47000	0.165
19.47167	0.159
19.47333	0.148
19.47500	0.160
19.47667	0.164
19.47833	0.158
19.48000	0.152
19.48167	0.165
19.48333	0.167
19.48500	0.157
19.48667	0.147
19.48833	0.159
19.49000	0.159
19.49167	0.148
19.49333	0.137
19.49500	0.148
19.49667	0.154
19.49833	0.147
19.50000	0.136
19.50167	0.152
19.50333	0.162
19.50500	0.157
19.50667	0.146
19.50833	0.156
19.51000	0.163
19.51167	0.154
19.51333	0.134
19.51500	0.145
19.51667	0.153
19.51833	0.150
19.52000	0.137
19.52167	0.150
19.52333	0.155
19.52500	0.146
19.52667	0.135
19.52833	0.152
19.53000	0.160
19.53167	0.152
19.53333	0.140
19.53500	0.154
19.53667	0.161
19.53833	0.156
19.54000	0.143
19.54167	0.154
19.54333	0.160
19.54500	0.154
19.54667	0.142
19.54833	0.151
19.55000	0.159
19.55167	0.156
19.55333	0.142
19.55500	0.152
19.55667	0.164
19.55833	0.161
19.56000	0.143
19.56167	0.150
19.56333	0.164
19.56500	0.162
19.56667	0.147
19.56833	0.154
19.57000	0.167
19.57167	0.165
19.57333	0.151
19.57500	0.156
19.57667	0.168
19.57833	0.164
19.58000	0.150
19.58167	0.152
19.58333	0.165
19.58500	0.166
19.58667	0.153
19.58833	0.153
19.59000	0.166
19.59167	0.166
19.59333	0.150
19.59500	0.146
19.59667	0.157
19.59833	0.153
19.60000	0.139
19.60167	0.140
19.60333	0.156
19.60500	0.156
19.60667	0.142
19.60833	0.142
19.61000	0.155
19.61167	0.150
19.61333	0.138
19.61500	0.140
19.61667	0.155
19.61833	0.154
19.62000	0.139
19.62167	0.138
19.62333	0.155
19.62500	0.156
19.62667	0.146
19.62833	0.142
19.63000	0.157
19.63167	0.160
19.63333	0.142
19.63500	0.140
19.63667	0.154
19.63833	0.156
19.64000	0.146
19.64167	0.141
19.64333	0.156
19.64500	0.162
19.64667	0.151
19.64833	0.148
19.65000	0.162
19.65167	0.165
19.65333	0.156
19.65500	0.149
19.65667	0.162
19.65833	0.163
19.66000	0.153
19.66167	0.144
19.66333	0.158
19.66500	0.161
19.66667	0.154
19.66833	0.144
19.67000	0.156
19.67167	0.160
19.67333	0.149
19.67500	0.142
19.67667	0.155
19.67833	0.158
19.68000	0.148
19.68167	0.136
19.68333	0.152
19.68500	0.157
19.68667	0.148
19.68833	0.142
19.69000	0.157
19.69167	0.164
19.69333	0.158
19.69500	0.149
19.69667	0.159
19.69833	0.165
19.70000	0.157
19.70167	0.149
19.70333	0.161
19.70500	0.166
19.70667	0.158
19.70833	0.149
19.71000	0.161
19.71167	0.166
19.71333	0.159
19.71500	0.152
19.71667	0.168
19.71833	0.176
19.72000	0.168
19.72167	0.155
19.72333	0.164
19.72500	0.170
19.72667	0.162
19.72833	0.149
19.73000	0.161
19.73167	0.172
19.73333	0.163
19.73500	0.150
19.73667	0.163
19.73833	0.174
19.74000	0.168
19.74167	0.155
19.74333	0.163
19.74500	0.172
19.74667	0.167
19.74833	0.156
19.75000	0.163
19.75167	0.175
19.75333	0.170
19.75500	0.156
19.75667	0.164
19.75833	0.174
19.76000	0.168
19.76167	0.154
19.76333	0.158
19.76500	0.169
19.76667	0.163
19.76833	0.150
19.77000	0.154
19.77167	0.167
19.77333	0.164
19.77500	0.154
19.77667	0.158
19.77833	0.170
19.78000	0.165
19.78167	0.149
19.78333	0.150
19.78500	0.160
19.78667	0.157
19.78833	0.149
19.79000	0.156
19.79167	0.168
19.79333	0.163
19.79500	0.151
19.79667	0.155
19.79833	0.170
19.80000	0.169
19.80167	0.156
19.80333	0.155
19.80500	0.168
19.80667	0.163
19.80833	0.147
19.81000	0.149
19.81167	0.160
19.81333	0.157
19.81500	0.147
19.81667	0.146
19.81833	0.158
19.82000	0.156
19.82167	0.146
19.82333	0.145
19.82500	0.160
19.82667	0.161
19.82833	0.152
19.83000	0.147
19.83167	0.159
19.83333	0.161
19.83500	0.148
19.83667	0.148
19.83833	0.163
19.84000	0.168
19.84167	0.158
19.84333	0.147
19.84500	0.163
19.84667	0.165
19.84833	0.152
19.85000	0.146
19.85167	0.160
19.85333	0.166
19.85500	0.157
19.85667	0.147
19.85833	0.161
19.86000	0.166
19.86167	0.157
19.86333	0.145
19.86500	0.159
19.86667	0.166
19.86833	0.160
19.87000	0.148
19.87167	0.157
19.87333	0.158
19.87500	0.150
19.87667	0.142
19.87833	0.157
19.88000	0.164
19.88167	0.159
19.88333	0.147
19.88500	0.160
19.88667	0.167
19.88833	0.158
19.89000	0.145
19.89167	0.155
19.89333	0.160
19.89500	0.155
19.89667	0.146
19.89833	0.157
19.90000	0.163
19.90167	0.156
19.90333	0.146
19.90500	0.156
19.90667	0.164
19.90833	0.159
19.91000	0.145
19.91167	0.155
19.91333	0.165
19.91500	0.161
19.91667	0.150
19.91833	0.159
19.92000	0.169
19.92167	0.163
19.92333	0.150
19.92500	0.155
19.92667	0.166
19.92833	0.161
19.93000	0.148
19.93167	0.153
19.93333	0.166
19.93500	0.161
19.93667	0.145
19.93833	0.150
19.94000	0.162
19.94167	0.157
19.94333	0.147
19.94500	0.153
19.94667	0.165
19.94833	0.162
19.95000	0.148
19.95167	0.151
19.95333	0.163
19.95500	0.157
19.95667	0.144
19.95833	0.148
19.96000	0.161
19.96167	0.159
19.96333	0.148
19.96500	0.154
19.96667	0.166
19.96833	0.161
19.97000	0.145
19.97167	0.144
19.97333	0.157
19.97500	0.157
19.97667	0.145
19.97833	0.149
19.98000	0.159
19.98167	0.155
19.98333	0.146
19.98500	0.146
19.98667	0.160
19.98833	0.158
19.99000	0.145
19.99167	0.147
19.99333	0.160
19.99500	0.160
19.99667	0.148
19.99833	0.146
20.00000	0.157
20.00167	0.156
20.00333	0.142
20.00500	0.137
20.00667	0.150
20.00833	0.149
20.01000	0.138
20.01167	0.133
20.01333	0.148
20.01500	0.148
20.01667	0.138
20.01833	0.134
20.02000	0.145
20.02167	0.147
20.02333	0.139
20.02500	0.136
20.02667	0.153
20.02833	0.155
20.03000	0.145
20.03167	0.139
20.03333	0.148
20.03500	0.147
20.03667	0.137
20.03833	0.128
20.04000	0.138
20.04167	0.139
20.04333	0.128
20.04500	0.119
20.04667	0.131
20.04833	0.134
20.05000	0.124
20.05167	0.119
20.05333	0.134
20.05500	0.142
20.05667	0.134
20.05833	0.125
20.06000	0.135
20.06167	0.137
20.06333	0.123
20.06500	0.113
20.06667	0.125
20.06833	0.130
20.07000	0.123
20.07167	0.119
20.07333	0.131
20.07500	0.137
20.07667	0.129
20.07833	0.117
20.08000	0.126
20.08167	0.129
20.08333	0.120
20.08500	0.110
20.08667	0.120
20.08833	0.126
20.09000	0.118
20.09167	0.105
20.09333	0.115
20.09500	0.119
20.09667	0.109
20.09833	0.096
20.10000	0.106
20.10167	0.113
20.10333	0.104
20.10500	0.094
20.10667	0.104
20.10833	0.111
20.11000	0.102
20.11167	0.090
20.11333	0.100
20.11500	0.107
20.11667	0.103
20.11833	0.092
20.12000	0.098
20.12167	0.106
20.12333	0.097
20.12500	0.083
20.12667	0.095
20.12833	0.104
20.13000	0.098
20.13167	0.084
20.13333	0.089
20.13500	0.095
20.13667	0.087
20.13833	0.072
20.14000	0.080
20.14167	0.094
20.14333	0.092
20.14500	0.079
20.14667	0.084
20.14833	0.091
20.15000	0.087
20.15167	0.075
20.15333	0.081
20.15500	0.089
20.15667	0.089
20.15833	0.077
20.16000	0.082
20.16167	0.093
20.16333	0.089
20.16500	0.080
20.16667	0.089
20.16833	0.101
20.17000	0.099
20.17167	0.085
20.17333	0.089
20.17500	0.100
20.17667	0.098
20.17833	0.084
20.18000	0.085
20.18167	0.099
20.18333	0.102
20.18500	0.090
20.18667	0.096
20.18833	0.110
20.19000	0.109
20.19167	0.099
20.19333	0.108
20.19500	0.124
20.19667	0.125
20.19833	0.117
20.20000	0.125
20.20167	0.144
20.20333	0.150
20.20500	0.143
20.20667	0.153
20.20833	0.173
20.21000	0.177
20.21167	0.171
20.21333	0.180
20.21500	0.200
20.21667	0.208
20.21833	0.204
20.22000	0.218
20.22167	0.243
20.22333	0.255
20.22500	0.250
20.22667	0.260
20.22833	0.281
20.23000	0.295
20.23167	0.298
20.23333	0.315
20.23500	0.345
20.23667	0.365
20.23833	0.372
20.24000	0.390
20.24167	0.426
20.24333	0.452
20.24500	0.466
20.24667	0.487
20.24833	0.524
20.25000	0.554
20.25167	0.567
20.25333	0.588
20.25500	0.631
20.25667	0.668
20.25833	0.687
20.26000	0.714
20.26167	0.762
20.26333	0.798
20.26500	0.824
20.26667	0.858
20.26833	0.914
20.27000	0.966
20.27167	1.003
20.27333	1.038
20.27500	1.100
20.27667	1.155
20.27833	1.196
20.28000	1.244
20.28167	1.314
20.28333	1.376
20.28500	1.427
20.28667	1.477
20.28833	1.553
20.29000	1.627
20.29167	1.686
20.29333	1.750
20.29500	1.835
20.29667	1.915
20.29833	1.988
20.30000	2.061
20.30167	2.160
20.30333	2.255
20.30500	2.337
20.30667	2.419
20.30833	2.523
20.31000	2.627
20.31167	2.724
20.31333	2.815
20.31500	2.931
20.31667	3.043
20.31833	3.148
20.32000	3.252
20.32167	3.379
20.32333	3.506
20.32500	3.627
20.32667	3.743
20.32833	3.880
20.33000	4.015
20.33167	4.142
20.33333	4.265
20.33500	4.421
20.33667	4.578
20.33833	4.726
20.34000	4.868
20.34167	5.033
20.34333	5.199
20.34500	5.353
20.34667	5.503
20.34833	5.681
20.35000	5.860
20.35167	6.033
20.35333	6.197
20.35500	6.388
20.35667	6.582
20.35833	6.767
20.36000	6.947
20.36167	7.155
20.36333	7.366
20.36500	7.566
20.36667	7.760
20.36833	7.979
20.37000	8.201
20.37167	8.413
20.37333	8.614
20.37500	8.840
20.37667	9.071
20.37833	9.295
20.38000	9.511
20.38167	9.750
20.38333	9.993
20.38500	10.226
20.38667	10.452
20.38833	10.703
20.39000	10.960
20.39167	11.209
20.39333	11.445
20.39500	11.703
20.39667	11.969
20.39833	12.224
20.40000	12.467
20.40167	12.730
20.40333	13.002
20.40500	13.266
20.40667	13.516
20.40833	13.786
20.41000	14.066
20.41167	14.334
20.41333	14.592
20.41500	14.871
20.41667	15.157
20.41833	15.432
20.42000	15.696
20.42167	15.973
20.42333	16.262
20.42500	16.540
20.42667	16.806
20.42833	17.083
20.43000	17.370
20.43167	17.646
20.43333	17.913
20.43500	18.187
20.43667	18.473
20.43833	18.745
20.44000	19.007
20.44167	19.277
20.44333	19.562
20.44500	19.834
20.44667	20.091
20.44833	20.355
20.45000	20.633
20.45167	20.898
20.45333	21.149
20.45500	21.405
20.45667	21.677
20.45833	21.939
20.46000	22.182
20.46167	22.428
20.46333	22.687
20.46500	22.934
20.46667	23.164
20.46833	23.395
20.47000	23.644
20.47167	23.881
20.47333	24.101
20.47500	24.319
20.47667	24.555
20.47833	24.775
20.48000	24.976
20.48167	25.177
20.48333	25.397
20.48500	25.604
20.48667	25.789
20.48833	25.971
20.49000	26.174
20.49167	26.363
20.49333	26.532
20.49500	26.698
20.49667	26.879
20.49833	27.047
20.50000	27.196
20.50167	27.339
20.50333	27.502
20.50500	27.649
20.50667	27.779
20.50833	27.902
20.51000	28.046
20.51167	28.175
20.51333	28.283
20.51500	28.381
20.51667	28.498
20.51833	28.603
20.52000	28.688
20.52167	28.764
20.52333	28.859
20.52500	28.941
20.52667	29.003
20.52833	29.055
20.53000	29.127
20.53167	29.188
20.53333	29.232
20.53500	29.261
20.53667	29.314
20.53833	29.350
20.54000	29.366
20.54167	29.370
20.54333	29.395
20.54500	29.412
20.54667	29.411
20.54833	29.395
20.55000	29.397
20.55167	29.394
20.55333	29.371
20.55500	29.337
20.55667	29.319
20.55833	29.291
20.56000	29.246
20.56167	29.188
20.56333	29.147
20.56500	29.100
20.56667	29.033
20.56833	28.952
20.57000	28.892
20.57167	28.824
20.57333	28.742
20.57500	28.643
20.57667	28.560
20.57833	28.476
20.58000	28.373
20.58167	28.256
20.58333	28.159
20.58500	28.058
20.58667	27.937
20.58833	27.807
20.59000	27.691
20.59167	27.575
20.59333	27.440
20.59500	27.292
20.59667	27.156
20.59833	27.027
20.60000	26.877
20.60167	26.716
20.60333	26.568
20.60500	26.425
20.60667	26.266
20.60833	26.096
20.61000	25.935
20.61167	25.782
20.61333	25.612
20.61500	25.427
20.61667	25.256
20.61833	25.095
20.62000	24.919
20.62167	24.728
20.62333	24.549
20.62500	24.378
20.62667	24.193
20.62833	23.992
20.63000	23.805
20.63167	23.629
20.63333	23.438
20.63500	23.237
20.63667	23.044
20.63833	22.863
20.64000	22.669
20.64167	22.465
20.64333	22.267
20.64500	22.084
20.64667	21.886
20.64833	21.678
20.65000	21.475
20.65167	21.288
20.65333	21.091
20.65500	20.882
20.65667	20.676
20.65833	20.489
20.66000	20.288
20.66167	20.074
20.66333	19.864
20.66500	19.681
20.66667	19.484
20.66833	19.273
20.67000	19.067
20.67167	18.881
20.67333	18.681
20.67500	18.472
20.67667	18.270
20.67833	18.091
20.68000	17.896
20.68167	17.688
20.68333	17.487
20.68500	17.305
20.68667	17.115
20.68833	16.914
20.69000	16.717
20.69167	16.542
20.69333	16.357
20.69500	16.160
20.69667	15.965
20.69833	15.793
20.70000	15.611
20.70167	15.417
20.70333	15.225
20.70500	15.058
20.70667	14.885
20.70833	14.697
20.71000	14.511
20.71167	14.351
20.71333	14.182
20.71500	14.000
20.71667	13.816
20.71833	13.660
20.72000	13.499
20.72167	13.328
20.72333	13.151
20.72500	13.004
20.72667	12.851
20.72833	12.684
20.73000	12.514
20.73167	12.369
20.73333	12.218
20.73500	12.054
20.73667	11.891
20.73833	11.752
20.74000	11.609
20.74167	11.454
20.74333	11.300
20.74500	11.170
20.74667	11.038
20.74833	10.893
20.75000	10.744
20.75167	10.620
20.75333	10.494
20.75500	10.353
20.75667	10.211
20.75833	10.090
20.76000	9.970
20.76167	9.838
20.76333	9.704
20.76500	9.590
20.76667	9.476
20.76833	9.350
20.77000	9.219
20.77167	9.106
20.77333	9.000
20.77500	8.880
20.77667	8.753
20.77833	8.650
20.78000	8.549
20.78167	8.437
20.78333	8.319
20.78500	8.223
20.78667	8.129
20.78833	8.024
20.79000	7.912
20.79167	7.818
20.79333	7.729
20.79500	7.630
20.79667	7.522
20.79833	7.431
20.80000	7.355
20.80167	7.262
20.80333	7.156
20.80500	7.072
20.80667	6.997
20.80833	6.907
20.81000	6.810
20.81167	6.732
20.81333	6.665
20.81500	6.586
20.81667	6.494
20.81833	6.422
20.82000	6.360
20.82167	6.280
20.82333	6.194
20.82500	6.122
20.82667	6.065
20.82833	5.995
20.83000	5.914
20.83167	5.846
20.83333	5.790
20.83500	5.723
20.83667	5.651
20.83833	5.588
20.84000	5.537
20.84167	5.472
20.84333	5.399
20.84500	5.336
20.84667	5.290
20.84833	5.232
20.85000	5.162
20.85167	5.102
20.85333	5.063
20.85500	5.011
20.85667	4.946
20.85833	4.889
20.86000	4.851
20.86167	4.803
20.86333	4.741
20.86500	4.691
20.86667	4.656
20.86833	4.607
20.87000	4.551
20.87167	4.501
20.87333	4.464
20.87500	4.419
20.87667	4.364
20.87833	4.317
20.88000	4.288
20.88167	4.248
20.88333	4.195
20.88500	4.148
20.88667	4.125
20.88833	4.087
20.89000	4.034
20.89167	3.990
20.89333	3.968
20.89500	3.935
20.89667	3.887
20.89833	3.845
20.90000	3.822
20.90167	3.789
20.90333	3.745
20.90500	3.698
20.90667	3.671
20.90833	3.641
20.91000	3.600
20.91167	3.565
20.91333	3.546
20.91500	3.522
20.91667	3.484
20.91833	3.446
20.92000	3.424
20.92167	3.397
20.92333	3.359
20.92500	3.323
20.92667	3.305
20.92833	3.286
20.93000	3.251
20.93167	3.215
20.93333	3.200
20.93500	3.181
20.93667	3.151
20.93833	3.116
20.94000	3.103
20.94167	3.085
20.94333	3.052
20.94500	3.019
20.94667	3.003
20.94833	2.987
20.95000	2.958
20.95167	2.924
20.95333	2.911
20.95500	2.895
20.95667	2.867
20.95833	2.835
20.96000	2.824
20.96167	2.809
20.96333	2.780
20.96500	2.748
20.96667	2.737
20.96833	2.722
20.97000	2.699
20.97167	2.670
20.97333	2.659
20.97500	2.645
20.97667	2.621
20.97833	2.591
20.98000	2.579
20.98167	2.573
20.98333	2.552
20.98500	2.520
20.98667	2.511
20.98833	2.502
20.99000	2.479
20.99167	2.453
20.99333	2.444
20.99500	2.437
20.99667	2.417
20.99833	2.387
21.00000	2.377
21.00167	2.370
21.00333	2.352
21.00500	2.324
21.00667	2.314
21.00833	2.308
21.01000	2.292
21.01167	2.264
21.01333	2.254
21.01500	2.248
21.01667	2.231
21.01833	2.203
21.02000	2.194
21.02167	2.189
21.02333	2.171
21.02500	2.145
21.02667	2.138
21.02833	2.135
21.03000	2.121
21.03167	2.095
21.03333	2.086
21.03500	2.084
21.03667	2.069
21.03833	2.040
21.04000	2.031
21.04167	2.028
21.04333	2.018
21.04500	1.991
21.04667	1.981
21.04833	1.983
21.05000	1.969
21.05167	1.948
21.05333	1.941
21.05500	1.938
21.05667	1.923
21.05833	1.899
21.06000	1.889
21.06167	1.890
21.06333	1.876
21.06500	1.851
21.06667	1.841
21.06833	1.845
21.07000	1.834
21.07167	1.809
21.07333	1.799
21.07500	1.801
21.07667	1.790
21.07833	1.766
21.08000	1.755
21.08167	1.755
21.08333	1.750
21.08500	1.730
21.08667	1.717
21.08833	1.720
21.09000	1.712
21.09167	1.693
21.09333	1.682
21.09500	1.685
21.09667	1.679
21.09833	1.658
21.10000	1.642
21.10167	1.644
21.10333	1.635
21.10500	1.615
21.10667	1.600
21.10833	1.604
21.11000	1.597
21.11167	1.578
21.11333	1.561
21.11500	1.565
21.11667	1.561
21.11833	1.539
21.12000	1.524
21.12167	1.527
21.12333	1.522
21.12500	1.507
21.12667	1.492
21.12833	1.497
21.13000	1.495
21.13167	1.475
21.13333	1.457
21.13500	1.460
21.13667	1.463
21.13833	1.449
21.14000	1.433
21.14167	1.439
21.14333	1.438
21.14500	1.419
21.14667	1.399
21.14833	1.404
21.15000	1.401
21.15167	1.384
21.15333	1.366
21.15500	1.366
21.15667	1.362
21.15833	1.349
21.16000	1.334
21.16167	1.344
21.16333	1.350
21.16500	1.335
21.16667	1.315
21.16833	1.323
21.17000	1.319
21.17167	1.302
21.17333	1.285
21.17500	1.291
21.17667	1.292
21.17833	1.283
21.18000	1.266
21.18167	1.265
21.18333	1.263
21.18500	1.249
21.18667	1.227
21.18833	1.229
21.19000	1.229
21.19167	1.218
21.19333	1.201
21.19500	1.209
21.19667	1.213
21.19833	1.206
21.20000	1.188
21.20167	1.191
21.20333	1.192
21.20500	1.182
21.20667	1.161
21.20833	1.168
21.21000	1.170
21.21167	1.161
21.21333	1.142
21.21500	1.145
21.21667	1.150
21.21833	1.141
21.22000	1.121
21.22167	1.123
21.22333	1.128
21.22500	1.119
21.22667	1.099
21.22833	1.102
21.23000	1.108
21.23167	1.101
21.23333	1.081
21.23500	1.081
21.23667	1.085
21.23833	1.077
21.24000	1.054
21.24167	1.055
21.24333	1.064
21.24500	1.057
21.24667	1.037
21.24833	1.038
21.25000	1.048
21.25167	1.043
21.25333	1.025
21.25500	1.021
21.25667	1.029
21.25833	1.024
21.26000	1.007
21.26167	1.004
21.26333	1.013
21.26500	1.007
21.26667	0.988
21.26833	0.984
21.27000	0.991
21.27167	0.987
21.27333	0.969
21.27500	0.965
21.27667	0.972
21.27833	0.967
21.28000	0.950
21.28167	0.944
21.28333	0.951
21.28500	0.949
21.28667	0.933
21.28833	0.926
21.29000	0.930
21.29167	0.927
21.29333	0.913
21.29500	0.909
21.29667	0.921
21.29833	0.924
21.30000	0.908
21.30167	0.899
21.30333	0.905
21.30500	0.901
21.30667	0.886
21.30833	0.877
21.31000	0.888
21.31167	0.887
21.31333	0.872
21.31500	0.862
21.31667	0.872
21.31833	0.873
21.32000	0.863
21.32167	0.853
21.32333	0.865
21.32500	0.867
21.32667	0.853
21.32833	0.842
21.33000	0.853
21.33167	0.853
21.33333	0.842
21.33500	0.832
21.33667	0.840
21.33833	0.837
21.34000	0.825
21.34167	0.812
21.34333	0.823
21.34500	0.825
21.34667	0.812
21.34833	0.799
21.35000	0.809
21.35167	0.811
21.35333	0.798
21.35500	0.784
21.35667	0.796
21.35833	0.801
21.36000	0.790
21.36167	0.777
21.36333	0.787
21.36500	0.791
21.36667	0.775
21.36833	0.759
21.37000	0.771
21.37167	0.774
21.37333	0.764
21.37500	0.749
21.37667	0.763
21.37833	0.767
21.38000	0.756
21.38167	0.738
21.38333	0.747
21.38500	0.751
21.38667	0.743
21.38833	0.725
21.39000	0.730
21.39167	0.735
21.39333	0.728
21.39500	0.712
21.39667	0.720
21.39833	0.720
21.40000	0.711
21.40167	0.693
21.40333	0.702
21.40500	0.709
21.40667	0.702
21.40833	0.686
21.41000	0.694
21.41167	0.701
21.41333	0.692
21.41500	0.674
21.41667	0.678
21.41833	0.684
21.42000	0.676
21.42167	0.659
21.42333	0.662
21.42500	0.672
21.42667	0.663
21.42833	0.646
21.43000	0.649
21.43167	0.655
21.43333	0.650
21.43500	0.637
21.43667	0.639
21.43833	0.642
21.44000	0.636
21.44167	0.617
21.44333	0.615
21.44500	0.621
21.44667	0.613
21.44833	0.599
21.45000	0.598
21.45167	0.607
21.45333	0.600
21.45500	0.584
21.45667	0.575
21.45833	0.583
21.46000	0.579
21.46167	0.564
21.46333	0.563
21.46500	0.570
21.46667	0.567
21.46833	0.550
21.47000	0.546
21.47167	0.555
21.47333	0.549
21.47500	0.529
21.47667	0.521
21.47833	0.532
21.48000	0.524
21.48167	0.504
21.48333	0.493
21.48500	0.499
21.48667	0.493
21.48833	0.474
21.49000	0.464
21.49167	0.468
21.49333	0.462
21.49500	0.444
21.49667	0.431
21.49833	0.438
21.50000	0.430
21.50167	0.411
21.50333	0.397
21.50500	0.402
21.50667	0.396
21.50833	0.374
21.51000	0.358
21.51167	0.362
21.51333	0.352
21.51500	0.333
21.51667	0.317
21.51833	0.320
21.52000	0.314
21.52167	0.294
21.52333	0.275
21.52500	0.276
21.52667	0.264
21.52833	0.241
21.53000	0.225
21.53167	0.227
21.53333	0.220
21.53500	0.195
21.53667	0.173
21.53833	0.175
21.54000	0.163
21.54167	0.141
21.54333	0.120
21.54500	0.120
21.54667	0.111
21.54833	0.087
21.55000	0.060
21.55167	0.058
21.55333	0.049
21.55500	0.024
21.55667	-0.004
21.55833	-0.010
21.56000	-0.020
21.56167	-0.043
21.56333	-0.073
21.56500	-0.080
21.56667	-0.097
21.56833	-0.125
21.57000	-0.158
21.57167	-0.167
21.57333	-0.185
21.57500	-0.218
21.57667	-0.249
21.57833	-0.255
21.58000	-0.267
21.58167	-0.295
21.58333	-0.330
21.58500	-0.339
21.58667	-0.354
21.58833	-0.382
21.59000	-0.419
21.59167	-0.435
21.59333	-0.451
21.59500	-0.482
21.59667	-0.522
21.59833	-0.539
21.60000	-0.557
21.60167	-0.593
21.60333	-0.634
21.60500	-0.653
21.60667	-0.674
21.60833	-0.711
21.61000	-0.753
21.61167	-0.776
21.61333	-0.800
21.61500	-0.836
21.61667	-0.880
21.61833	-0.905
21.62000	-0.930
21.62167	-0.967
21.62333	-1.013
21.62500	-1.042
21.62667	-1.068
21.62833	-1.105
21.63000	-1.152
21.63167	-1.179
21.63333	-1.203
21.63500	-1.245
21.63667	-1.293
21.63833	-1.326
21.64000	-1.352
21.64167	-1.393
21.64333	-1.444
21.64500	-1.479
21.64667	-1.509
21.64833	-1.556
21.65000	-1.613
21.65167	-1.652
21.65333	-1.678
21.65500	-1.724
21.65667	-1.781
21.65833	-1.819
21.66000	-1.851
21.66167	-1.900
21.66333	-1.958
21.66500	-2.001
21.66667	-2.035
21.66833	-2.083
21.67000	-2.144
21.67167	-2.188
21.67333	-2.221
21.67500	-2.268
21.67667	-2.325
21.67833	-2.374
21.68000	-2.412
21.68167	-2.465
21.68333	-2.528
21.68500	-2.579
21.68667	-2.615
21.68833	-2.664
21.69000	-2.726
21.69167	-2.782
21.69333	-2.823
21.69500	-2.877
21.69667	-2.943
21.69833	-3.000
21.70000	-3.040
21.70167	-3.091
21.70333	-3.158
21.70500	-3.212
21.70667	-3.250
21.70833	-3.303
21.71000	-3.368
21.71167	-3.423
21.71333	-3.464
21.71500	-3.522
21.71667	-3.589
21.71833	-3.647
21.72000	-3.689
21.72167	-3.743
21.72333	-3.812
21.72500	-3.872
21.72667	-3.914
21.72833	-3.966
21.73000	-4.034
21.73167	-4.094
21.73333	-4.137
21.73500	-4.190
21.73667	-4.253
21.73833	-4.316
21.74000	-4.362
21.74167	-4.417
21.74333	-4.485
21.74500	-4.547
21.74667	-4.591
21.74833	-4.641
21.75000	-4.705
21.75167	-4.766
21.75333	-4.805
21.75500	-4.857
21.75667	-4.923
21.75833	-4.986
21.76000	-5.028
21.76167	-5.080
21.76333	-5.146
21.76500	-5.208
21.76667	-5.249
21.76833	-5.298
21.77000	-5.359
21.77167	-5.421
21.77333	-5.460
21.77500	-5.506
21.77667	-5.569
21.77833	-5.631
21.78000	-5.672
21.78167	-5.715
21.78333	-5.775
21.78500	-5.837
21.78667	-5.871
21.78833	-5.912
21.79000	-5.967
21.79167	-6.024
21.79333	-6.061
21.79500	-6.099
21.79667	-6.154
21.79833	-6.217
21.80000	-6.253
21.80167	-6.289
21.80333	-6.337
21.80500	-6.390
21.80667	-6.425
21.80833	-6.459
21.81000	-6.505
21.81167	-6.553
21.81333	-6.581
21.81500	-6.613
21.81667	-6.656
21.81833	-6.707
21.82000	-6.740
21.82167	-6.768
21.82333	-6.811
21.82500	-6.856
21.82667	-6.880
21.82833	-6.905
21.83000	-6.939
21.83167	-6.984
21.83333	-7.007
21.83500	-7.025
21.83667	-7.058
21.83833	-7.099
21.84000	-7.120
21.84167	-7.137
21.84333	-7.166
21.84500	-7.204
21.84667	-7.220
21.84833	-7.230
21.85000	-7.255
21.85167	-7.289
21.85333	-7.303
21.85500	-7.312
21.85667	-7.330
21.85833	-7.358
21.86000	-7.368
21.86167	-7.371
21.86333	-7.390
21.86500	-7.418
21.86667	-7.421
21.86833	-7.421
21.87000	-7.435
21.87167	-7.461
21.87333	-7.465
21.87500	-7.463
21.87667	-7.472
21.87833	-7.491
21.88000	-7.490
21.88167	-7.482
21.88333	-7.487
21.88500	-7.501
21.88667	-7.496
21.88833	-7.483
21.89000	-7.483
21.89167	-7.495
21.89333	-7.488
21.89500	-7.469
21.89667	-7.461
21.89833	-7.469
21.90000	-7.463
21.90167	-7.443
21.90333	-7.433
21.90500	-7.433
21.90667	-7.421
21.90833	-7.396
21.91000	-7.379
21.91167	-7.375
21.91333	-7.362
21.91500	-7.335
21.91667	-7.316
21.91833	-7.311
21.92000	-7.294
21.92167	-7.262
21.92333	-7.238
21.92500	-7.229
21.92667	-7.208
21.92833	-7.173
21.93000	-7.146
21.93167	-7.130
21.93333	-7.105
21.93500	-7.069
21.93667	-7.040
21.93833	-7.022
21.94000	-6.997
21.94167	-6.956
21.94333	-6.920
21.94500	-6.899
21.94667	-6.871
21.94833	-6.828
21.95000	-6.792
21.95167	-6.768
21.95333	-6.736
21.95500	-6.689
21.95667	-6.651
21.95833	-6.625
21.96000	-6.593
21.96167	-6.541
21.96333	-6.498
21.96500	-6.471
21.96667	-6.437
21.96833	-6.385
21.97000	-6.342
21.97167	-6.310
21.97333	-6.276
21.97500	-6.222
21.97667	-6.175
21.97833	-6.143
21.98000	-6.106
21.98167	-6.049
21.98333	-6.000
21.98500	-5.964
21.98667	-5.926
21.98833	-5.868
21.99000	-5.816
21.99167	-5.778
21.99333	-5.738
21.99500	-5.677
21.99667	-5.623
21.99833	-5.582
22.00000	-5.544
22.00167	-5.484
22.00333	-5.429
22.00500	-5.388
22.00667	-5.351
22.00833	-5.288
22.01000	-5.235
22.01167	-5.193
22.01333	-5.153
22.01500	-5.090
22.01667	-5.032
22.01833	-4.989
22.02000	-4.951
22.02167	-4.887
22.02333	-4.830
22.02500	-4.785
22.02667	-4.749
22.02833	-4.687
22.03000	-4.627
22.03167	-4.582
22.03333	-4.539
22.03500	-4.473
22.03667	-4.411
22.03833	-4.365
22.04000	-4.327
22.04167	-4.263
22.04333	-4.205
22.04500	-4.161
22.04667	-4.129
22.04833	-4.072
22.05000	-4.011
22.05167	-3.965
22.05333	-3.928
22.05500	-3.872
22.05667	-3.813
22.05833	-3.765
22.06000	-3.728
22.06167	-3.672
22.06333	-3.616
22.06500	-3.569
22.06667	-3.533
22.06833	-3.476
22.07000	-3.415
22.07167	-3.369
22.07333	-3.337
22.07500	-3.282
22.07667	-3.226
22.07833	-3.181
22.08000	-3.145
22.08167	-3.093
22.08333	-3.038
22.08500	-2.993
22.08667	-2.961
22.08833	-2.911
22.09000	-2.855
22.09167	-2.808
22.09333	-2.772
22.09500	-2.718
22.09667	-2.660
22.09833	-2.617
22.10000	-2.592
22.10167	-2.547
22.10333	-2.494
22.10500	-2.452
22.10667	-2.423
22.10833	-2.380
22.11000	-2.328
22.11167	-2.286
22.11333	-2.257
22.11500	-2.215
22.11667	-2.163
22.11833	-2.124
22.12000	-2.099
22.12167	-2.061
22.12333	-2.011
22.12500	-1.971
22.12667	-1.941
22.12833	-1.901
22.13000	-1.852
22.13167	-1.816
22.13333	-1.792
22.13500	-1.759
22.13667	-1.716
22.13833	-1.682
22.14000	-1.660
22.14167	-1.627
22.14333	-1.580
22.14500	-1.545
22.14667	-1.526
22.14833	-1.498
22.15000	-1.451
22.15167	-1.414
22.15333	-1.393
22.15500	-1.366
22.15667	-1.320
22.15833	-1.286
22.16000	-1.271
22.16167	-1.250
22.16333	-1.208
22.16500	-1.178
22.16667	-1.160
22.16833	-1.137
22.17000	-1.093
22.17167	-1.063
22.17333	-1.043
22.17500	-1.025
22.17667	-0.984
22.17833	-0.951
22.18000	-0.934
22.18167	-0.918
22.18333	-0.881
22.18500	-0.854
22.18667	-0.842
22.18833	-0.829
22.19000	-0.793
22.19167	-0.766
22.19333	-0.749
22.19500	-0.735
22.19667	-0.698
22.19833	-0.673
22.20000	-0.660
22.20167	-0.652
22.20333	-0.621
22.20500	-0.594
22.20667	-0.580
22.20833	-0.573
22.21000	-0.542
22.21167	-0.517
22.21333	-0.508
22.21500	-0.501
22.21667	-0.470
22.21833	-0.445
22.22000	-0.438
22.22167	-0.431
22.22333	-0.401
22.22500	-0.384
22.22667	-0.379
22.22833	-0.376
22.23000	-0.345
22.23167	-0.324
22.23333	-0.315
22.23500	-0.313
22.23667	-0.283
22.23833	-0.263
22.24000	-0.255
22.24167	-0.255
22.24333	-0.232
22.24500	-0.211
22.24667	-0.202
22.24833	-0.203
22.25000	-0.179
22.25167	-0.160
22.25333	-0.156
22.25500	-0.161
22.25667	-0.141
22.25833	-0.121
22.26000	-0.117
22.26167	-0.125
22.26333	-0.109
22.26500	-0.092
22.26667	-0.085
22.26833	-0.089
22.27000	-0.070
22.27167	-0.049
22.27333	-0.044
22.27500	-0.049
22.27667	-0.034
22.27833	-0.015
22.28000	-0.012
22.28167	-0.020
22.28333	-0.008
22.28500	0.010
22.28667	0.015
22.28833	0.011
22.29000	0.026
22.29167	0.045
22.29333	0.050
22.29500	0.038
22.29667	0.043
22.29833	0.062
22.30000	0.068
22.30167	0.061
22.30333	0.068
22.30500	0.084
22.30667	0.087
22.30833	0.081
22.31000	0.086
22.31167	0.103
22.31333	0.106
22.31500	0.095
22.31667	0.098
22.31833	0.113
22.32000	0.116
22.32167	0.104
22.32333	0.105
22.32500	0.121
22.32667	0.123
22.32833	0.113
22.33000	0.117
22.33167	0.131
22.33333	0.132
22.33500	0.123
22.33667	0.124
22.33833	0.141
22.34000	0.145
22.34167	0.134
22.34333	0.134
22.34500	0.150
22.34667	0.151
22.34833	0.140
22.35000	0.136
22.35167	0.149
22.35333	0.152
22.35500	0.141
22.35667	0.136
22.35833	0.150
22.36000	0.153
22.36167	0.142
22.36333	0.137
22.36500	0.155
22.36667	0.157
22.36833	0.144
22.37000	0.139
22.37167	0.154
22.37333	0.159
22.37500	0.149
22.37667	0.143
22.37833	0.157
22.38000	0.157
22.38167	0.146
22.38333	0.135
22.38500	0.147
22.38667	0.147
22.38833	0.135
22.39000	0.123
22.39167	0.136
22.39333	0.137
22.39500	0.124
22.39667	0.115
22.39833	0.127
22.40000	0.128
22.40167	0.115
22.40333	0.104
22.40500	0.112
22.40667	0.113
22.40833	0.103
22.41000	0.092
22.41167	0.104
22.41333	0.106
22.41500	0.097
22.41667	0.087
22.41833	0.097
22.42000	0.097
22.42167	0.081
22.42333	0.065
22.42500	0.075
22.42667	0.078
22.42833	0.069
22.43000	0.057
22.43167	0.066
22.43333	0.068
22.43500	0.056
22.43667	0.040
22.43833	0.050
22.44000	0.055
22.44167	0.040
22.44333	0.020
22.44500	0.024
22.44667	0.029
22.44833	0.015
22.45000	-0.003
22.45167	0.003
22.45333	0.007
22.45500	-0.005
22.45667	-0.022
22.45833	-0.017
22.46000	-0.013
22.46167	-0.024
22.46333	-0.041
22.46500	-0.038
22.46667	-0.031
22.46833	-0.042
22.47000	-0.062
22.47167	-0.062
22.47333	-0.062
22.47500	-0.072
22.47667	-0.087
22.47833	-0.086
22.48000	-0.079
22.48167	-0.085
22.48333	-0.105
22.48500	-0.107
22.48667	-0.106
22.48833	-0.114
22.49000	-0.127
22.49167	-0.128
22.49333	-0.124
22.49500	-0.136
22.49667	-0.159
22.49833	-0.162
22.50000	-0.157
22.50167	-0.168
22.50333	-0.187
22.50500	-0.192
22.50667	-0.184
22.50833	-0.192
22.51000	-0.214
22.51167	-0.218
22.51333	-0.210
22.51500	-0.220
22.51667	-0.241
22.51833	-0.247
22.52000	-0.239
22.52167	-0.247
22.52333	-0.269
22.52500	-0.275
22.52667	-0.270
22.52833	-0.280
22.53000	-0.301
22.53167	-0.307
22.53333	-0.297
22.53500	-0.303
22.53667	-0.321
22.53833	-0.327
22.54000	-0.320
22.54167	-0.328
22.54333	-0.352
22.54500	-0.363
22.54667	-0.357
22.54833	-0.362
22.55000	-0.383
22.55167	-0.391
22.55333	-0.387
22.55500	-0.393
22.55667	-0.413
22.55833	-0.424
22.56000	-0.419
22.56167	-0.424
22.56333	-0.443
22.56500	-0.453
22.56667	-0.447
22.56833	-0.454
22.57000	-0.473
22.57167	-0.482
22.57333	-0.476
22.57500	-0.483
22.57667	-0.502
22.57833	-0.514
22.58000	-0.507
22.58167	-0.512
22.58333	-0.530
22.58500	-0.545
22.58667	-0.538
22.58833	-0.542
22.59000	-0.563
22.59167	-0.575
22.59333	-0.567
22.59500	-0.571
22.59667	-0.588
22.59833	-0.602
22.60000	-0.595
22.60167	-0.596
22.60333	-0.618
22.60500	-0.635
22.60667	-0.630
22.60833	-0.632
22.61000	-0.649
22.61167	-0.663
22.61333	-0.658
22.61500	-0.654
22.61667	-0.666
22.61833	-0.681
22.62000	-0.674
22.62167	-0.675
22.62333	-0.690
22.62500	-0.704
22.62667	-0.699
22.62833	-0.699
22.63000	-0.713
22.63167	-0.730
22.63333	-0.726
22.63500	-0.725
22.63667	-0.736
22.63833	-0.749
22.64000	-0.746
22.64167	-0.743
22.64333	-0.754
22.64500	-0.766
22.64667	-0.758
22.64833	-0.756
22.65000	-0.768
22.65167	-0.783
22.65333	-0.780
22.65500	-0.775
22.65667	-0.785
22.65833	-0.799
22.66000	-0.791
22.66167	-0.789
22.66333	-0.798
22.66500	-0.812
22.66667	-0.803
22.66833	-0.798
22.67000	-0.810
22.67167	-0.829
22.67333	-0.823
22.67500	-0.820
22.67667	-0.830
22.67833	-0.844
22.68000	-0.839
22.68167	-0.832
22.68333	-0.837
22.68500	-0.849
22.68667	-0.843
22.68833	-0.838
22.69000	-0.845
22.69167	-0.858
22.69333	-0.852
22.69500	-0.841
22.69667	-0.844
22.69833	-0.857
22.70000	-0.851
22.70167	-0.842
22.70333	-0.845
22.70500	-0.861
22.70667	-0.855
22.70833	-0.846
22.71000	-0.848
22.71167	-0.859
22.71333	-0.853
22.71500	-0.844
22.71667	-0.850
22.71833	-0.865
22.72000	-0.859
22.72167	-0.847
22.72333	-0.847
22.72500	-0.860
22.72667	-0.855
22.72833	-0.842
22.73000	-0.842
22.73167	-0.852
22.73333	-0.846
22.73500	-0.831
22.73667	-0.829
22.73833	-0.838
22.74000	-0.833
22.74167	-0.819
22.74333	-0.818
22.74500	-0.827
22.74667	-0.823
22.74833	-0.809
22.75000	-0.810
22.75167	-0.823
22.75333	-0.821
22.75500	-0.808
22.75667	-0.805
22.75833	-0.813
22.76000	-0.808
22.76167	-0.793
22.76333	-0.786
22.76500	-0.792
22.76667	-0.787
22.76833	-0.771
22.77000	-0.768
22.77167	-0.777
22.77333	-0.771
22.77500	-0.752
22.77667	-0.745
22.77833	-0.755
22.78000	-0.755
22.78167	-0.739
22.78333	-0.732
22.78500	-0.735
22.78667	-0.733
22.78833	-0.717
22.79000	-0.711
22.79167	-0.717
22.79333	-0.716
22.79500	-0.699
22.79667	-0.690
22.79833	-0.695
22.80000	-0.696
22.80167	-0.676
22.80333	-0.664
22.80500	-0.669
22.80667	-0.669
22.80833	-0.650
22.81000	-0.639
22.81167	-0.645
22.81333	-0.648
22.81500	-0.626
22.81667	-0.612
22.81833	-0.615
22.82000	-0.620
22.82167	-0.604
22.82333	-0.590
22.82500	-0.591
22.82667	-0.596
22.82833	-0.577
22.83000	-0.565
22.83167	-0.566
22.83333	-0.567
22.83500	-0.548
22.83667	-0.537
22.83833	-0.539
22.84000	-0.542
22.84167	-0.525
22.84333	-0.512
22.84500	-0.511
22.84667	-0.510
22.84833	-0.489
22.85000	-0.475
22.85167	-0.479
22.85333	-0.482
22.85500	-0.463
22.85667	-0.448
22.85833	-0.448
22.86000	-0.448
22.86167	-0.428
22.86333	-0.416
22.86500	-0.417
22.86667	-0.427
22.86833	-0.407
22.87000	-0.393
22.87167	-0.393
22.87333	-0.398
22.87500	-0.382
22.87667	-0.367
22.87833	-0.363
22.88000	-0.369
22.88167	-0.352
22.88333	-0.335
22.88500	-0.332
22.88667	-0.338
22.88833	-0.323
22.89000	-0.306
22.89167	-0.303
22.89333	-0.310
22.89500	-0.292
22.89667	-0.276
22.89833	-0.275
22.90000	-0.281
22.90167	-0.266
22.90333	-0.252
22.90500	-0.248
22.90667	-0.254
22.90833	-0.240
22.91000	-0.227
22.91167	-0.224
22.91333	-0.232
22.91500	-0.220
22.91667	-0.206
22.91833	-0.204
22.92000	-0.209
22.92167	-0.196
22.92333	-0.181
22.92500	-0.176
22.92667	-0.183
22.92833	-0.171
22.93000	-0.151
22.93167	-0.148
22.93333	-0.155
22.93500	-0.142
22.93667	-0.127
22.93833	-0.120
22.94000	-0.126
22.94167	-0.119
22.94333	-0.102
22.94500	-0.097
22.94667	-0.104
22.94833	-0.094
22.95000	-0.079
22.95167	-0.074
22.95333	-0.081
22.95500	-0.074
22.95667	-0.056
22.95833	-0.056
22.96000	-0.066
22.96167	-0.059
22.96333	-0.041
22.96500	-0.034
22.96667	-0.044
22.96833	-0.038
22.97000	-0.018
22.97167	-0.014
22.97333	-0.021
22.97500	-0.016
22.97667	0.001
22.97833	0.005
22.98000	-0.002
22.98167	0.001
22.98333	0.016
22.98500	0.021
22.98667	0.014
22.98833	0.017
22.99000	0.039
22.99167	0.046
22.99333	0.040
22.99500	0.037
22.99667	0.051
22.99833	0.054
23.00000	0.047
23.00167	0.045
23.00333	0.061
23.00500	0.070
23.00667	0.060
23.00833	0.057
23.01000	0.076
23.01167	0.088
23.01333	0.082
23.01500	0.080
23.01667	0.097
23.01833	0.103
23.02000	0.099
23.02167	0.097
23.02333	0.116
23.02500	0.120
23.02667	0.111
23.02833	0.104
23.03000	0.121
23.03167	0.128
23.03333	0.120
23.03500	0.113
23.03667	0.132
23.03833	0.139
23.04000	0.132
23.04167	0.124
23.04333	0.141
23.04500	0.152
23.04667	0.147
23.04833	0.139
23.05000	0.155
23.05167	0.163
23.05333	0.156
23.05500	0.149
23.05667	0.165
23.05833	0.174
23.06000	0.168
23.06167	0.157
23.06333	0.170
23.06500	0.178
23.06667	0.174
23.06833	0.166
23.07000	0.183
23.07167	0.191
23.07333	0.185
23.07500	0.175
23.07667	0.189
23.07833	0.197
23.08000	0.195
23.08167	0.183
23.08333	0.196
23.08500	0.203
23.08667	0.197
23.08833	0.186
23.09000	0.195
23.09167	0.204
23.09333	0.201
23.09500	0.190
23.09667	0.202
23.09833	0.211
23.10000	0.211
23.10167	0.200
23.10333	0.209
23.10500	0.216
23.10667	0.212
23.10833	0.200
23.11000	0.213
23.11167	0.221
23.11333	0.215
23.11500	0.205
23.11667	0.216
23.11833	0.227
23.12000	0.225
23.12167	0.213
23.12333	0.220
23.12500	0.231
23.12667	0.224
23.12833	0.209
23.13000	0.217
23.13167	0.232
23.13333	0.233
23.13500	0.222
23.13667	0.225
23.13833	0.237
23.14000	0.236
23.14167	0.222
23.14333	0.228
23.14500	0.241
23.14667	0.239
23.14833	0.228
23.15000	0.233
23.15167	0.246
23.15333	0.241
23.15500	0.224
23.15667	0.228
23.15833	0.241
23.16000	0.241
23.16167	0.230
23.16333	0.233
23.16500	0.247
23.16667	0.245
23.16833	0.232
23.17000	0.235
23.17167	0.248
23.17333	0.251
23.17500	0.237
23.17667	0.237
23.17833	0.254
23.18000	0.254
23.18167	0.242
23.18333	0.244
23.18500	0.260
23.18667	0.259
23.18833	0.244
23.19000	0.241
23.19167	0.253
23.19333	0.255
23.19500	0.245
23.19667	0.244
23.19833	0.263
23.20000	0.266
23.20167	0.253
23.20333	0.246
23.20500	0.259
23.20667	0.262
23.20833	0.249
23.21000	0.245
23.21167	0.257
23.21333	0.254
23.21500	0.245
23.21667	0.241
23.21833	0.257
23.22000	0.261
23.22167	0.252
23.22333	0.246
23.22500	0.260
23.22667	0.264
23.22833	0.254
23.23000	0.245
23.23167	0.256
23.23333	0.259
23.23500	0.253
23.23667	0.246
23.23833	0.258
23.24000	0.259
23.24167	0.252
23.24333	0.243
23.24500	0.256
23.24667	0.260
23.24833	0.250
23.25000	0.240
23.25167	0.255
23.25333	0.260
23.25500	0.252
23.25667	0.242
23.25833	0.253
23.26000	0.258
23.26167	0.253
23.26333	0.242
23.26500	0.253
23.26667	0.260
23.26833	0.254
23.27000	0.244
23.27167	0.258
23.27333	0.266
23.27500	0.261
23.27667	0.249
23.27833	0.258
23.28000	0.259
23.28167	0.250
23.28333	0.238
23.28500	0.249
23.28667	0.260
23.28833	0.256
23.29000	0.246
23.29167	0.258
23.29333	0.267
23.29500	0.259
23.29667	0.248
23.29833	0.257
23.30000	0.264
23.30167	0.258
23.30333	0.243
23.30500	0.252
23.30667	0.266
23.30833	0.262
23.31000	0.248
23.31167	0.254
23.31333	0.263
23.31500	0.254
23.31667	0.243
23.31833	0.253
23.32000	0.261
23.32167	0.255
23.32333	0.242
23.32500	0.247
23.32667	0.257
23.32833	0.255
23.33000	0.241
23.33167	0.250
23.33333	0.260
23.33500	0.257
23.33667	0.244
23.33833	0.246
23.34000	0.258
23.34167	0.256
23.34333	0.243
23.34500	0.248
23.34667	0.259
23.34833	0.253
23.35000	0.240
23.35167	0.241
23.35333	0.255
23.35500	0.255
23.35667	0.241
23.35833	0.240
23.36000	0.251
23.36167	0.250
23.36333	0.239
23.36500	0.242
23.36667	0.255
23.36833	0.253
23.37000	0.240
23.37167	0.241
23.37333	0.252
23.37500	0.253
23.37667	0.240
23.37833	0.239
23.38000	0.252
23.38167	0.251
23.38333	0.241
23.38500	0.239
23.38667	0.251
23.38833	0.255
23.39000	0.242
23.39167	0.238
23.39333	0.252
23.39500	0.252
23.39667	0.241
23.39833	0.241
23.40000	0.255
23.40167	0.256
23.40333	0.244
23.40500	0.236
23.40667	0.246
23.40833	0.249
23.41000	0.237
23.41167	0.233
23.41333	0.247
23.41500	0.250
23.41667	0.236
23.41833	0.232
23.42000	0.246
23.42167	0.247
23.42333	0.238
23.42500	0.232
23.42667	0.246
23.42833	0.250
23.43000	0.239
23.43167	0.232
23.43333	0.243
23.43500	0.246
23.43667	0.236
23.43833	0.229
23.44000	0.243
23.44167	0.247
23.44333	0.237
23.44500	0.229
23.44667	0.243
23.44833	0.247
23.45000	0.235
23.45167	0.228
23.45333	0.243
23.45500	0.251
23.45667	0.242
23.45833	0.231
23.46000	0.240
23.46167	0.247
23.46333	0.241
23.46500	0.230
23.46667	0.242
23.46833	0.248
23.47000	0.238
23.47167	0.235
23.47333	0.249
23.47500	0.252
23.47667	0.242
23.47833	0.234
23.48000	0.246
23.48167	0.251
23.48333	0.244
23.48500	0.236
23.48667	0.249
23.48833	0.256
23.49000	0.248
23.49167	0.238
23.49333	0.248
23.49500	0.252
23.49667	0.243
23.49833	0.234
23.50000	0.246
23.50167	0.249
23.50333	0.241
23.50500	0.230
23.50667	0.240
23.50833	0.247
23.51000	0.239
23.51167	0.229
23.51333	0.237
23.51500	0.246
23.51667	0.244
23.51833	0.235
23.52000	0.244
23.52167	0.253
23.52333	0.250
23.52500	0.240
23.52667	0.246
23.52833	0.254
23.53000	0.250
23.53167	0.234
23.53333	0.239
23.53500	0.247
23.53667	0.238
23.53833	0.221
23.54000	0.228
23.54167	0.238
23.54333	0.232
23.54500	0.219
23.54667	0.227
23.54833	0.240
23.55000	0.237
23.55167	0.225
23.55333	0.231
23.55500	0.240
23.55667	0.233
23.55833	0.219
23.56000	0.224
23.56167	0.232
23.56333	0.228
23.56500	0.214
23.56667	0.224
23.56833	0.236
23.57000	0.232
23.57167	0.221
23.57333	0.228
23.57500	0.241
23.57667	0.237
23.57833	0.222
23.58000	0.223
23.58167	0.236
23.58333	0.236
23.58500	0.226
23.58667	0.231
23.58833	0.246
23.59000	0.247
23.59167	0.234
23.59333	0.233
23.59500	0.238
23.59667	0.235
23.59833	0.225
23.60000	0.231
23.60167	0.244
23.60333	0.242
23.60500	0.228
23.60667	0.230
23.60833	0.242
23.61000	0.245
23.61167	0.233
23.61333	0.234
23.61500	0.245
23.61667	0.243
23.61833	0.228
23.62000	0.225
23.62167	0.236
23.62333	0.240
23.62500	0.229
23.62667	0.227
23.62833	0.239
23.63000	0.237
23.63167	0.225
23.63333	0.222
23.63500	0.234
23.63667	0.237
23.63833	0.226
23.64000	0.223
23.64167	0.234
23.64333	0.236
23.64500	0.225
23.64667	0.220
23.64833	0.234
23.65000	0.237
23.65167	0.227
23.65333	0.221
23.65500	0.232
23.65667	0.238
23.65833	0.225
23.66000	0.219
23.66167	0.237
23.66333	0.239
23.66500	0.228
23.66667	0.221
23.66833	0.231
23.67000	0.236
23.67167	0.228
23.67333	0.219
23.67500	0.226
23.67667	0.230
23.67833	0.225
23.68000	0.219
23.68167	0.233
23.68333	0.238
23.68500	0.228
23.68667	0.220
23.68833	0.233
23.69000	0.237
23.69167	0.227
23.69333	0.213
23.69500	0.227
23.69667	0.234
23.69833	0.228
23.70000	0.217
23.70167	0.227
23.70333	0.232
23.70500	0.227
23.70667	0.215
23.70833	0.225
23.71000	0.231
23.71167	0.227
23.71333	0.216
23.71500	0.229
23.71667	0.240
23.71833	0.234
23.72000	0.220
23.72167	0.230
23.72333	0.239
23.72500	0.234
23.72667	0.221
23.72833	0.230
23.73000	0.237
23.73167	0.231
23.73333	0.221
23.73500	0.231
23.73667	0.236
23.73833	0.231
23.74000	0.217
23.74167	0.226
23.74333	0.234
23.74500	0.235
23.74667	0.225
23.74833	0.234
23.75000	0.245
23.75167	0.241
23.75333	0.224
23.75500	0.233
23.75667	0.242
23.75833	0.238
23.76000	0.222
23.76167	0.229
23.76333	0.235
23.76500	0.227
23.76667	0.212
23.76833	0.220
23.77000	0.228
23.77167	0.225
23.77333	0.210
23.77500	0.218
23.77667	0.226
23.77833	0.226
23.78000	0.211
23.78167	0.220
23.78333	0.233
23.78500	0.232
23.78667	0.218
23.78833	0.221
23.79000	0.232
23.79167	0.231
23.79333	0.219
23.79500	0.221
23.79667	0.230
23.79833	0.230
23.80000	0.216
23.80167	0.219
23.80333	0.232
23.80500	0.229
23.80667	0.213
23.80833	0.214
23.81000	0.227
23.81167	0.230
23.81333	0.219
23.81500	0.219
23.81667	0.231
23.81833	0.230
23.82000	0.216
23.82167	0.217
23.82333	0.228
23.82500	0.229
23.82667	0.212
23.82833	0.207
23.83000	0.222
23.83167	0.225
23.83333	0.213
23.83500	0.209
23.83667	0.225
23.83833	0.228
23.84000	0.217
23.84167	0.213
23.84333	0.225
23.84500	0.226
23.84667	0.216
23.84833	0.213
23.85000	0.228
23.85167	0.231
23.85333	0.223
23.85500	0.219
23.85667	0.231
23.85833	0.231
23.86000	0.221
23.86167	0.214
23.86333	0.228
23.86500	0.233
23.86667	0.224
23.86833	0.217
23.87000	0.233
23.87167	0.239
23.87333	0.231
23.87500	0.222
23.87667	0.232
23.87833	0.234
23.88000	0.223
23.88167	0.212
23.88333	0.230
23.88500	0.237
23.88667	0.230
23.88833	0.220
23.89000	0.232
23.89167	0.237
23.89333	0.227
23.89500	0.217
23.89667	0.230
23.89833	0.235
23.90000	0.226
23.90167	0.213
23.90333	0.226
23.90500	0.232
23.90667	0.227
23.90833	0.215
23.91000	0.227
23.91167	0.232
23.91333	0.227
23.91500	0.216
23.91667	0.224
23.91833	0.229
23.92000	0.223
23.92167	0.213
23.92333	0.227
23.92500	0.234
23.92667	0.227
23.92833	0.215
23.93000	0.229
23.93167	0.236
23.93333	0.229
23.93500	0.215
23.93667	0.227
23.93833	0.231
23.94000	0.224
23.94167	0.210
23.94333	0.220
23.94500	0.226
23.94667	0.223
23.94833	0.211
23.95000	0.218
23.95167	0.228
23.95333	0.227
23.95500	0.213
23.95667	0.224
23.95833	0.235
23.96000	0.230
23.96167	0.213
23.96333	0.222
23.96500	0.234
23.96667	0.229
23.96833	0.212
23.97000	0.222
23.97167	0.233
23.97333	0.228
23.97500	0.215
23.97667	0.222
23.97833	0.236
23.98000	0.233
23.98167	0.217
23.98333	0.219
23.98500	0.230
23.98667	0.229
23.98833	0.213
23.99000	0.215
23.99167	0.229
23.99333	0.230
23.99500	0.213
23.99667	0.215
23.99833	0.230
24.00000	0.231
24.00167	0.222
24.00333	0.222
24.00500	0.233
24.00667	0.232
24.00833	0.217
24.01000	0.220
24.01167	0.233
24.01333	0.233
24.01500	0.217
24.01667	0.215
24.01833	0.227
24.02000	0.228
24.02167	0.217
24.02333	0.215
24.02500	0.230
24.02667	0.231
24.02833	0.219
24.03000	0.218
24.03167	0.231
24.03333	0.226
24.03500	0.213
24.03667	0.207
24.03833	0.221
24.04000	0.222
24.04167	0.213
24.04333	0.210
24.04500	0.226
24.04667	0.230
24.04833	0.221
24.05000	0.216
24.05167	0.231
24.05333	0.233
24.05500	0.223
24.05667	0.214
24.05833	0.228
24.06000	0.231
24.06167	0.221
24.06333	0.214
24.06500	0.228
24.06667	0.229
24.06833	0.221
24.07000	0.220
24.07167	0.234
24.07333	0.235
24.07500	0.227
24.07667	0.220
24.07833	0.230
24.08000	0.233
24.08167	0.225
24.08333	0.216
24.08500	0.230
24.08667	0.233
24.08833	0.221
24.09000	0.213
24.09167	0.227
24.09333	0.230
24.09500	0.221
24.09667	0.213
24.09833	0.227
24.10000	0.230
24.10167	0.221
24.10333	0.212
24.10500	0.224
24.10667	0.228
24.10833	0.219
24.11000	0.210
24.11167	0.224
24.11333	0.232
24.11500	0.223
24.11667	0.208
24.11833	0.221
24.12000	0.224
24.12167	0.214
24.12333	0.206
24.12500	0.219
24.12667	0.227
24.12833	0.222
24.13000	0.213
24.13167	0.227
24.13333	0.233
24.13500	0.223
24.13667	0.210
24.13833	0.219
24.14000	0.225
24.14167	0.222
24.14333	0.210
24.14500	0.220
24.14667	0.227
24.14833	0.220
24.15000	0.208
24.15167	0.218
24.15333	0.224
24.15500	0.216
24.15667	0.202
24.15833	0.211
24.16000	0.219
24.16167	0.212
24.16333	0.200
24.16500	0.208
24.16667	0.219
24.16833	0.217
24.17000	0.206
24.17167	0.209
24.17333	0.219
24.17500	0.216
24.17667	0.202
24.17833	0.206
24.18000	0.215
24.18167	0.210
24.18333	0.201
24.18500	0.210
24.18667	0.224
24.18833	0.220
24.19000	0.202
24.19167	0.204
24.19333	0.216
24.19500	0.214
24.19667	0.203
24.19833	0.208
24.20000	0.220
24.20167	0.216
24.20333	0.203
24.20500	0.208
24.20667	0.219
24.20833	0.220
24.21000	0.210
24.21167	0.212
24.21333	0.225
24.21500	0.220
24.21667	0.205
24.21833	0.206
24.22000	0.221
24.22167	0.221
24.22333	0.208
24.22500	0.209
24.22667	0.222
24.22833	0.220
24.23000	0.207
24.23167	0.209
24.23333	0.223
24.23500	0.223
24.23667	0.212
24.23833	0.214
24.24000	0.229
24.24167	0.230
24.24333	0.218
24.24500	0.216
24.24667	0.226
24.24833	0.222
24.25000	0.211
24.25167	0.206
24.25333	0.216
24.25500	0.218
24.25667	0.205
24.25833	0.204
24.26000	0.215
24.26167	0.215
24.26333	0.205
24.26500	0.202
24.26667	0.216
24.26833	0.219
24.27000	0.210
24.27167	0.205
24.27333	0.216
24.27500	0.218
24.27667	0.205
24.27833	0.200
24.28000	0.215
24.28167	0.223
24.28333	0.212
24.28500	0.205
24.28667	0.219
24.28833	0.220
24.29000	0.209
24.29167	0.199
24.29333	0.211
24.29500	0.215
24.29667	0.205
24.29833	0.198
24.30000	0.214
24.30167	0.221
24.30333	0.208
24.30500	0.200
24.30667	0.214
24.30833	0.222
24.31000	0.217
24.31167	0.208
24.31333	0.219
24.31500	0.222
24.31667	0.207
24.31833	0.200
24.32000	0.212
24.32167	0.219
24.32333	0.210
24.32500	0.202
24.32667	0.218
24.32833	0.226
24.33000	0.214
24.33167	0.203
24.33333	0.214
24.33500	0.223
24.33667	0.219
24.33833	0.206
24.34000	0.216
24.34167	0.223
24.34333	0.214
24.34500	0.205
24.34667	0.214
24.34833	0.221
24.35000	0.211
24.35167	0.200
24.35333	0.209
24.35500	0.215
24.35667	0.207
24.35833	0.194
24.36000	0.203
24.36167	0.215
24.36333	0.211
24.36500	0.198
24.36667	0.205
24.36833	0.214
24.37000	0.210
24.37167	0.201
24.37333	0.208
24.37500	0.216
24.37667	0.209
24.37833	0.197
24.38000	0.204
24.38167	0.212
24.38333	0.211
24.38500	0.201
24.38667	0.205
24.38833	0.216
24.39000	0.217
24.39167	0.208
24.39333	0.218
24.39500	0.226
24.39667	0.221
24.39833	0.207
24.40000	0.210
24.40167	0.220
24.40333	0.221
24.40500	0.207
24.40667	0.211
24.40833	0.224
24.41000	0.220
24.41167	0.206
24.41333	0.212
24.41500	0.222
24.41667	0.222
24.41833	0.209
24.42000	0.211
24.42167	0.219
24.42333	0.214
24.42500	0.202
24.42667	0.208
24.42833	0.221
24.43000	0.222
24.43167	0.209
24.43333	0.210
24.43500	0.218
24.43667	0.217
24.43833	0.202
24.44000	0.201
24.44167	0.212
24.44333	0.207
24.44500	0.196
24.44667	0.198
24.44833	0.208
24.45000	0.209
24.45167	0.194
24.45333	0.193
24.45500	0.208
24.45667	0.207
24.45833	0.190
24.46000	0.188
24.46167	0.201
24.46333	0.202
24.46500	0.193
24.46667	0.194
24.46833	0.204
24.47000	0.205
24.47167	0.191
24.47333	0.190
24.47500	0.204
24.47667	0.205
24.47833	0.191
24.48000	0.187
24.48167	0.201
24.48333	0.204
24.48500	0.196
24.48667	0.194
24.48833	0.206
24.49000	0.208
24.49167	0.197
24.49333	0.194
24.49500	0.211
24.49667	0.213
24.49833	0.203
24.50000	0.199
24.50167	0.213
24.50333	0.213
24.50500	0.201
24.50667	0.196
24.50833	0.206
24.51000	0.210
24.51167	0.202
24.51333	0.197
24.51500	0.210
24.51667	0.214
24.51833	0.207
24.52000	0.204
24.52167	0.220
24.52333	0.222
24.52500	0.214
24.52667	0.207
24.52833	0.217
24.53000	0.222
24.53167	0.213
24.53333	0.201
24.53500	0.210
24.53667	0.216
24.53833	0.206
24.54000	0.196
24.54167	0.208
24.54333	0.214
24.54500	0.209
24.54667	0.197
24.54833	0.210
24.55000	0.220
24.55167	0.212
24.55333	0.200
24.55500	0.215
24.55667	0.225
24.55833	0.215
24.56000	0.203
24.56167	0.217
24.56333	0.223
24.56500	0.215
24.56667	0.201
24.56833	0.212
24.57000	0.220
24.57167	0.213
24.57333	0.201
24.57500	0.214
24.57667	0.223
24.57833	0.216
24.58000	0.203
24.58167	0.213
24.58333	0.220
24.58500	0.215
24.58667	0.203
24.58833	0.214
24.59000	0.224
24.59167	0.220
24.59333	0.207
24.59500	0.216
24.59667	0.223
24.59833	0.218
24.60000	0.206
24.60167	0.213
24.60333	0.219
24.60500	0.215
24.60667	0.204
24.60833	0.211
24.61000	0.219
24.61167	0.217
24.61333	0.207
24.61500	0.216
24.61667	0.226
24.61833	0.223
24.62000	0.208
24.62167	0.215
24.62333	0.225
24.62500	0.225
24.62667	0.208
24.62833	0.210
24.63000	0.218
24.63167	0.216
24.63333	0.200
24.63500	0.204
24.63667	0.217
24.63833	0.220
24.64000	0.209
24.64167	0.215
24.64333	0.226
24.64500	0.224
24.64667	0.209
24.64833	0.208
24.65000	0.222
24.65167	0.224
24.65333	0.207
24.65500	0.204
24.65667	0.213
24.65833	0.215
24.66000	0.201
24.66167	0.203
24.66333	0.215
24.66500	0.217
24.66667	0.205
24.66833	0.203
24.67000	0.216
24.67167	0.219
24.67333	0.208
24.67500	0.208
24.67667	0.219
24.67833	0.219
24.68000	0.205
24.68167	0.203
24.68333	0.215
24.68500	0.217
24.68667	0.207
24.68833	0.203
24.69000	0.216
24.69167	0.219
24.69333	0.213
24.69500	0.209
24.69667	0.224
24.69833	0.225
24.70000	0.213
24.70167	0.202
24.70333	0.216
24.70500	0.222
24.70667	0.213
24.70833	0.206
24.71000	0.219
24.71167	0.224
24.71333	0.212
24.71500	0.202
24.71667	0.216
24.71833	0.221
24.72000	0.210
24.72167	0.201
24.72333	0.217
24.72500	0.222
24.72667	0.210
24.72833	0.202
24.73000	0.220
24.73167	0.227
24.73333	0.218
24.73500	0.206
24.73667	0.215
24.73833	0.222
24.74000	0.216
24.74167	0.206
24.74333	0.220
24.74500	0.227
24.74667	0.218
24.74833	0.209
24.75000	0.222
24.75167	0.228
24.75333	0.215
24.75500	0.200
24.75667	0.213
24.75833	0.217
24.76000	0.208
24.76167	0.195
24.76333	0.209
24.76500	0.215
24.76667	0.209
24.76833	0.196
24.77000	0.207
24.77167	0.217
24.77333	0.210
24.77500	0.195
24.77667	0.203
24.77833	0.210
24.78000	0.207
24.78167	0.195
24.78333	0.208
24.78500	0.215
24.78667	0.210
24.78833	0.195
24.79000	0.204
24.79167	0.210
24.79333	0.207
24.79500	0.190
24.79667	0.202
24.79833	0.213
24.80000	0.208
24.80167	0.195
24.80333	0.204
24.80500	0.214
24.80667	0.213
24.80833	0.196
24.81000	0.202
24.81167	0.212
24.81333	0.209
24.81500	0.196
24.81667	0.201
24.81833	0.212
24.82000	0.206
24.82167	0.193
24.82333	0.200
24.82500	0.213
24.82667	0.211
24.82833	0.196
24.83000	0.201
24.83167	0.213
24.83333	0.211
24.83500	0.200
24.83667	0.205
24.83833	0.217
24.84000	0.213
24.84167	0.198
24.84333	0.202
24.84500	0.214
24.84667	0.213
24.84833	0.200
24.85000	0.202
24.85167	0.214
24.85333	0.210
24.85500	0.196
24.85667	0.194
24.85833	0.206
24.86000	0.206
24.86167	0.196
24.86333	0.195
24.86500	0.209
24.86667	0.209
24.86833	0.194
24.87000	0.192
24.87167	0.209
24.87333	0.212
24.87500	0.200
24.87667	0.199
24.87833	0.216
24.88000	0.222
24.88167	0.211
24.88333	0.207
24.88500	0.219
24.88667	0.217
24.88833	0.205
24.89000	0.201
24.89167	0.218
24.89333	0.219
24.89500	0.204
24.89667	0.200
24.89833	0.215
24.90000	0.219
24.90167	0.209
24.90333	0.204
24.90500	0.220
24.90667	0.223
24.90833	0.210
24.91000	0.202
24.91167	0.214
24.91333	0.216
24.91500	0.208
24.91667	0.201
24.91833	0.216
24.92000	0.217
24.92167	0.207
24.92333	0.200
24.92500	0.212
24.92667	0.215
24.92833	0.208
24.93000	0.197
24.93167	0.210
24.93333	0.210
24.93500	0.200
24.93667	0.194
24.93833	0.212
24.94000	0.217
24.94167	0.210
24.94333	0.202
24.94500	0.215
24.94667	0.218
24.94833	0.208
24.95000	0.199
24.95167	0.213
24.95333	0.219
24.95500	0.210
24.95667	0.200
24.95833	0.210
24.96000	0.209
24.96167	0.199
24.96333	0.189
24.96500	0.201
24.96667	0.209
24.96833	0.202
24.97000	0.192
24.97167	0.204
24.97333	0.207
24.97500	0.196
24.97667	0.185
24.97833	0.199
24.98000	0.204
24.98167	0.196
24.98333	0.183
24.98500	0.193
24.98667	0.201
24.98833	0.195
24.99000	0.182
24.99167	0.194
24.99333	0.202
24.99500	0.197
24.99667	0.184
24.99833	0.194
25.00000	0.203
25.00167	0.198
25.00333	0.188
25.00500	0.197
25.00667	0.206
25.00833	0.203
25.01000	0.193
25.01167	0.201
25.01333	0.211
25.01500	0.207
25.01667	0.193
25.01833	0.196
25.02000	0.208
25.02167	0.205
25.02333	0.192
25.02500	0.199
25.02667	0.209
25.02833	0.201
25.03000	0.185
25.03167	0.190
25.03333	0.200
25.03500	0.198
25.03667	0.189
25.03833	0.196
25.04000	0.207
25.04167	0.204
25.04333	0.190
25.04500	0.192
25.04667	0.206
25.04833	0.199
25.05000	0.183
25.05167	0.187
25.05333	0.198
25.05500	0.195
25.05667	0.185
25.05833	0.189
25.06000	0.203
25.06167	0.198
25.06333	0.184
25.06500	0.187
25.06667	0.201
25.06833	0.201
25.07000	0.189
25.07167	0.188
25.07333	0.203
25.07500	0.202
25.07667	0.189
25.07833	0.187
25.08000	0.200
25.08167	0.198
25.08333	0.186
25.08500	0.184
25.08667	0.199
25.08833	0.198
25.09000	0.184
25.09167	0.183
25.09333	0.198
25.09500	0.200
25.09667	0.188
25.09833	0.188
25.10000	0.202
25.10167	0.202
25.10333	0.190
25.10500	0.184
25.10667	0.196
25.10833	0.197
25.11000	0.184
25.11167	0.183
25.11333	0.196
25.11500	0.197
25.11667	0.182
25.11833	0.176
25.12000	0.187
25.12167	0.190
25.12333	0.178
25.12500	0.173
25.12667	0.186
25.12833	0.192
25.13000	0.182
25.13167	0.177
25.13333	0.188
25.13500	0.191
25.13667	0.180
25.13833	0.174
25.14000	0.186
25.14167	0.189
25.14333	0.178
25.14500	0.176
25.14667	0.189
25.14833	0.194
25.15000	0.181
25.15167	0.172
25.15333	0.187
25.15500	0.193
25.15667	0.181
25.15833	0.173
25.16000	0.188
25.16167	0.191
25.16333	0.180
25.16500	0.172
25.16667	0.185
25.16833	0.188
25.17000	0.182
25.17167	0.173
25.17333	0.185
25.17500	0.190
25.17667	0.179
25.17833	0.171
25.18000	0.181
25.18167	0.186
25.18333	0.177
25.18500	0.167
25.18667	0.178
25.18833	0.186
25.19000	0.178
25.19167	0.168
25.19333	0.180
25.19500	0.189
25.19667	0.183
25.19833	0.172
25.20000	0.182
25.20167	0.188
25.20333	0.184
25.20500	0.172
25.20667	0.182
25.20833	0.192
25.21000	0.188
25.21167	0.177
25.21333	0.189
25.21500	0.199
25.21667	0.194
25.21833	0.182
25.22000	0.192
25.22167	0.200
25.22333	0.194
25.22500	0.181
25.22667	0.189
25.22833	0.198
25.23000	0.193
25.23167	0.182
25.23333	0.189
25.23500	0.200
25.23667	0.195
25.23833	0.180
25.24000	0.185
25.24167	0.193
25.24333	0.188
25.24500	0.174
25.24667	0.184
25.24833	0.193
25.25000	0.190
25.25167	0.180
25.25333	0.186
25.25500	0.195
25.25667	0.193
25.25833	0.184
25.26000	0.189
25.26167	0.200
25.26333	0.197
25.26500	0.185
25.26667	0.188
25.26833	0.196
25.27000	0.194
25.27167	0.180
25.27333	0.184
25.27500	0.198
25.27667	0.195
25.27833	0.181
25.28000	0.189
25.28167	0.201
25.28333	0.202
25.28500	0.192
25.28667	0.192
25.28833	0.200
25.29000	0.196
25.29167	0.185
25.29333	0.184
25.29500	0.198
25.29667	0.195
25.29833	0.179
25.30000	0.180
25.30167	0.193
25.30333	0.193
25.30500	0.181
25.30667	0.182
25.30833	0.189
25.31000	0.187
25.31167	0.172
25.31333	0.170
25.31500	0.184
25.31667	0.187
25.31833	0.176
25.32000	0.173
25.32167	0.185
25.32333	0.188
25.32500	0.180
25.32667	0.174
25.32833	0.188
25.33000	0.190
25.33167	0.177
25.33333	0.170
25.33500	0.183
25.33667	0.189
25.33833	0.179
25.34000	0.169
25.34167	0.181
25.34333	0.187
25.34500	0.178
25.34667	0.173
25.34833	0.187
25.35000	0.194
25.35167	0.185
25.35333	0.175
25.35500	0.185
25.35667	0.189
25.35833	0.179
25.36000	0.170
25.36167	0.180
25.36333	0.190
25.36500	0.178
25.36667	0.169
25.36833	0.180
25.37000	0.187
25.37167	0.181
25.37333	0.169
25.37500	0.176
25.37667	0.186
25.37833	0.180
25.38000	0.168
25.38167	0.178
25.38333	0.185
25.38500	0.179
25.38667	0.167
25.38833	0.177
25.39000	0.189
25.39167	0.184
25.39333	0.173
25.39500	0.184
25.39667	0.193
25.39833	0.191
25.40000	0.182
25.40167	0.190
25.40333	0.199
25.40500	0.191
25.40667	0.176
25.40833	0.188
25.41000	0.197
25.41167	0.192
25.41333	0.179
25.41500	0.184
25.41667	0.193
25.41833	0.188
25.42000	0.176
25.42167	0.184
25.42333	0.198
25.42500	0.196
25.42667	0.183
25.42833	0.189
25.43000	0.199
25.43167	0.193
25.43333	0.177
25.43500	0.180
25.43667	0.190
25.43833	0.185
25.44000	0.173
25.44167	0.178
25.44333	0.190
25.44500	0.188
25.44667	0.174
25.44833	0.176
25.45000	0.184
25.45167	0.181
25.45333	0.168
25.45500	0.172
25.45667	0.181
25.45833	0.179
25.46000	0.170
25.46167	0.172
25.46333	0.184
25.46500	0.182
25.46667	0.171
25.46833	0.175
25.47000	0.187
25.47167	0.186
25.47333	0.171
25.47500	0.172
25.47667	0.184
25.47833	0.180
25.48000	0.168
25.48167	0.168
25.48333	0.183
25.48500	0.187
25.48667	0.172
25.48833	0.173
25.49000	0.186
25.49167	0.185
25.49333	0.173
25.49500	0.170
25.49667	0.181
25.49833	0.180
25.50000	0.168
25.50167	0.168
25.50333	0.181
25.50500	0.181
25.50667	0.170
25.50833	0.168
25.51000	0.178
25.51167	0.183
25.51333	0.172
25.51500	0.164
25.51667	0.172
25.51833	0.175
25.52000	0.165
25.52167	0.160
25.52333	0.174
25.52500	0.177
25.52667	0.163
25.52833	0.156
25.53000	0.172
25.53167	0.182
25.53333	0.172
25.53500	0.161
25.53667	0.175
25.53833	0.182
25.54000	0.172
25.54167	0.164
25.54333	0.178
25.54500	0.184
25.54667	0.176
25.54833	0.170
25.55000	0.180
25.55167	0.186
25.55333	0.177
25.55500	0.164
25.55667	0.174
25.55833	0.178
25.56000	0.172
25.56167	0.165
25.56333	0.176
25.56500	0.182
25.56667	0.175
25.56833	0.163
25.57000	0.173
25.57167	0.183
25.57333	0.176
25.57500	0.167
25.57667	0.181
25.57833	0.186
25.58000	0.178
25.58167	0.167
25.58333	0.177
25.58500	0.186
25.58667	0.180
25.58833	0.167
25.59000	0.179
25.59167	0.185
25.59333	0.176
25.59500	0.162
25.59667	0.176
25.59833	0.185
25.60000	0.177
25.60167	0.164
25.60333	0.178
25.60500	0.184
25.60667	0.180
25.60833	0.169
25.61000	0.179
25.61167	0.186
25.61333	0.181
25.61500	0.167
25.61667	0.174
25.61833	0.183
25.62000	0.181
25.62167	0.167
25.62333	0.180
25.62500	0.193
25.62667	0.191
25.62833	0.176
25.63000	0.185
25.63167	0.194
25.63333	0.190
25.63500	0.175
25.63667	0.180
25.63833	0.191
25.64000	0.187
25.64167	0.173
25.64333	0.183
25.64500	0.193
25.64667	0.190
25.64833	0.176
25.65000	0.185
25.65167	0.196
25.65333	0.194
25.65500	0.179
25.65667	0.185
25.65833	0.198
25.66000	0.198
25.66167	0.181
25.66333	0.184
25.66500	0.198
25.66667	0.201
25.66833	0.192
25.67000	0.200
25.67167	0.209
25.67333	0.211
25.67500	0.200
25.67667	0.204
25.67833	0.217
25.68000	0.217
25.68167	0.198
25.68333	0.196
25.68500	0.211
25.68667	0.215
25.68833	0.206
25.69000	0.206
25.69167	0.219
25.69333	0.223
25.69500	0.212
25.69667	0.212
25.69833	0.226
25.70000	0.230
25.70167	0.221
25.70333	0.218
25.70500	0.234
25.70667	0.236
25.70833	0.225
25.71000	0.226
25.71167	0.242
25.71333	0.247
25.71500	0.238
25.71667	0.231
25.71833	0.245
25.72000	0.249
25.72167	0.240
25.72333	0.236
25.72500	0.252
25.72667	0.256
25.72833	0.248
25.73000	0.243
25.73167	0.258
25.73333	0.263
25.73500	0.257
25.73667	0.254
25.73833	0.271
25.74000	0.279
25.74167	0.272
25.74333	0.265
25.74500	0.282
25.74667	0.287
25.74833	0.281
25.75000	0.278
25.75167	0.298
25.75333	0.304
25.75500	0.295
25.75667	0.287
25.75833	0.302
25.76000	0.312
25.76167	0.310
25.76333	0.302
25.76500	0.317
25.76667	0.327
25.76833	0.323
25.77000	0.319
25.77167	0.340
25.77333	0.348
25.77500	0.344
25.77667	0.336
25.77833	0.353
25.78000	0.365
25.78167	0.366
25.78333	0.359
25.78500	0.376
25.78667	0.384
25.78833	0.379
25.79000	0.371
25.79167	0.388
25.79333	0.401
25.79500	0.400
25.79667	0.395
25.79833	0.419
25.80000	0.430
25.80167	0.429
25.80333	0.422
25.80500	0.441
25.80667	0.458
25.80833	0.462
25.81000	0.454
25.81167	0.466
25.81333	0.476
25.81500	0.479
25.81667	0.472
25.81833	0.486
25.82000	0.499
25.82167	0.499
25.82333	0.494
25.82500	0.508
25.82667	0.526
25.82833	0.531
25.83000	0.524
25.83167	0.536
25.83333	0.553
25.83500	0.557
25.83667	0.554
25.83833	0.572
25.84000	0.591
25.84167	0.600
25.84333	0.594
25.84500	0.607
25.84667	0.627
25.84833	0.631
25.85000	0.625
25.85167	0.637
25.85333	0.660
25.85500	0.665
25.85667	0.658
25.85833	0.672
25.86000	0.696
25.86167	0.704
25.86333	0.699
25.86500	0.710
25.86667	0.730
25.86833	0.739
25.87000	0.735
25.87167	0.747
25.87333	0.772
25.87500	0.782
25.87667	0.777
25.87833	0.788
25.88000	0.816
25.88167	0.833
25.88333	0.833
25.88500	0.844
25.88667	0.870
25.88833	0.883
25.89000	0.882
25.89167	0.894
25.89333	0.919
25.89500	0.930
25.89667	0.929
25.89833	0.934
25.90000	0.961
25.90167	0.973
25.90333	0.972
25.90500	0.983
25.90667	1.010
25.90833	1.024
25.91000	1.026
25.91167	1.035
25.91333	1.063
25.91500	1.078
25.91667	1.086
25.91833	1.097
25.92000	1.125
25.92167	1.141
25.92333	1.143
25.92500	1.154
25.92667	1.185
25.92833	1.197
25.93000	1.201
25.93167	1.211
25.93333	1.241
25.93500	1.259
25.93667	1.263
25.93833	1.271
25.94000	1.301
25.94167	1.318
25.94333	1.321
25.94500	1.329
25.94667	1.359
25.94833	1.379
25.95000	1.386
25.95167	1.394
25.95333	1.426
25.95500	1.447
25.95667	1.457
25.95833	1.464
25.96000	1.494
25.96167	1.515
25.96333	1.523
25.96500	1.528
25.96667	1.558
25.96833	1.575
25.97000	1.580
25.97167	1.586
25.97333	1.621
25.97500	1.646
25.97667	1.656
25.97833	1.661
25.98000	1.693
25.98167	1.715
25.98333	1.722
25.98500	1.728
25.98667	1.758
25.98833	1.781
25.99000	1.792
25.99167	1.799
25.99333	1.827
25.99500	1.853
25.99667	1.865
25.99833	1.872
26.00000	1.902
26.00167	1.927
26.00333	1.936
26.00500	1.942
26.00667	1.971
26.00833	2.001
26.01000	2.015
26.01167	2.022
26.01333	2.051
26.01500	2.079
26.01667	2.092
26.01833	2.099
26.02000	2.126
26.02167	2.153
26.02333	2.166
26.02500	2.172
26.02667	2.200
26.02833	2.227
26.03000	2.240
26.03167	2.244
26.03333	2.274
26.03500	2.303
26.03667	2.319
26.03833	2.326
26.04000	2.350
26.04167	2.378
26.04333	2.393
26.04500	2.400
26.04667	2.423
26.04833	2.450
26.05000	2.467
26.05167	2.475
26.05333	2.496
26.05500	2.524
26.05667	2.537
26.05833	2.541
26.06000	2.563
26.06167	2.591
26.06333	2.604
26.06500	2.608
26.06667	2.630
26.06833	2.663
26.07000	2.681
26.07167	2.689
26.07333	2.709
26.07500	2.738
26.07667	2.754
26.07833	2.763
26.08000	2.785
26.08167	2.812
26.08333	2.829
26.08500	2.833
26.08667	2.852
26.08833	2.882
26.09000	2.896
26.09167	2.905
26.09333	2.922
26.09500	2.949
26.09667	2.963
26.09833	2.969
26.10000	2.983
26.10167	3.009
26.10333	3.025
26.10500	3.027
26.10667	3.040
26.10833	3.071
26.11000	3.086
26.11167	3.087
26.11333	3.101
26.11500	3.126
26.11667	3.140
26.11833	3.140
26.12000	3.151
26.12167	3.183
26.12333	3.202
26.12500	3.206
26.12667	3.217
26.12833	3.243
26.13000	3.257
26.13167	3.261
26.13333	3.275
26.13500	3.305
26.13667	3.323
26.13833	3.323
26.14000	3.332
26.14167	3.359
26.14333	3.375
26.14500	3.375
26.14667	3.378
26.14833	3.399
26.15000	3.414
26.15167	3.412
26.15333	3.416
26.15500	3.440
26.15667	3.455
26.15833	3.456
26.16000	3.460
26.16167	3.479
26.16333	3.491
26.16500	3.488
26.16667	3.490
26.16833	3.511
26.17000	3.523
26.17167	3.521
26.17333	3.522
26.17500	3.545
26.17667	3.561
26.17833	3.560
26.18000	3.563
26.18167	3.584
26.18333	3.598
26.18500	3.597
26.18667	3.597
26.18833	3.614
26.19000	3.622
26.19167	3.619
26.19333	3.616
26.19500	3.635
26.19667	3.648
26.19833	3.649
26.20000	3.644
26.20167	3.660
26.20333	3.674
26.20500	3.673
26.20667	3.666
26.20833	3.681
26.21000	3.693
26.21167	3.690
26.21333	3.682
26.21500	3.695
26.21667	3.706
26.21833	3.701
26.22000	3.694
26.22167	3.708
26.22333	3.723
26.22500	3.718
26.22667	3.706
26.22833	3.715
26.23000	3.723
26.23167	3.718
26.23333	3.711
26.23500	3.722
26.23667	3.730
26.23833	3.726
26.24000	3.715
26.24167	3.723
26.24333	3.733
26.24500	3.725
26.24667	3.708
26.24833	3.712
26.25000	3.720
26.25167	3.718
26.25333	3.708
26.25500	3.716
26.25667	3.722
26.25833	3.715
26.26000	3.702
26.26167	3.709
26.26333	3.716
26.26500	3.711
26.26667	3.697
26.26833	3.700
26.27000	3.705
26.27167	3.693
26.27333	3.675
26.27500	3.674
26.27667	3.678
26.27833	3.671
26.28000	3.658
26.28167	3.662
26.28333	3.665
26.28500	3.657
26.28667	3.639
26.28833	3.638
26.29000	3.644
26.29167	3.636
26.29333	3.614
26.29500	3.611
26.29667	3.618
26.29833	3.610
26.30000	3.591
26.30167	3.587
26.30333	3.591
26.30500	3.583
26.30667	3.563
26.30833	3.561
26.31000	3.564
26.31167	3.556
26.31333	3.535
26.31500	3.530
26.31667	3.531
26.31833	3.521
26.32000	3.498
26.32167	3.490
26.32333	3.492
26.32500	3.488
26.32667	3.466
26.32833	3.454
26.33000	3.456
26.33167	3.447
26.33333	3.425
26.33500	3.414
26.33667	3.416
26.33833	3.404
26.34000	3.381
26.34167	3.368
26.34333	3.371
26.34500	3.364
26.34667	3.340
26.34833	3.327
26.35000	3.330
26.35167	3.321
26.35333	3.297
26.35500	3.283
26.35667	3.288
26.35833	3.284
26.36000	3.263
26.36167	3.249
26.36333	3.250
26.36500	3.238
26.36667	3.214
26.36833	3.197
26.37000	3.197
26.37167	3.191
26.37333	3.170
26.37500	3.151
26.37667	3.152
26.37833	3.141
26.38000	3.119
26.38167	3.102
26.38333	3.101
26.38500	3.091
26.38667	3.066
26.38833	3.050
26.39000	3.056
26.39167	3.047
26.39333	3.024
26.39500	3.000
26.39667	2.998
26.39833	2.991
26.40000	2.972
26.40167	2.955
26.40333	2.953
26.40500	2.944
26.40667	2.921
26.40833	2.900
26.41000	2.899
26.41167	2.894
26.41333	2.875
26.41500	2.853
26.41667	2.850
26.41833	2.843
26.42000	2.822
26.42167	2.795
26.42333	2.793
26.42500	2.786
26.42667	2.763
26.42833	2.741
26.43000	2.740
26.43167	2.735
26.43333	2.717
26.43500	2.695
26.43667	2.691
26.43833	2.686
26.44000	2.669
26.44167	2.646
26.44333	2.644
26.44500	2.638
26.44667	2.616
26.44833	2.589
26.45000	2.583
26.45167	2.579
26.45333	2.561
26.45500	2.535
26.45667	2.534
26.45833	2.532
26.46000	2.513
26.46167	2.487
26.46333	2.484
26.46500	2.477
26.46667	2.458
26.46833	2.435
26.47000	2.433
26.47167	2.430
26.47333	2.414
26.47500	2.387
26.47667	2.383
26.47833	2.380
26.48000	2.364
26.48167	2.339
26.48333	2.334
26.48500	2.329
26.48667	2.312
26.48833	2.285
26.49000	2.279
26.49167	2.277
26.49333	2.260
26.49500	2.230
26.49667	2.225
26.49833	2.224
26.50000	2.208
26.50167	2.181
26.50333	2.171
26.50500	2.171
26.50667	2.160
26.50833	2.136
26.51000	2.127
26.51167	2.127
26.51333	2.114
26.51500	2.087
26.51667	2.076
26.51833	2.075
26.52000	2.064
26.52167	2.040
26.52333	2.032
26.52500	2.033
26.52667	2.020
26.52833	1.996
26.53000	1.987
26.53167	1.986
26.53333	1.974
26.53500	1.948
26.53667	1.936
26.53833	1.940
26.54000	1.931
26.54167	1.908
26.54333	1.896
26.54500	1.897
26.54667	1.887
26.54833	1.863
26.55000	1.852
26.55167	1.856
26.55333	1.848
26.55500	1.825
26.55667	1.812
26.55833	1.814
26.56000	1.806
26.56167	1.786
26.56333	1.771
26.56500	1.773
26.56667	1.767
26.56833	1.746
26.57000	1.732
26.57167	1.737
26.57333	1.729
26.57500	1.709
26.57667	1.691
26.57833	1.696
26.58000	1.689
26.58167	1.672
26.58333	1.657
26.58500	1.658
26.58667	1.652
26.58833	1.636
26.59000	1.620
26.59167	1.624
26.59333	1.619
26.59500	1.598
26.59667	1.579
26.59833	1.584
26.60000	1.578
26.60167	1.557
26.60333	1.539
26.60500	1.540
26.60667	1.532
26.60833	1.514
26.61000	1.494
26.61167	1.500
26.61333	1.498
26.61500	1.481
26.61667	1.460
26.61833	1.465
26.62000	1.460
26.62167	1.444
26.62333	1.428
26.62500	1.436
26.62667	1.433
26.62833	1.418
26.63000	1.401
26.63167	1.410
26.63333	1.413
26.63500	1.398
26.63667	1.378
26.63833	1.386
26.64000	1.385
26.64167	1.372
26.64333	1.351
26.64500	1.355
26.64667	1.355
26.64833	1.340
26.65000	1.314
26.65167	1.317
26.65333	1.317
26.65500	1.306
26.65667	1.288
26.65833	1.295
26.66000	1.297
26.66167	1.286
26.66333	1.263
26.66500	1.267
26.66667	1.267
26.66833	1.255
26.67000	1.234
26.67167	1.234
26.67333	1.235
26.67500	1.225
26.67667	1.206
26.67833	1.207
26.68000	1.206
26.68167	1.193
26.68333	1.172
26.68500	1.176
26.68667	1.181
26.68833	1.172
26.69000	1.154
26.69167	1.156
26.69333	1.162
26.69500	1.154
26.69667	1.131
26.69833	1.128
26.70000	1.134
26.70167	1.126
26.70333	1.105
26.70500	1.103
26.70667	1.111
26.70833	1.101
26.71000	1.078
26.71167	1.077
26.71333	1.084
26.71500	1.076
26.71667	1.059
26.71833	1.055
26.72000	1.063
26.72167	1.058
26.72333	1.039
26.72500	1.032
26.72667	1.038
26.72833	1.031
26.73000	1.015
26.73167	1.007
26.73333	1.015
26.73500	1.012
26.73667	0.993
26.73833	0.989
26.74000	1.000
26.74167	0.994
26.74333	0.976
26.74500	0.968
26.74667	0.977
26.74833	0.971
26.75000	0.955
26.75167	0.946
26.75333	0.956
26.75500	0.953
26.75667	0.937
26.75833	0.930
26.76000	0.940
26.76167	0.937
26.76333	0.920
26.76500	0.913
26.76667	0.921
26.76833	0.918
26.77000	0.904
26.77167	0.895
26.77333	0.908
26.77500	0.907
26.77667	0.892
26.77833	0.881
26.78000	0.891
26.78167	0.889
26.78333	0.875
26.78500	0.862
26.78667	0.871
26.78833	0.874
26.79000	0.861
26.79167	0.852
26.79333	0.867
26.79500	0.866
26.79667	0.851
26.79833	0.836
26.80000	0.842
26.80167	0.844
26.80333	0.834
26.80500	0.822
26.80667	0.831
26.80833	0.834
26.81000	0.818
26.81167	0.802
26.81333	0.811
26.81500	0.810
26.81667	0.798
26.81833	0.784
26.82000	0.794
26.82167	0.797
26.82333	0.789
26.82500	0.776
26.82667	0.784
26.82833	0.782
26.83000	0.768
26.83167	0.758
26.83333	0.767
26.83500	0.768
26.83667	0.756
26.83833	0.744
26.84000	0.752
26.84167	0.753
26.84333	0.744
26.84500	0.729
26.84667	0.739
26.84833	0.744
26.85000	0.732
26.85167	0.717
26.85333	0.726
26.85500	0.732
26.85667	0.723
26.85833	0.706
26.86000	0.713
26.86167	0.720
26.86333	0.712
26.86500	0.697
26.86667	0.703
26.86833	0.709
26.87000	0.702
26.87167	0.686
26.87333	0.686
26.87500	0.692
26.87667	0.688
26.87833	0.673
26.88000	0.676
26.88167	0.683
26.88333	0.679
26.88500	0.666
26.88667	0.670
26.88833	0.677
26.89000	0.670
26.89167	0.658
26.89333	0.661
26.89500	0.666
26.89667	0.657
26.89833	0.644
26.90000	0.645
26.90167	0.654
26.90333	0.647
26.90500	0.629
26.90667	0.631
26.90833	0.638
26.91000	0.628
26.91167	0.613
26.91333	0.613
26.91500	0.625
26.91667	0.621
26.91833	0.607
26.92000	0.607
26.92167	0.615
26.92333	0.611
26.92500	0.595
26.92667	0.595
26.92833	0.605
26.93000	0.603
26.93167	0.591
26.93333	0.589
26.93500	0.601
26.93667	0.596
26.93833	0.581
26.94000	0.581
26.94167	0.594
26.94333	0.593
26.94500	0.577
26.94667	0.569
26.94833	0.577
26.95000	0.575
26.95167	0.560
26.95333	0.563
26.95500	0.581
26.95667	0.583
26.95833	0.570
26.96000	0.563
26.96167	0.570
26.96333	0.568
26.96500	0.552
26.96667	0.551
26.96833	0.563
26.97000	0.557
26.97167	0.541
26.97333	0.539
26.97500	0.550
26.97667	0.546
26.97833	0.535
26.98000	0.535
26.98167	0.547
26.98333	0.548
26.98500	0.537
26.98667	0.532
26.98833	0.543
26.99000	0.543
26.99167	0.526
26.99333	0.520
26.99500	0.531
26.99667	0.533
26.99833	0.519
27.00000	0.508
27.00167	0.518
27.00333	0.520
27.00500	0.509
27.00667	0.501
27.00833	0.515
27.01000	0.520
27.01167	0.509
27.01333	0.498
27.01500	0.507
27.01667	0.508
27.01833	0.495
27.02000	0.487
27.02167	0.499
27.02333	0.504
27.02500	0.495
27.02667	0.485
27.02833	0.498
27.03000	0.502
27.03167	0.489
27.03333	0.480
27.03500	0.493
27.03667	0.496
27.03833	0.489
27.04000	0.476
27.04167	0.481
27.04333	0.480
27.04500	0.471
27.04667	0.463
27.04833	0.471
27.05000	0.475
27.05167	0.469
27.05333	0.460
27.05500	0.466
27.05667	0.469
27.05833	0.459
27.06000	0.447
27.06167	0.454
27.06333	0.462
27.06500	0.455
27.06667	0.444
27.06833	0.452
27.07000	0.457
27.07167	0.449
27.07333	0.437
27.07500	0.442
27.07667	0.450
27.07833	0.446
27.08000	0.436
27.08167	0.448
27.08333	0.456
27.08500	0.447
27.08667	0.431
27.08833	0.438
27.09000	0.446
27.09167	0.443
27.09333	0.428
27.09500	0.435
27.09667	0.439
27.09833	0.435
27.10000	0.425
27.10167	0.430
27.10333	0.439
27.10500	0.431
27.10667	0.415
27.10833	0.419
27.11000	0.426
27.11167	0.418
27.11333	0.404
27.11500	0.412
27.11667	0.426
27.11833	0.424
27.12000	0.412
27.12167	0.416
27.12333	0.423
27.12500	0.422
27.12667	0.409
27.12833	0.415
27.13000	0.424
27.13167	0.417
27.13333	0.401
27.13500	0.404
27.13667	0.411
27.13833	0.408
27.14000	0.395
27.14167	0.395
27.14333	0.407
27.14500	0.403
27.14667	0.388
27.14833	0.388
27.15000	0.397
27.15167	0.399
27.15333	0.381
27.15500	0.382
27.15667	0.392
27.15833	0.392
27.16000	0.380
27.16167	0.381
27.16333	0.390
27.16500	0.393
27.16667	0.378
27.16833	0.377
27.17000	0.385
27.17167	0.387
27.17333	0.374
27.17500	0.376
27.17667	0.387
27.17833	0.385
27.18000	0.368
27.18167	0.368
27.18333	0.381
27.18500	0.385
27.18667	0.372
27.18833	0.369
27.19000	0.379
27.19167	0.381
27.19333	0.367
27.19500	0.363
27.19667	0.377
27.19833	0.379
27.20000	0.366
27.20167	0.359
27.20333	0.373
27.20500	0.375
27.20667	0.365
27.20833	0.360
27.21000	0.368
27.21167	0.367
27.21333	0.353
27.21500	0.346
27.21667	0.359
27.21833	0.365
27.22000	0.357
27.22167	0.351
27.22333	0.359
27.22500	0.361
27.22667	0.347
27.22833	0.341
27.23000	0.356
27.23167	0.362
27.23333	0.354
27.23500	0.347
27.23667	0.359
27.23833	0.365
27.24000	0.354
27.24167	0.345
27.24333	0.355
27.24500	0.357
27.24667	0.348
27.24833	0.339
27.25000	0.350
27.25167	0.357
27.25333	0.348
27.25500	0.335
27.25667	0.346
27.25833	0.353
27.26000	0.343
27.26167	0.333
27.26333	0.344
27.26500	0.347
27.26667	0.335
27.26833	0.319
27.27000	0.330
27.27167	0.337
27.27333	0.334
27.27500	0.325
27.27667	0.339
27.27833	0.346
27.28000	0.338
27.28167	0.324
27.28333	0.335
27.28500	0.344
27.28667	0.338
27.28833	0.325
27.29000	0.337
27.29167	0.345
27.29333	0.337
27.29500	0.320
27.29667	0.324
27.29833	0.329
27.30000	0.325
27.30167	0.312
27.30333	0.318
27.30500	0.321
27.30667	0.314
27.30833	0.304
27.31000	0.312
27.31167	0.321
27.31333	0.318
27.31500	0.304
27.31667	0.313
27.31833	0.321
27.32000	0.318
27.32167	0.301
27.32333	0.308
27.32500	0.316
27.32667	0.312
27.32833	0.297
27.33000	0.305
27.33167	0.315
27.33333	0.312
27.33500	0.299
27.33667	0.303
27.33833	0.314
27.34000	0.309
27.34167	0.295
27.34333	0.299
27.34500	0.304
27.34667	0.303
27.34833	0.290
27.35000	0.297
27.35167	0.309
27.35333	0.308
27.35500	0.292
27.35667	0.295
27.35833	0.308
27.36000	0.309
27.36167	0.296
27.36333	0.299
27.36500	0.308
27.36667	0.304
27.36833	0.288
27.37000	0.287
27.37167	0.293
27.37333	0.292
27.37500	0.279
27.37667	0.280
27.37833	0.291
27.38000	0.290
27.38167	0.277
27.38333	0.276
27.38500	0.288
27.38667	0.288
27.38833	0.273
27.39000	0.272
27.39167	0.285
27.39333	0.290
27.39500	0.279
27.39667	0.275
27.39833	0.291
27.40000	0.293
27.40167	0.282
27.40333	0.275
27.40500	0.286
27.40667	0.285
27.40833	0.274
27.41000	0.270
27.41167	0.285
27.41333	0.288
27.41500	0.276
27.41667	0.269
27.41833	0.278
27.42000	0.278
27.42167	0.267
27.42333	0.258
27.42500	0.272
27.42667	0.278
27.42833	0.269
27.43000	0.264
27.43167	0.280
27.43333	0.285
27.43500	0.270
27.43667	0.261
27.43833	0.278
27.44000	0.287
27.44167	0.278
27.44333	0.271
27.44500	0.281
27.44667	0.283
27.44833	0.271
27.45000	0.259
27.45167	0.271
27.45333	0.276
27.45500	0.270
27.45667	0.263
27.45833	0.279
27.46000	0.286
27.46167	0.276
27.46333	0.261
27.46500	0.273
27.46667	0.277
27.46833	0.270
27.47000	0.256
27.47167	0.269
27.47333	0.276
27.47500	0.269
27.47667	0.253
27.47833	0.268
27.48000	0.275
27.48167	0.267
27.48333	0.257
27.48500	0.270
27.48667	0.275
27.48833	0.268
27.49000	0.253
27.49167	0.264
27.49333	0.271
27.49500	0.264
27.49667	0.248
27.49833	0.258
27.50000	0.262
27.50167	0.256
27.50333	0.241
27.50500	0.252
27.50667	0.260
27.50833	0.254
27.51000	0.239
27.51167	0.250
27.51333	0.259
27.51500	0.252
27.51667	0.238
27.51833	0.250
27.52000	0.263
27.52167	0.256
27.52333	0.242
27.52500	0.248
27.52667	0.253
27.52833	0.245
27.53000	0.229
27.53167	0.240
27.53333	0.253
27.53500	0.247
27.53667	0.233
27.53833	0.240
27.54000	0.249
27.54167	0.243
27.54333	0.227
27.54500	0.234
27.54667	0.247
27.54833	0.242
27.55000	0.226
27.55167	0.233
27.55333	0.246
27.55500	0.240
27.55667	0.224
27.55833	0.229
27.56000	0.242
27.56167	0.240
27.56333	0.227
27.56500	0.232
27.56667	0.247
27.56833	0.246
27.57000	0.234
27.57167	0.235
27.57333	0.245
27.57500	0.244
27.57667	0.230
27.57833	0.230
27.58000	0.240
27.58167	0.241
27.58333	0.232
27.58500	0.232
27.58667	0.245
27.58833	0.239
27.59000	0.227
27.59167	0.225
27.59333	0.242
27.59500	0.241
27.59667	0.227
27.59833	0.223
27.60000	0.236
27.60167	0.239
27.60333	0.227
27.60500	0.224
27.60667	0.237
27.60833	0.239
27.61000	0.225
27.61167	0.221
27.61333	0.237
27.61500	0.239
27.61667	0.224
27.61833	0.215
27.62000	0.228
27.62167	0.233
27.62333	0.222
27.62500	0.218
27.62667	0.233
27.62833	0.237
27.63000	0.227
27.63167	0.218
27.63333	0.232
27.63500	0.234
27.63667	0.221
27.63833	0.211
27.64000	0.225
27.64167	0.228
27.64333	0.223
27.64500	0.217
27.64667	0.231
27.64833	0.235
27.65000	0.225
27.65167	0.216
27.65333	0.227
27.65500	0.229
27.65667	0.218
27.65833	0.208
27.66000	0.222
27.66167	0.226
27.66333	0.215
27.66500	0.205
27.66667	0.218
27.66833	0.220
27.67000	0.211
27.67167	0.204
27.67333	0.218
27.67500	0.220
27.67667	0.212
27.67833	0.205
27.68000	0.220
27.68167	0.227
27.68333	0.216
27.68500	0.206
27.68667	0.216
27.68833	0.219
27.69000	0.211
27.69167	0.199
27.69333	0.213
27.69500	0.223
27.69667	0.217
27.69833	0.204
27.70000	0.216
27.70167	0.224
27.70333	0.216
27.70500	0.203
27.70667	0.215
27.70833	0.227
27.71000	0.221
27.71167	0.209
27.71333	0.215
27.71500	0.225
27.71667	0.222
27.71833	0.210
27.72000	0.219
27.72167	0.231
27.72333	0.223
27.72500	0.211
27.72667	0.218
27.72833	0.227
27.73000	0.222
27.73167	0.205
27.73333	0.210
27.73500	0.222
27.73667	0.217
27.73833	0.202
27.74000	0.209
27.74167	0.222
27.74333	0.221
27.74500	0.206
27.74667	0.212
27.74833	0.221
27.75000	0.214
27.75167	0.206
27.75333	0.213
27.75500	0.226
27.75667	0.224
27.75833	0.212
27.76000	0.214
27.76167	0.224
27.76333	0.218
27.76500	0.203
27.76667	0.206
27.76833	0.219
27.77000	0.218
27.77167	0.203
27.77333	0.207
27.77500	0.220
27.77667	0.222
27.77833	0.208
27.78000	0.205
27.78167	0.216
27.78333	0.213
27.78500	0.201
27.78667	0.200
27.78833	0.213
27.79000	0.213
27.79167	0.203
27.79333	0.202
27.79500	0.215
27.79667	0.213
27.79833	0.199
27.80000	0.197
27.80167	0.209
27.80333	0.204
27.80500	0.194
27.80667	0.194
27.80833	0.207
27.81000	0.208
27.81167	0.195
27.81333	0.191
27.81500	0.203
27.81667	0.205
27.81833	0.195
27.82000	0.190
27.82167	0.202
27.82333	0.201
27.82500	0.189
27.82667	0.184
27.82833	0.199
27.83000	0.204
27.83167	0.194
27.83333	0.190
27.83500	0.205
27.83667	0.210
27.83833	0.200
27.84000	0.194
27.84167	0.206
27.84333	0.209
27.84500	0.201
27.84667	0.198
27.84833	0.211
27.85000	0.215
27.85167	0.203
27.85333	0.195
27.85500	0.201
27.85667	0.201
27.85833	0.191
27.86000	0.183
27.86167	0.197
27.86333	0.199
27.86500	0.187
27.86667	0.178
27.86833	0.189
27.87000	0.195
27.87167	0.187
27.87333	0.182
27.87500	0.197
27.87667	0.201
27.87833	0.194
27.88000	0.187
27.88167	0.196
27.88333	0.201
27.88500	0.193
27.88667	0.185
27.88833	0.194
27.89000	0.202
27.89167	0.190
27.89333	0.177
27.89500	0.187
27.89667	0.194
27.89833	0.186
27.90000	0.176
27.90167	0.187
27.90333	0.194
27.90500	0.187
27.90667	0.174
27.90833	0.182
27.91000	0.189
27.91167	0.181
27.91333	0.171
27.91500	0.183
27.91667	0.191
27.91833	0.187
27.92000	0.178
27.92167	0.188
27.92333	0.201
27.92500	0.195
27.92667	0.183
27.92833	0.190
27.93000	0.196
27.93167	0.189
27.93333	0.176
27.93500	0.182
27.93667	0.190
27.93833	0.184
27.94000	0.171
27.94167	0.178
27.94333	0.187
27.94500	0.186
27.94667	0.174
27.94833	0.177
27.95000	0.186
27.95167	0.183
27.95333	0.168
27.95500	0.176
27.95667	0.186
27.95833	0.184
27.96000	0.174
27.96167	0.182
27.96333	0.195
27.96500	0.193
27.96667	0.176
27.96833	0.181
27.97000	0.192
27.97167	0.190
27.97333	0.176
27.97500	0.182
27.97667	0.193
27.97833	0.189
27.98000	0.175
27.98167	0.177
27.98333	0.186
27.98500	0.185
27.98667	0.173
27.98833	0.176
27.99000	0.188
27.99167	0.189
27.99333	0.176
27.99500	0.179
27.99667	0.190
27.99833	0.184
28.00000	0.171
28.00167	0.173
28.00333	0.182
28.00500	0.183
28.00667	0.173
28.00833	0.175
28.01000	0.187
28.01167	0.188
28.01333	0.179
28.01500	0.182
28.01667	0.191
28.01833	0.188
28.02000	0.176
28.02167	0.176
28.02333	0.187
28.02500	0.187
28.02667	0.173
28.02833	0.165
28.03000	0.176
28.03167	0.177
28.03333	0.165
28.03500	0.163
28.03667	0.177
28.03833	0.181
28.04000	0.168
28.04167	0.164
28.04333	0.180
28.04500	0.185
28.04667	0.175
28.04833	0.173
28.05000	0.189
28.05167	0.193
28.05333	0.178
28.05500	0.174
28.05667	0.187
28.05833	0.190
28.06000	0.181
28.06167	0.176
28.06333	0.191
28.06500	0.198
28.06667	0.185
28.06833	0.178
28.07000	0.192
28.07167	0.192
28.07333	0.180
28.07500	0.170
28.07667	0.180
28.07833	0.185
28.08000	0.176
28.08167	0.164
28.08333	0.178
28.08500	0.184
28.08667	0.176
28.08833	0.165
28.09000	0.178
28.09167	0.182
28.09333	0.171
28.09500	0.162
28.09667	0.176
28.09833	0.183
28.10000	0.175
28.10167	0.164
28.10333	0.176
28.10500	0.184
28.10667	0.179
28.10833	0.169
28.11000	0.181
28.11167	0.185
28.11333	0.176
28.11500	0.163
28.11667	0.170
28.11833	0.173
28.12000	0.166
28.12167	0.156
28.12333	0.169
28.12500	0.180
28.12667	0.176
28.12833	0.161
28.13000	0.173
28.13167	0.182
28.13333	0.174
28.13500	0.160
28.13667	0.169
28.13833	0.177
28.14000	0.174
28.14167	0.163
28.14333	0.174
28.14500	0.184
28.14667	0.177
28.14833	0.163
28.15000	0.173
28.15167	0.181
28.15333	0.175
28.15500	0.159
28.15667	0.165
28.15833	0.169
28.16000	0.163
28.16167	0.148
28.16333	0.158
28.16500	0.167
28.16667	0.167
28.16833	0.154
28.17000	0.162
28.17167	0.173
28.17333	0.172
28.17500	0.159
28.17667	0.166
28.17833	0.175
28.18000	0.172
28.18167	0.161
28.18333	0.173
28.18500	0.178
28.18667	0.176
28.18833	0.159
28.19000	0.166
28.19167	0.176
28.19333	0.175
28.19500	0.163
28.19667	0.170
28.19833	0.181
28.20000	0.177
28.20167	0.160
28.20333	0.163
28.20500	0.171
28.20667	0.170
28.20833	0.156
28.21000	0.156
28.21167	0.168
28.21333	0.167
28.21500	0.155
28.21667	0.155
28.21833	0.166
28.22000	0.166
28.22167	0.151
28.22333	0.153
28.22500	0.170
28.22667	0.175
28.22833	0.164
28.23000	0.164
28.23167	0.176
28.23333	0.176
28.23500	0.160
28.23667	0.157
28.23833	0.170
28.24000	0.166
28.24167	0.154
28.24333	0.157
28.24500	0.171
28.24667	0.176
28.24833	0.166
28.25000	0.161
28.25167	0.173
28.25333	0.174
28.25500	0.161
28.25667	0.158
28.25833	0.169
28.26000	0.169
28.26167	0.157
28.26333	0.156
28.26500	0.170
28.26667	0.173
28.26833	0.163
28.27000	0.154
28.27167	0.165
28.27333	0.168
28.27500	0.159
28.27667	0.150
28.27833	0.169
28.28000	0.171
28.28167	0.157
28.28333	0.150
28.28500	0.162
28.28667	0.168
28.28833	0.161
28.29000	0.156
28.29167	0.172
28.29333	0.174
28.29500	0.165
28.29667	0.154
28.29833	0.170
28.30000	0.174
28.30167	0.165
28.30333	0.155
28.30500	0.167
28.30667	0.171
28.30833	0.161
28.31000	0.151
28.31167	0.165
28.31333	0.170
28.31500	0.162
28.31667	0.150
28.31833	0.163
28.32000	0.167
28.32167	0.160
28.32333	0.151
28.32500	0.165
28.32667	0.175
28.32833	0.168
28.33000	0.156
28.33167	0.167
28.33333	0.170
28.33500	0.160
28.33667	0.144
28.33833	0.155
28.34000	0.163
28.34167	0.161
28.34333	0.149
28.34500	0.162
28.34667	0.169
28.34833	0.165
28.35000	0.149
28.35167	0.160
28.35333	0.171
28.35500	0.169
28.35667	0.159
28.35833	0.169
28.36000	0.176
28.36167	0.172
28.36333	0.160
28.36500	0.169
28.36667	0.178
28.36833	0.172
28.37000	0.156
28.37167	0.167
28.37333	0.179
28.37500	0.175
28.37667	0.159
28.37833	0.168
28.38000	0.177
28.38167	0.171
28.38333	0.154
28.38500	0.160
28.38667	0.171
28.38833	0.169
28.39000	0.155
28.39167	0.159
28.39333	0.167
28.39500	0.164
28.39667	0.152
28.39833	0.158
28.40000	0.169
28.40167	0.167
28.40333	0.154
28.40500	0.156
28.40667	0.169
28.40833	0.168
28.41000	0.156
28.41167	0.153
28.41333	0.164
28.41500	0.163
28.41667	0.154
28.41833	0.157
28.42000	0.169
28.42167	0.166
28.42333	0.153
28.42500	0.155
28.42667	0.167
28.42833	0.170
28.43000	0.157
28.43167	0.159
28.43333	0.174
28.43500	0.172
28.43667	0.160
28.43833	0.157
28.44000	0.169
28.44167	0.171
28.44333	0.158
28.44500	0.159
28.44667	0.174
28.44833	0.172
28.45000	0.158
28.45167	0.152
28.45333	0.166
28.45500	0.169
28.45667	0.159
28.45833	0.155
28.46000	0.170
28.46167	0.171
28.46333	0.157
28.46500	0.152
28.46667	0.167
28.46833	0.168
28.47000	0.157
28.47167	0.155
28.47333	0.170
28.47500	0.172
28.47667	0.163
28.47833	0.156
28.48000	0.168
28.48167	0.169
28.48333	0.159
28.48500	0.153
28.48667	0.166
28.48833	0.165
28.49000	0.155
28.49167	0.149
28.49333	0.164
28.49500	0.167
28.49667	0.157
28.49833	0.151
28.50000	0.164
28.50167	0.165
28.50333	0.158
28.50500	0.149
28.50667	0.163
28.50833	0.170
28.51000	0.158
28.51167	0.147
28.51333	0.161
28.51500	0.165
28.51667	0.157
28.51833	0.144
28.52000	0.158
28.52167	0.164
28.52333	0.157
28.52500	0.150
28.52667	0.163
28.52833	0.166
28.53000	0.158
28.53167	0.146
28.53333	0.155
28.53500	0.160
28.53667	0.153
28.53833	0.141
28.54000	0.151
28.54167	0.158
28.54333	0.150
28.54500	0.140
28.54667	0.153
28.54833	0.163
28.55000	0.158
28.55167	0.149
28.55333	0.158
28.55500	0.168
28.55667	0.162
28.55833	0.150
28.56000	0.157
28.56167	0.162
28.56333	0.156
28.56500	0.144
28.56667	0.154
28.56833	0.159
28.57000	0.150
28.57167	0.140
28.57333	0.150
28.57500	0.160
28.57667	0.154
28.57833	0.139
28.58000	0.146
28.58167	0.152
28.58333	0.151
28.58500	0.143
28.58667	0.153
28.58833	0.164
28.59000	0.158
28.59167	0.147
28.59333	0.154
28.59500	0.165
28.59667	0.163
28.59833	0.151
28.60000	0.152
28.60167	0.166
28.60333	0.166
28.60500	0.150
28.60667	0.153
28.60833	0.162
28.61000	0.160
28.61167	0.146
28.61333	0.148
28.61500	0.160
28.61667	0.159
28.61833	0.146
28.62000	0.146
28.62167	0.159
28.62333	0.153
28.62500	0.141
28.62667	0.143
28.62833	0.156
28.63000	0.155
28.63167	0.141
28.63333	0.144
28.63500	0.159
28.63667	0.156
28.63833	0.146
28.64000	0.148
28.64167	0.162
28.64333	0.160
28.64500	0.150
28.64667	0.153
28.64833	0.166
28.65000	0.165
28.65167	0.151
28.65333	0.149
28.65500	0.161
28.65667	0.160
28.65833	0.148
28.66000	0.149
28.66167	0.165
28.66333	0.165
28.66500	0.152
28.66667	0.148
28.66833	0.161
28.67000	0.160
28.67167	0.147
28.67333	0.141
28.67500	0.154
28.67667	0.156
28.67833	0.144
28.68000	0.142
28.68167	0.158
28.68333	0.159
28.68500	0.147
28.68667	0.145
28.68833	0.160
28.69000	0.161
28.69167	0.152
28.69333	0.147
28.69500	0.161
28.69667	0.164
28.69833	0.151
28.70000	0.143
28.70167	0.155
28.70333	0.162
28.70500	0.153
28.70667	0.148
28.70833	0.163
28.71000	0.166
28.71167	0.157
28.71333	0.148
28.71500	0.159
28.71667	0.161
28.71833	0.147
28.72000	0.138
28.72167	0.148
28.72333	0.154
28.72500	0.144
28.72667	0.133
28.72833	0.147
28.73000	0.154
28.73167	0.147
28.73333	0.139
28.73500	0.155
28.73667	0.161
28.73833	0.152
28.74000	0.140
28.74167	0.148
28.74333	0.153
28.74500	0.146
28.74667	0.135
28.74833	0.143
28.75000	0.152
28.75167	0.142
28.75333	0.131
28.75500	0.143
28.75667	0.150
28.75833	0.141
28.76000	0.129
28.76167	0.137
28.76333	0.144
28.76500	0.137
28.76667	0.126
28.76833	0.139
28.77000	0.151
28.77167	0.146
28.77333	0.136
28.77500	0.147
28.77667	0.152
28.77833	0.144
28.78000	0.136
28.78167	0.144
28.78333	0.153
28.78500	0.148
28.78667	0.135
28.78833	0.142
28.79000	0.149
28.79167	0.140
28.79333	0.131
28.79500	0.141
28.79667	0.152
28.79833	0.153
28.80000	0.143
28.80167	0.151
28.80333	0.161
28.80500	0.157
28.80667	0.147
28.80833	0.154
28.81000	0.162
28.81167	0.157
28.81333	0.144
28.81500	0.152
28.81667	0.161
28.81833	0.158
28.82000	0.143
28.82167	0.146
28.82333	0.155
28.82500	0.153
28.82667	0.142
28.82833	0.144
28.83000	0.151
28.83167	0.148
28.83333	0.134
28.83500	0.137
28.83667	0.149
28.83833	0.155
28.84000	0.144
28.84167	0.145
28.84333	0.155
28.84500	0.151
28.84667	0.139
28.84833	0.143
28.85000	0.156
28.85167	0.156
28.85333	0.145
28.85500	0.146
28.85667	0.155
28.85833	0.156
28.86000	0.146
28.86167	0.146
28.86333	0.159
28.86500	0.161
28.86667	0.147
28.86833	0.148
28.87000	0.159
28.87167	0.159
28.87333	0.145
28.87500	0.143
28.87667	0.153
28.87833	0.153
28.88000	0.143
28.88167	0.144
28.88333	0.156
28.88500	0.159
28.88667	0.147
28.88833	0.145
28.89000	0.157
28.89167	0.158
28.89333	0.145
28.89500	0.137
28.89667	0.151
28.89833	0.157
28.90000	0.145
28.90167	0.138
28.90333	0.153
28.90500	0.157
28.90667	0.147
28.90833	0.141
28.91000	0.152
28.91167	0.155
28.91333	0.146
28.91500	0.139
28.91667	0.152
28.91833	0.158
28.92000	0.149
28.92167	0.141
28.92333	0.151
28.92500	0.152
28.92667	0.141
28.92833	0.135
28.93000	0.147
28.93167	0.153
28.93333	0.146
28.93500	0.140
28.93667	0.153
28.93833	0.163
28.94000	0.152
28.94167	0.140
28.94333	0.148
28.94500	0.150
28.94667	0.137
28.94833	0.127
28.95000	0.139
28.95167	0.147
28.95333	0.142
28.95500	0.132
28.95667	0.149
28.95833	0.160
28.96000	0.153
28.96167	0.140
28.96333	0.153
28.96500	0.162
28.96667	0.153
28.96833	0.140
28.97000	0.149
28.97167	0.155
28.97333	0.148
28.97500	0.137
28.97667	0.141
28.97833	0.146
28.98000	0.138
28.98167	0.126
28.98333	0.138
28.98500	0.147
28.98667	0.143
28.98833	0.131
28.99000	0.141
28.99167	0.150
28.99333	0.144
28.99500	0.128
28.99667	0.140
28.99833	0.152
29.00000	0.148
29.00167	0.133
29.00333	0.143
29.00500	0.149
29.00667	0.142
29.00833	0.127
29.01000	0.137
29.01167	0.148
29.01333	0.150
29.01500	0.139
29.01667	0.148
29.01833	0.160
29.02000	0.155
29.02167	0.142
29.02333	0.150
29.02500	0.156
29.02667	0.152
29.02833	0.138
29.03000	0.142
29.03167	0.149
29.03333	0.147
29.03500	0.131
29.03667	0.137
29.03833	0.145
29.04000	0.143
29.04167	0.127
29.04333	0.134
29.04500	0.147
29.04667	0.145
29.04833	0.131
29.05000	0.136
29.05167	0.149
29.05333	0.147
29.05500	0.136
29.05667	0.138
29.05833	0.149
29.06000	0.146
29.06167	0.134
29.06333	0.138
29.06500	0.152
29.06667	0.152
29.06833	0.138
29.07000	0.142
29.07167	0.156
29.07333	0.154
29.07500	0.143
29.07667	0.144
29.07833	0.155
29.08000	0.154
29.08167	0.144
29.08333	0.142
29.08500	0.156
29.08667	0.155
29.08833	0.141
29.09000	0.142
29.09167	0.155
29.09333	0.158
29.09500	0.145
29.09667	0.140
29.09833	0.154
29.10000	0.155
29.10167	0.141
29.10333	0.140
29.10500	0.154
29.10667	0.154
29.10833	0.145
29.11000	0.138
29.11167	0.148
29.11333	0.148
29.11500	0.134
29.11667	0.127
29.11833	0.143
29.12000	0.146
29.12167	0.140
29.12333	0.136
29.12500	0.149
29.12667	0.152
29.12833	0.143
29.13000	0.138
29.13167	0.154
29.13333	0.160
29.13500	0.152
29.13667	0.143
29.13833	0.155
29.14000	0.157
29.14167	0.147
29.14333	0.134
29.14500	0.146
29.14667	0.147
29.14833	0.140
29.15000	0.131
29.15167	0.141
29.15333	0.145
29.15500	0.137
29.15667	0.128
29.15833	0.146
29.16000	0.154
29.16167	0.144
29.16333	0.129
29.16500	0.141
29.16667	0.149
29.16833	0.141
29.17000	0.125
29.17167	0.142
29.17333	0.152
29.17500	0.146
29.17667	0.132
29.17833	0.143
29.18000	0.149
29.18167	0.143
29.18333	0.131
29.18500	0.145
29.18667	0.151
29.18833	0.147
29.19000	0.134
29.19167	0.148
29.19333	0.157
29.19500	0.148
29.19667	0.133
29.19833	0.144
29.20000	0.150
29.20167	0.147
29.20333	0.136
29.20500	0.146
29.20667	0.151
29.20833	0.145
29.21000	0.131
29.21167	0.144
29.21333	0.153
29.21500	0.151
29.21667	0.137
29.21833	0.145
29.22000	0.155
29.22167	0.152
29.22333	0.137
29.22500	0.143
29.22667	0.154
29.22833	0.151
29.23000	0.137
29.23167	0.145
29.23333	0.154
29.23500	0.148
29.23667	0.133
29.23833	0.140
29.24000	0.149
29.24167	0.143
29.24333	0.127
29.24500	0.133
29.24667	0.146
29.24833	0.140
29.25000	0.125
29.25167	0.125
29.25333	0.135
29.25500	0.132
29.25667	0.119
29.25833	0.121
29.26000	0.131
29.26167	0.131
29.26333	0.121
29.26500	0.124
29.26667	0.139
29.26833	0.138
29.27000	0.127
29.27167	0.127
29.27333	0.137
29.27500	0.137
29.27667	0.127
29.27833	0.127
29.28000	0.140
29.28167	0.142
29.28333	0.129
29.28500	0.126
29.28667	0.140
29.28833	0.142
29.29000	0.131
29.29167	0.131
29.29333	0.142
29.29500	0.140
29.29667	0.128
29.29833	0.130
29.30000	0.145
29.30167	0.145
29.30333	0.132
29.30500	0.126
29.30667	0.138
29.30833	0.139
29.31000	0.125
29.31167	0.124
29.31333	0.141
29.31500	0.142
29.31667	0.129
29.31833	0.121
29.32000	0.136
29.32167	0.140
29.32333	0.131
29.32500	0.124
29.32667	0.139
29.32833	0.141
29.33000	0.130
29.33167	0.122
29.33333	0.136
29.33500	0.138
29.33667	0.128
29.33833	0.124
29.34000	0.140
29.34167	0.145
29.34333	0.136
29.34500	0.127
29.34667	0.143
29.34833	0.148
29.35000	0.139
29.35167	0.133
29.35333	0.147
29.35500	0.148
29.35667	0.137
29.35833	0.128
29.36000	0.145
29.36167	0.152
29.36333	0.144
29.36500	0.133
29.36667	0.144
29.36833	0.145
29.37000	0.134
29.37167	0.124
29.37333	0.134
29.37500	0.137
29.37667	0.127
29.37833	0.117
29.38000	0.134
29.38167	0.141
29.38333	0.135
29.38500	0.125
29.38667	0.138
29.38833	0.147
29.39000	0.137
29.39167	0.124
29.39333	0.134
29.39500	0.144
29.39667	0.140
29.39833	0.125
29.40000	0.137
29.40167	0.145
29.40333	0.138
29.40500	0.126
29.40667	0.132
29.40833	0.142
29.41000	0.136
29.41167	0.124
29.41333	0.135
29.41500	0.145
29.41667	0.142
29.41833	0.127
29.42000	0.134
29.42167	0.143
29.42333	0.138
29.42500	0.126
29.42667	0.132
29.42833	0.142
29.43000	0.135
29.43167	0.125
29.43333	0.132
29.43500	0.145
29.43667	0.141
29.43833	0.130
29.44000	0.136
29.44167	0.146
29.44333	0.138
29.44500	0.125
29.44667	0.130
29.44833	0.143
29.45000	0.142
29.45167	0.129
29.45333	0.133
29.45500	0.148
29.45667	0.144
29.45833	0.130
29.46000	0.133
29.46167	0.145
29.46333	0.145
29.46500	0.131
29.46667	0.132
29.46833	0.143
29.47000	0.139
29.47167	0.128
29.47333	0.130
29.47500	0.141
29.47667	0.138
29.47833	0.124
29.48000	0.124
29.48167	0.138
29.48333	0.136
29.48500	0.123
29.48667	0.125
29.48833	0.138
29.49000	0.140
29.49167	0.134
29.49333	0.132
29.49500	0.140
29.49667	0.138
29.49833	0.123
29.50000	0.121
29.50167	0.135
29.50333	0.137
29.50500	0.121
29.50667	0.121
29.50833	0.137
29.51000	0.137
29.51167	0.125
29.51333	0.120
29.51500	0.130
29.51667	0.132
29.51833	0.122
29.52000	0.121
29.52167	0.134
29.52333	0.133
29.52500	0.123
29.52667	0.121
29.52833	0.135
29.53000	0.137
29.53167	0.125
29.53333	0.118
29.53500	0.135
29.53667	0.139
29.53833	0.124
29.54000	0.116
29.54167	0.130
29.54333	0.135
29.54500	0.126
29.54667	0.120
29.54833	0.133
29.55000	0.134
29.55167	0.120
29.55333	0.114
29.55500	0.129
29.55667	0.134
29.55833	0.128
29.56000	0.124
29.56167	0.140
29.56333	0.143
29.56500	0.131
29.56667	0.120
29.56833	0.133
29.57000	0.141
29.57167	0.131
29.57333	0.120
29.57500	0.134
29.57667	0.140
29.57833	0.130
29.58000	0.120
29.58167	0.132
29.58333	0.138
29.58500	0.128
29.58667	0.119
29.58833	0.131
29.59000	0.140
29.59167	0.136
29.59333	0.124
29.59500	0.130
29.59667	0.139
29.59833	0.130
29.60000	0.116
29.60167	0.128
29.60333	0.134
29.60500	0.129
29.60667	0.118
29.60833	0.127
29.61000	0.133
29.61167	0.127
29.61333	0.113
29.61500	0.124
29.61667	0.133
29.61833	0.129
29.62000	0.117
29.62167	0.125
29.62333	0.135
29.62500	0.135
29.62667	0.122
29.62833	0.130
29.63000	0.141
29.63167	0.134
29.63333	0.122
29.63500	0.131
29.63667	0.140
29.63833	0.137
29.64000	0.125
29.64167	0.133
29.64333	0.139
29.64500	0.134
29.64667	0.122
29.64833	0.130
29.65000	0.140
29.65167	0.136
29.65333	0.121
29.65500	0.128
29.65667	0.140
29.65833	0.135
29.66000	0.122
29.66167	0.129
29.66333	0.134
29.66500	0.127
29.66667	0.118
29.66833	0.126
29.67000	0.132
29.67167	0.128
29.67333	0.114
29.67500	0.118
29.67667	0.130
29.67833	0.129
29.68000	0.114
29.68167	0.116
29.68333	0.126
29.68500	0.123
29.68667	0.112
29.68833	0.115
29.69000	0.125
29.69167	0.123
29.69333	0.112
29.69500	0.115
29.69667	0.126
29.69833	0.124
29.70000	0.114
29.70167	0.116
29.70333	0.130
29.70500	0.131
29.70667	0.120
29.70833	0.120
29.71000	0.133
29.71167	0.138
29.71333	0.127
29.71500	0.127
29.71667	0.141
29.71833	0.145
29.72000	0.134
29.72167	0.135
29.72333	0.148
29.72500	0.149
29.72667	0.137
29.72833	0.135
29.73000	0.147
29.73167	0.149
29.73333	0.136
29.73500	0.133
29.73667	0.144
29.73833	0.144
29.74000	0.130
29.74167	0.127
29.74333	0.140
29.74500	0.141
29.74667	0.130
29.74833	0.127
29.75000	0.141
29.75167	0.144
29.75333	0.132
29.75500	0.124
29.75667	0.137
29.75833	0.140
29.76000	0.131
29.76167	0.126
29.76333	0.138
29.76500	0.144
29.76667	0.135
29.76833	0.127
29.77000	0.140
29.77167	0.143
29.77333	0.132
29.77500	0.126
29.77667	0.139
29.77833	0.142
29.78000	0.133
29.78167	0.125
29.78333	0.137
29.78500	0.140
29.78667	0.130
29.78833	0.123
29.79000	0.138
29.79167	0.142
29.79333	0.128
29.79500	0.118
29.79667	0.133
29.79833	0.144
29.80000	0.132
29.80167	0.121
29.80333	0.135
29.80500	0.143
29.80667	0.136
29.80833	0.127
29.81000	0.137
29.81167	0.142
29.81333	0.135
29.81500	0.121
29.81667	0.126
29.81833	0.132
29.82000	0.124
29.82167	0.112
29.82333	0.123
29.82500	0.128
29.82667	0.119
29.82833	0.107
29.83000	0.121
29.83167	0.128
29.83333	0.124
29.83500	0.114
29.83667	0.126
29.83833	0.132
29.84000	0.121
29.84167	0.109
29.84333	0.122
29.84500	0.132
29.84667	0.127
29.84833	0.116
29.85000	0.128
29.85167	0.137
29.85333	0.130
29.85500	0.119
29.85667	0.130
29.85833	0.136
29.86000	0.130
29.86167	0.117
29.86333	0.123
29.86500	0.131
29.86667	0.128
29.86833	0.116
29.87000	0.125
29.87167	0.136
29.87333	0.136
29.87500	0.121
29.87667	0.122
29.87833	0.132
29.88000	0.129
29.88167	0.114
29.88333	0.122
29.88500	0.133
29.88667	0.131
29.88833	0.114
29.89000	0.121
29.89167	0.133
29.89333	0.130
29.89500	0.117
29.89667	0.122
29.89833	0.131
29.90000	0.128
29.90167	0.111
29.90333	0.116
29.90500	0.130
29.90667	0.128
29.90833	0.113
29.91000	0.118
29.91167	0.130
29.91333	0.130
29.91500	0.118
29.91667	0.119
29.91833	0.133
29.92000	0.133
29.92167	0.124
29.92333	0.126
29.92500	0.137
29.92667	0.136
29.92833	0.121
29.93000	0.121
29.93167	0.135
29.93333	0.135
29.93500	0.121
29.93667	0.120
29.93833	0.132
29.94000	0.134
29.94167	0.121
29.94333	0.122
29.94500	0.136
29.94667	0.136
29.94833	0.126
29.95000	0.121
29.95167	0.132
29.95333	0.000
29.95500	-0.013
29.95667	-0.019
29.95833	-0.005
29.96000	-0.001
29.96167	-0.010
29.96333	-0.015
29.96500	0.000
29.96667	0.002
29.96833	-0.008
29.97000	-0.009
29.97167	0.006
29.97333	0.009
29.97500	0.001
29.97667	-0.008
29.97833	0.004
29.98000	0.005
29.98167	-0.006
29.98333	-0.012
29.98500	0.003
29.98667	0.009
29.98833	0.000
29.99000	-0.010
29.99167	0.005
29.99333	0.007
29.99500	-0.003
29.99667	-0.012
29.99833	0.001
30.00000	0.005
